timestamp,open,high,low,close,volume
2025-01-02 09:00:00-03:00,6100.0,6102.95,6099.72,6101.59,4320
2025-01-02 09:05:00-03:00,6100.9,6100.9,6095.9,6096.16,5597
2025-01-02 09:10:00-03:00,6095.81,6103.48,6095.81,6100.08,3875
2025-01-02 09:15:00-03:00,6101.88,6106.65,6101.88,6104.99,5752
2025-01-02 09:20:00-03:00,6105.68,6105.68,6092.37,6094.81,3748
2025-01-02 09:25:00-03:00,6094.22,6094.22,6086.86,6088.02,3496
2025-01-02 09:30:00-03:00,6087.95,6096.01,6085.96,6088.68,3196
2025-01-02 09:35:00-03:00,6088.65,6091.49,6085.81,6087.03,3834
2025-01-02 09:40:00-03:00,6086.23,6088.87,6085.47,6086.95,3684
2025-01-02 09:45:00-03:00,6086.15,6086.15,6077.89,6082.5,3403
2025-01-02 09:50:00-03:00,6083.56,6089.3,6082.3,6087.08,3150
2025-01-02 09:55:00-03:00,6086.65,6093.95,6086.65,6091.14,5204
2025-01-02 10:00:00-03:00,6090.0,6092.26,6087.5,6091.48,3045
2025-01-02 10:05:00-03:00,6091.44,6100.54,6091.44,6097.36,4853
2025-01-02 10:10:00-03:00,6097.49,6100.68,6097.49,6099.8,4793
2025-01-02 10:15:00-03:00,6097.74,6097.74,6093.09,6095.32,3208
2025-01-02 10:20:00-03:00,6095.28,6098.5,6095.28,6097.24,4694
2025-01-02 10:25:00-03:00,6098.15,6098.15,6091.01,6092.24,5343
2025-01-02 10:30:00-03:00,6092.71,6098.4,6092.71,6096.82,3953
2025-01-02 10:35:00-03:00,6099.15,6099.15,6095.91,6096.56,4026
2025-01-02 10:40:00-03:00,6097.87,6101.13,6090.28,6095.6,3552
2025-01-02 10:45:00-03:00,6097.11,6097.11,6089.12,6092.05,3440
2025-01-02 10:50:00-03:00,6094.97,6103.28,6094.97,6098.42,3282
2025-01-02 10:55:00-03:00,6099.22,6100.23,6096.35,6097.62,3903
2025-01-02 11:00:00-03:00,6097.79,6099.92,6093.92,6095.38,3907
2025-01-02 11:05:00-03:00,6096.4,6096.4,6092.61,6093.55,6908
2025-01-02 11:10:00-03:00,6092.96,6096.64,6092.96,6096.32,3360
2025-01-02 11:15:00-03:00,6096.43,6099.45,6092.34,6098.23,3776
2025-01-02 11:20:00-03:00,6097.55,6105.63,6097.55,6100.38,3615
2025-01-02 11:25:00-03:00,6100.8,6104.07,6100.8,6102.63,3054
2025-01-02 11:30:00-03:00,6101.95,6115.73,6101.95,6113.83,4126
2025-01-02 11:35:00-03:00,6113.11,6114.14,6108.7,6111.7,3121
2025-01-02 11:40:00-03:00,6112.14,6112.14,6108.79,6109.03,5261
2025-01-02 11:45:00-03:00,6108.88,6108.88,6100.95,6104.77,4690
2025-01-02 11:50:00-03:00,6102.76,6108.44,6102.76,6107.99,3177
2025-01-02 11:55:00-03:00,6106.47,6118.75,6106.47,6113.9,3297
2025-01-02 12:00:00-03:00,6112.7,6113.77,6111.09,6113.3,7275
2025-01-02 12:05:00-03:00,6112.38,6112.38,6107.96,6108.91,3489
2025-01-02 12:10:00-03:00,6109.34,6109.34,6103.43,6104.6,5029
2025-01-02 12:15:00-03:00,6104.83,6110.12,6102.89,6108.0,3331
2025-01-02 12:20:00-03:00,6109.11,6113.29,6109.11,6111.88,3229
2025-01-02 12:25:00-03:00,6112.67,6115.19,6112.67,6114.73,4043
2025-01-02 12:30:00-03:00,6115.85,6115.85,6110.28,6111.24,5095
2025-01-02 12:35:00-03:00,6111.88,6114.04,6110.9,6112.46,3039
2025-01-02 12:40:00-03:00,6112.68,6115.9,6107.35,6113.07,6420
2025-01-02 12:45:00-03:00,6114.22,6114.98,6111.68,6114.21,3348
2025-01-02 12:50:00-03:00,6115.18,6119.97,6115.18,6118.78,4965
2025-01-02 12:55:00-03:00,6119.17,6121.09,6119.17,6119.95,3843
2025-01-02 13:00:00-03:00,6121.28,6125.1,6121.28,6123.5,3559
2025-01-02 13:05:00-03:00,6121.04,6125.0,6121.04,6123.86,3888
2025-01-02 13:10:00-03:00,6123.55,6127.45,6121.3,6125.37,4420
2025-01-02 13:15:00-03:00,6125.05,6131.25,6125.05,6128.68,3446
2025-01-02 13:20:00-03:00,6129.89,6129.89,6118.07,6121.04,3241
2025-01-02 13:25:00-03:00,6122.69,6124.03,6114.73,6119.37,3672
2025-01-02 13:30:00-03:00,6117.85,6119.18,6114.61,6116.91,4217
2025-01-02 13:35:00-03:00,6118.38,6118.38,6107.8,6113.56,3961
2025-01-02 13:40:00-03:00,6112.34,6112.34,6108.16,6112.12,4749
2025-01-02 13:45:00-03:00,6110.93,6120.21,6110.93,6119.95,3496
2025-01-02 13:50:00-03:00,6119.7,6119.7,6114.18,6115.42,4803
2025-01-02 13:55:00-03:00,6115.08,6124.38,6115.08,6120.49,5045
2025-01-02 14:00:00-03:00,6118.86,6118.86,6106.59,6111.68,5082
2025-01-02 14:05:00-03:00,6112.36,6112.36,6109.11,6109.92,4820
2025-01-02 14:10:00-03:00,6110.64,6111.0,6109.53,6110.78,3013
2025-01-02 14:15:00-03:00,6111.88,6115.92,6111.88,6113.84,4803
2025-01-02 14:20:00-03:00,6113.39,6120.44,6113.39,6117.57,3903
2025-01-02 14:25:00-03:00,6117.52,6122.34,6117.52,6121.72,3715
2025-01-02 14:30:00-03:00,6121.69,6121.69,6119.15,6119.89,3324
2025-01-02 14:35:00-03:00,6121.66,6121.66,6115.87,6117.47,3859
2025-01-02 14:40:00-03:00,6114.5,6127.69,6114.5,6121.97,3716
2025-01-02 14:45:00-03:00,6120.96,6121.69,6116.78,6120.96,3800
2025-01-02 14:50:00-03:00,6120.97,6120.97,6113.81,6114.29,5018
2025-01-02 14:55:00-03:00,6113.15,6113.15,6105.01,6108.36,3857
2025-01-02 15:00:00-03:00,6108.09,6108.09,6100.74,6103.55,4766
2025-01-02 15:05:00-03:00,6103.42,6110.29,6103.42,6106.15,3136
2025-01-02 15:10:00-03:00,6105.46,6109.31,6103.86,6106.89,4109
2025-01-02 15:15:00-03:00,6106.96,6113.23,6106.96,6110.5,4854
2025-01-02 15:20:00-03:00,6111.16,6111.16,6108.1,6108.27,3877
2025-01-02 15:25:00-03:00,6108.02,6109.33,6107.88,6109.1,5129
2025-01-02 15:30:00-03:00,6108.62,6114.73,6108.62,6112.37,5105
2025-01-02 15:35:00-03:00,6112.2,6112.2,6107.44,6110.75,3084
2025-01-02 15:40:00-03:00,6110.75,6116.36,6110.75,6113.14,5247
2025-01-02 15:45:00-03:00,6111.32,6111.79,6108.46,6109.68,6434
2025-01-02 15:50:00-03:00,6110.16,6111.42,6105.99,6107.78,3580
2025-01-02 15:55:00-03:00,6107.31,6108.25,6101.74,6105.79,3485
2025-01-02 16:00:00-03:00,6107.1,6107.1,6099.33,6099.54,4434
2025-01-02 16:05:00-03:00,6100.16,6103.7,6098.77,6102.08,4053
2025-01-02 16:10:00-03:00,6103.3,6103.76,6098.24,6099.63,4966
2025-01-02 16:15:00-03:00,6098.58,6101.64,6098.58,6099.7,3993
2025-01-02 16:20:00-03:00,6099.31,6102.35,6099.31,6102.21,3477
2025-01-02 16:25:00-03:00,6100.91,6107.59,6100.11,6104.54,4778
2025-01-02 16:30:00-03:00,6103.8,6110.73,6103.8,6108.02,3999
2025-01-02 16:35:00-03:00,6109.33,6109.33,6107.15,6107.5,3034
2025-01-02 16:40:00-03:00,6109.06,6109.06,6103.34,6105.29,3421
2025-01-02 16:45:00-03:00,6104.09,6111.1,6102.91,6104.87,3219
2025-01-02 16:50:00-03:00,6104.4,6104.4,6095.63,6096.06,3376
2025-01-02 16:55:00-03:00,6095.98,6095.98,6086.26,6088.52,4302
2025-01-02 17:00:00-03:00,6089.13,6089.13,6078.41,6081.63,4185
2025-01-02 17:05:00-03:00,6079.8,6079.8,6075.63,6076.44,5234
2025-01-02 17:10:00-03:00,6074.77,6081.34,6074.77,6078.52,3835
2025-01-02 17:15:00-03:00,6079.03,6079.03,6070.28,6073.81,3830
2025-01-02 17:20:00-03:00,6071.78,6078.02,6068.84,6071.84,3648
2025-01-02 17:25:00-03:00,6071.38,6080.64,6071.38,6078.6,3012
2025-01-02 17:30:00-03:00,6078.77,6078.77,6073.05,6076.75,5289
2025-01-02 17:35:00-03:00,6077.18,6081.09,6077.18,6080.58,4952
2025-01-02 17:40:00-03:00,6080.44,6080.44,6073.12,6075.73,4171
2025-01-02 17:45:00-03:00,6075.35,6076.71,6072.77,6074.66,6208
2025-01-02 17:50:00-03:00,6075.54,6075.54,6069.28,6069.72,5112
2025-01-02 17:55:00-03:00,6070.02,6070.02,6064.35,6067.96,3551
2025-01-03 09:00:00-03:00,6067.29,6077.12,6067.29,6072.33,3044
2025-01-03 09:05:00-03:00,6072.37,6072.37,6059.48,6063.36,6285
2025-01-03 09:10:00-03:00,6063.75,6066.69,6063.75,6065.61,5735
2025-01-03 09:15:00-03:00,6067.39,6069.68,6062.55,6066.84,3003
2025-01-03 09:20:00-03:00,6067.66,6067.66,6062.39,6063.76,5955
2025-01-03 09:25:00-03:00,6065.02,6065.02,6055.28,6056.26,4047
2025-01-03 09:30:00-03:00,6055.63,6056.96,6051.69,6056.63,4295
2025-01-03 09:35:00-03:00,6056.09,6061.83,6051.69,6053.89,3719
2025-01-03 09:40:00-03:00,6053.65,6058.41,6053.65,6055.09,3082
2025-01-03 09:45:00-03:00,6054.95,6060.1,6053.09,6055.21,4822
2025-01-03 09:50:00-03:00,6054.16,6064.93,6054.16,6063.52,3518
2025-01-03 09:55:00-03:00,6064.83,6067.42,6059.78,6062.27,4035
2025-01-03 10:00:00-03:00,6063.19,6063.19,6056.1,6056.96,5127
2025-01-03 10:05:00-03:00,6056.65,6057.93,6052.3,6057.89,3068
2025-01-03 10:10:00-03:00,6058.56,6061.9,6058.56,6059.04,4636
2025-01-03 10:15:00-03:00,6059.27,6066.81,6059.27,6066.09,4027
2025-01-03 10:20:00-03:00,6066.84,6071.62,6066.84,6070.43,5110
2025-01-03 10:25:00-03:00,6069.03,6073.22,6069.03,6072.28,3410
2025-01-03 10:30:00-03:00,6072.13,6081.71,6072.13,6079.89,3652
2025-01-03 10:35:00-03:00,6079.83,6079.83,6073.66,6073.71,3197
2025-01-03 10:40:00-03:00,6074.36,6074.36,6066.74,6070.38,3758
2025-01-03 10:45:00-03:00,6069.73,6069.73,6065.55,6065.57,3002
2025-01-03 10:50:00-03:00,6062.98,6064.71,6061.55,6063.55,3663
2025-01-03 10:55:00-03:00,6062.43,6062.43,6055.77,6056.41,4439
2025-01-03 11:00:00-03:00,6056.34,6062.82,6056.21,6059.7,3304
2025-01-03 11:05:00-03:00,6059.77,6059.77,6057.49,6058.55,5244
2025-01-03 11:10:00-03:00,6060.29,6060.29,6049.4,6050.92,5519
2025-01-03 11:15:00-03:00,6051.53,6051.53,6039.28,6045.67,5590
2025-01-03 11:20:00-03:00,6045.75,6053.95,6045.68,6047.29,3926
2025-01-03 11:25:00-03:00,6047.26,6053.57,6047.26,6051.63,4727
2025-01-03 11:30:00-03:00,6052.78,6063.3,6052.78,6061.98,3450
2025-01-03 11:35:00-03:00,6061.37,6077.91,6061.37,6077.12,3204
2025-01-03 11:40:00-03:00,6076.97,6080.55,6076.97,6079.27,3097
2025-01-03 11:45:00-03:00,6078.14,6078.14,6073.99,6074.13,3657
2025-01-03 11:50:00-03:00,6075.6,6075.6,6060.23,6063.05,3237
2025-01-03 11:55:00-03:00,6063.46,6065.57,6062.84,6064.44,7064
2025-01-03 12:00:00-03:00,6063.71,6063.71,6057.67,6060.22,3485
2025-01-03 12:05:00-03:00,6060.11,6060.11,6056.67,6058.07,3637
2025-01-03 12:10:00-03:00,6058.6,6059.91,6054.87,6054.9,5460
2025-01-03 12:15:00-03:00,6054.64,6054.64,6053.35,6054.17,5529
2025-01-03 12:20:00-03:00,6053.61,6063.04,6053.4,6059.69,5044
2025-01-03 12:25:00-03:00,6059.02,6061.19,6058.39,6060.51,3524
2025-01-03 12:30:00-03:00,6060.86,6061.83,6058.91,6059.69,5349
2025-01-03 12:35:00-03:00,6059.31,6059.31,6052.37,6054.32,5279
2025-01-03 12:40:00-03:00,6053.85,6053.85,6041.02,6045.64,4519
2025-01-03 12:45:00-03:00,6044.26,6044.26,6040.83,6043.13,3525
2025-01-03 12:50:00-03:00,6043.21,6044.13,6041.1,6042.85,3249
2025-01-03 12:55:00-03:00,6042.66,6052.95,6042.66,6052.0,5070
2025-01-03 13:00:00-03:00,6051.67,6053.42,6051.67,6052.68,4816
2025-01-03 13:05:00-03:00,6052.88,6058.82,6052.88,6057.77,4737
2025-01-03 13:10:00-03:00,6058.54,6060.97,6053.22,6055.18,3685
2025-01-03 13:15:00-03:00,6055.91,6055.91,6048.04,6049.04,3523
2025-01-03 13:20:00-03:00,6049.61,6049.61,6043.49,6044.05,4150
2025-01-03 13:25:00-03:00,6043.8,6043.8,6040.19,6040.3,4224
2025-01-03 13:30:00-03:00,6039.71,6054.26,6039.71,6051.31,3285
2025-01-03 13:35:00-03:00,6050.23,6050.23,6046.47,6047.06,3526
2025-01-03 13:40:00-03:00,6046.44,6057.57,6046.44,6051.4,4699
2025-01-03 13:45:00-03:00,6051.42,6051.42,6045.07,6046.73,5496
2025-01-03 13:50:00-03:00,6045.91,6057.3,6045.91,6051.55,4124
2025-01-03 13:55:00-03:00,6051.65,6057.35,6050.82,6053.54,3395
2025-01-03 14:00:00-03:00,6052.54,6053.17,6051.62,6052.73,3526
2025-01-03 14:05:00-03:00,6051.01,6055.11,6051.01,6052.52,3729
2025-01-03 14:10:00-03:00,6053.37,6053.37,6044.57,6049.13,3783
2025-01-03 14:15:00-03:00,6048.64,6055.46,6048.64,6051.44,5825
2025-01-03 14:20:00-03:00,6050.57,6050.57,6047.18,6049.08,3633
2025-01-03 14:25:00-03:00,6047.95,6047.95,6040.23,6042.74,3797
2025-01-03 14:30:00-03:00,6043.18,6043.18,6035.3,6036.13,5638
2025-01-03 14:35:00-03:00,6037.56,6037.56,6033.48,6037.03,3673
2025-01-03 14:40:00-03:00,6036.61,6052.35,6036.61,6045.19,3132
2025-01-03 14:45:00-03:00,6044.97,6048.18,6040.45,6046.02,4879
2025-01-03 14:50:00-03:00,6047.13,6048.12,6044.78,6045.41,3258
2025-01-03 14:55:00-03:00,6043.53,6049.07,6043.53,6046.88,5233
2025-01-03 15:00:00-03:00,6048.92,6057.48,6048.92,6053.65,4121
2025-01-03 15:05:00-03:00,6056.18,6056.18,6051.97,6054.78,3629
2025-01-03 15:10:00-03:00,6051.98,6057.98,6049.27,6052.66,3415
2025-01-03 15:15:00-03:00,6052.55,6058.88,6052.55,6058.39,3150
2025-01-03 15:20:00-03:00,6057.64,6062.72,6057.64,6060.61,4142
2025-01-03 15:25:00-03:00,6060.34,6071.1,6060.34,6068.58,4703
2025-01-03 15:30:00-03:00,6068.15,6069.99,6067.59,6069.54,3306
2025-01-03 15:35:00-03:00,6070.38,6070.38,6060.56,6063.18,4049
2025-01-03 15:40:00-03:00,6063.06,6063.06,6053.71,6056.08,5673
2025-01-03 15:45:00-03:00,6055.14,6066.59,6055.14,6064.65,4027
2025-01-03 15:50:00-03:00,6064.47,6075.29,6064.47,6073.6,5511
2025-01-03 15:55:00-03:00,6074.14,6074.28,6072.23,6072.67,3176
2025-01-03 16:00:00-03:00,6071.44,6071.44,6067.37,6070.68,4745
2025-01-03 16:05:00-03:00,6068.96,6078.79,6068.96,6078.27,5146
2025-01-03 16:10:00-03:00,6080.35,6080.35,6072.28,6072.52,4735
2025-01-03 16:15:00-03:00,6071.85,6073.55,6065.39,6067.87,5475
2025-01-03 16:20:00-03:00,6067.73,6071.6,6067.73,6071.21,3200
2025-01-03 16:25:00-03:00,6070.8,6070.8,6068.75,6069.16,3620
2025-01-03 16:30:00-03:00,6069.73,6072.28,6068.38,6069.13,5256
2025-01-03 16:35:00-03:00,6070.98,6072.37,6063.77,6068.29,3788
2025-01-03 16:40:00-03:00,6068.89,6074.12,6067.3,6070.04,5987
2025-01-03 16:45:00-03:00,6068.46,6079.95,6068.46,6077.36,4554
2025-01-03 16:50:00-03:00,6075.92,6078.74,6075.92,6077.83,3862
2025-01-03 16:55:00-03:00,6077.41,6082.43,6077.41,6081.18,4203
2025-01-03 17:00:00-03:00,6080.9,6080.9,6067.82,6070.52,4943
2025-01-03 17:05:00-03:00,6068.73,6074.11,6067.18,6070.26,4654
2025-01-03 17:10:00-03:00,6071.11,6071.11,6065.27,6065.88,3229
2025-01-03 17:15:00-03:00,6064.76,6064.76,6059.07,6059.56,6640
2025-01-03 17:20:00-03:00,6061.11,6061.11,6053.18,6055.01,3586
2025-01-03 17:25:00-03:00,6056.89,6056.89,6049.57,6053.27,5205
2025-01-03 17:30:00-03:00,6053.02,6060.88,6053.02,6058.02,4850
2025-01-03 17:35:00-03:00,6058.48,6058.48,6050.4,6051.15,3694
2025-01-03 17:40:00-03:00,6049.87,6051.6,6046.66,6051.31,4784
2025-01-03 17:45:00-03:00,6051.95,6052.92,6044.92,6048.8,3787
2025-01-03 17:50:00-03:00,6048.28,6048.28,6047.08,6047.1,5900
2025-01-03 17:55:00-03:00,6045.98,6058.61,6045.98,6052.3,5125
2025-01-06 09:00:00-03:00,6052.0,6056.39,6052.0,6055.08,4721
2025-01-06 09:05:00-03:00,6054.6,6063.83,6054.6,6062.02,4413
2025-01-06 09:10:00-03:00,6061.68,6061.68,6058.35,6061.22,3646
2025-01-06 09:15:00-03:00,6062.2,6062.2,6055.82,6057.61,4772
2025-01-06 09:20:00-03:00,6056.79,6057.16,6053.71,6056.45,5291
2025-01-06 09:25:00-03:00,6058.25,6059.75,6057.0,6057.7,3691
2025-01-06 09:30:00-03:00,6056.33,6062.59,6053.82,6058.62,3572
2025-01-06 09:35:00-03:00,6060.29,6060.29,6050.5,6053.0,4718
2025-01-06 09:40:00-03:00,6051.95,6055.24,6051.95,6053.47,6071
2025-01-06 09:45:00-03:00,6053.47,6056.24,6053.47,6054.65,3036
2025-01-06 09:50:00-03:00,6054.14,6071.89,6054.14,6067.71,5095
2025-01-06 09:55:00-03:00,6067.35,6079.21,6067.35,6077.47,4340
2025-01-06 10:00:00-03:00,6078.3,6078.3,6072.67,6073.03,3781
2025-01-06 10:05:00-03:00,6074.59,6074.59,6069.41,6071.54,3769
2025-01-06 10:10:00-03:00,6072.77,6072.77,6061.35,6063.94,5169
2025-01-06 10:15:00-03:00,6063.52,6063.52,6059.11,6060.87,5193
2025-01-06 10:20:00-03:00,6061.06,6066.81,6060.72,6062.51,5815
2025-01-06 10:25:00-03:00,6061.7,6069.57,6061.7,6068.77,3824
2025-01-06 10:30:00-03:00,6067.74,6067.74,6060.36,6064.98,3181
2025-01-06 10:35:00-03:00,6063.79,6064.6,6057.38,6061.59,4549
2025-01-06 10:40:00-03:00,6061.13,6061.13,6049.53,6050.46,3392
2025-01-06 10:45:00-03:00,6050.72,6050.72,6048.42,6049.62,5024
2025-01-06 10:50:00-03:00,6047.64,6047.64,6042.07,6044.12,3699
2025-01-06 10:55:00-03:00,6044.07,6044.07,6038.13,6041.38,4197
2025-01-06 11:00:00-03:00,6042.94,6042.94,6035.18,6036.85,3749
2025-01-06 11:05:00-03:00,6038.0,6038.89,6034.46,6036.36,3107
2025-01-06 11:10:00-03:00,6035.75,6035.75,6026.46,6027.28,4523
2025-01-06 11:15:00-03:00,6025.84,6025.84,6019.13,6019.72,5359
2025-01-06 11:20:00-03:00,6020.19,6032.94,6020.19,6030.7,3739
2025-01-06 11:25:00-03:00,6028.31,6028.31,6023.75,6024.06,5691
2025-01-06 11:30:00-03:00,6025.2,6025.2,6010.49,6018.41,3240
2025-01-06 11:35:00-03:00,6018.19,6028.79,6018.19,6027.88,3823
2025-01-06 11:40:00-03:00,6029.77,6049.02,6029.77,6042.88,5637
2025-01-06 11:45:00-03:00,6041.1,6041.1,6035.67,6036.83,3867
2025-01-06 11:50:00-03:00,6037.78,6037.78,6034.66,6034.92,3267
2025-01-06 11:55:00-03:00,6034.82,6040.76,6032.45,6036.69,4080
2025-01-06 12:00:00-03:00,6036.35,6050.03,6036.35,6045.63,4856
2025-01-06 12:05:00-03:00,6044.21,6044.25,6039.39,6040.52,4066
2025-01-06 12:10:00-03:00,6041.14,6042.12,6036.56,6039.26,3875
2025-01-06 12:15:00-03:00,6039.95,6046.78,6039.95,6043.27,4903
2025-01-06 12:20:00-03:00,6045.12,6047.45,6043.2,6045.52,4335
2025-01-06 12:25:00-03:00,6046.57,6046.57,6037.27,6043.58,4949
2025-01-06 12:30:00-03:00,6042.96,6044.48,6041.65,6042.89,3165
2025-01-06 12:35:00-03:00,6041.85,6041.85,6033.81,6035.78,4294
2025-01-06 12:40:00-03:00,6034.37,6039.36,6033.64,6034.55,6164
2025-01-06 12:45:00-03:00,6036.07,6036.07,6031.1,6033.17,5290
2025-01-06 12:50:00-03:00,6032.37,6038.37,6032.37,6034.37,5139
2025-01-06 12:55:00-03:00,6035.9,6035.9,6028.18,6031.5,3847
2025-01-06 13:00:00-03:00,6032.05,6034.2,6032.05,6033.94,5437
2025-01-06 13:05:00-03:00,6034.28,6042.1,6034.28,6039.17,3284
2025-01-06 13:10:00-03:00,6038.85,6045.42,6038.67,6039.97,4498
2025-01-06 13:15:00-03:00,6040.66,6043.29,6037.91,6041.79,5993
2025-01-06 13:20:00-03:00,6041.78,6042.11,6037.66,6042.07,3749
2025-01-06 13:25:00-03:00,6041.69,6046.78,6040.88,6042.07,5810
2025-01-06 13:30:00-03:00,6042.79,6042.79,6036.15,6038.34,4170
2025-01-06 13:35:00-03:00,6038.19,6042.63,6035.98,6039.97,5320
2025-01-06 13:40:00-03:00,6039.15,6042.1,6038.85,6039.47,4916
2025-01-06 13:45:00-03:00,6040.09,6050.57,6040.09,6050.3,3771
2025-01-06 13:50:00-03:00,6050.24,6059.08,6050.24,6058.45,4592
2025-01-06 13:55:00-03:00,6058.96,6062.94,6058.2,6060.46,3238
2025-01-06 14:00:00-03:00,6059.99,6059.99,6055.57,6056.5,3855
2025-01-06 14:05:00-03:00,6055.25,6055.25,6049.88,6050.74,3806
2025-01-06 14:10:00-03:00,6052.53,6059.49,6052.53,6056.91,3323
2025-01-06 14:15:00-03:00,6058.51,6058.61,6053.37,6058.27,4642
2025-01-06 14:20:00-03:00,6059.19,6060.94,6058.83,6060.76,3847
2025-01-06 14:25:00-03:00,6060.36,6060.36,6051.6,6051.72,3919
2025-01-06 14:30:00-03:00,6051.41,6059.04,6051.41,6056.52,4341
2025-01-06 14:35:00-03:00,6057.96,6060.8,6057.43,6058.88,3468
2025-01-06 14:40:00-03:00,6058.51,6058.51,6052.82,6053.12,4752
2025-01-06 14:45:00-03:00,6052.47,6057.42,6050.19,6050.68,4035
2025-01-06 14:50:00-03:00,6052.62,6053.02,6049.31,6052.05,3002
2025-01-06 14:55:00-03:00,6052.0,6053.5,6048.96,6052.32,3724
2025-01-06 15:00:00-03:00,6054.15,6054.15,6047.85,6050.8,3441
2025-01-06 15:05:00-03:00,6049.36,6052.39,6049.15,6050.27,4035
2025-01-06 15:10:00-03:00,6050.81,6050.81,6048.71,6048.96,4333
2025-01-06 15:15:00-03:00,6051.11,6051.11,6044.6,6049.75,5127
2025-01-06 15:20:00-03:00,6049.78,6058.78,6049.78,6057.38,4490
2025-01-06 15:25:00-03:00,6057.1,6057.1,6042.36,6044.09,3493
2025-01-06 15:30:00-03:00,6042.88,6043.92,6041.44,6042.86,5420
2025-01-06 15:35:00-03:00,6043.98,6044.01,6039.48,6043.77,4581
2025-01-06 15:40:00-03:00,6042.98,6047.88,6038.03,6045.3,5461
2025-01-06 15:45:00-03:00,6045.21,6045.21,6040.79,6043.38,5027
2025-01-06 15:50:00-03:00,6042.11,6042.11,6027.25,6034.3,5024
2025-01-06 15:55:00-03:00,6035.91,6040.95,6034.47,6035.99,4761
2025-01-06 16:00:00-03:00,6037.19,6048.18,6037.19,6044.93,6782
2025-01-06 16:05:00-03:00,6044.89,6044.89,6036.89,6036.99,3108
2025-01-06 16:10:00-03:00,6035.8,6041.86,6035.8,6041.46,4683
2025-01-06 16:15:00-03:00,6043.05,6043.05,6037.57,6039.76,5386
2025-01-06 16:20:00-03:00,6039.38,6041.26,6034.69,6039.44,4306
2025-01-06 16:25:00-03:00,6038.3,6038.3,6033.0,6034.0,5627
2025-01-06 16:30:00-03:00,6032.18,6033.41,6030.88,6032.28,6341
2025-01-06 16:35:00-03:00,6031.61,6042.41,6031.61,6038.99,3552
2025-01-06 16:40:00-03:00,6037.49,6043.72,6037.49,6042.01,3625
2025-01-06 16:45:00-03:00,6041.36,6051.01,6041.36,6050.97,4728
2025-01-06 16:50:00-03:00,6051.74,6058.27,6051.74,6057.07,4947
2025-01-06 16:55:00-03:00,6056.68,6060.47,6055.29,6059.35,4431
2025-01-06 17:00:00-03:00,6059.72,6069.25,6059.72,6068.4,5025
2025-01-06 17:05:00-03:00,6067.65,6072.2,6067.62,6070.68,4293
2025-01-06 17:10:00-03:00,6070.75,6077.34,6070.75,6074.98,3763
2025-01-06 17:15:00-03:00,6076.98,6076.98,6070.32,6073.44,5506
2025-01-06 17:20:00-03:00,6073.08,6079.07,6065.62,6073.79,6100
2025-01-06 17:25:00-03:00,6074.19,6074.19,6067.45,6070.16,4556
2025-01-06 17:30:00-03:00,6068.54,6077.29,6068.54,6075.31,3270
2025-01-06 17:35:00-03:00,6076.89,6076.89,6067.61,6069.18,4927
2025-01-06 17:40:00-03:00,6068.69,6077.97,6068.69,6073.25,3312
2025-01-06 17:45:00-03:00,6074.34,6074.55,6070.66,6072.26,3546
2025-01-06 17:50:00-03:00,6072.13,6078.91,6072.13,6078.35,3124
2025-01-06 17:55:00-03:00,6078.98,6082.35,6078.98,6082.26,5327
2025-01-07 09:00:00-03:00,6082.96,6092.0,6082.96,6091.74,5828
2025-01-07 09:05:00-03:00,6091.27,6095.85,6091.27,6095.55,4506
2025-01-07 09:10:00-03:00,6096.69,6096.69,6087.2,6087.36,3503
2025-01-07 09:15:00-03:00,6086.57,6089.22,6085.01,6087.01,3442
2025-01-07 09:20:00-03:00,6087.82,6087.82,6080.46,6080.9,3539
2025-01-07 09:25:00-03:00,6080.5,6080.5,6077.59,6078.21,4694
2025-01-07 09:30:00-03:00,6078.57,6088.2,6078.57,6086.07,3484
2025-01-07 09:35:00-03:00,6085.59,6091.23,6085.59,6089.4,4996
2025-01-07 09:40:00-03:00,6089.45,6089.45,6084.64,6085.76,3105
2025-01-07 09:45:00-03:00,6084.64,6084.64,6079.31,6080.48,4752
2025-01-07 09:50:00-03:00,6080.73,6083.49,6080.27,6080.65,4677
2025-01-07 09:55:00-03:00,6080.69,6080.69,6074.1,6074.32,5468
2025-01-07 10:00:00-03:00,6073.76,6073.76,6068.58,6070.83,3088
2025-01-07 10:05:00-03:00,6070.77,6078.15,6070.77,6072.45,3311
2025-01-07 10:10:00-03:00,6072.59,6079.89,6072.59,6078.46,6017
2025-01-07 10:15:00-03:00,6077.82,6084.83,6077.82,6081.63,3895
2025-01-07 10:20:00-03:00,6081.49,6081.49,6065.5,6069.71,3691
2025-01-07 10:25:00-03:00,6068.67,6071.94,6068.67,6071.29,3291
2025-01-07 10:30:00-03:00,6073.73,6074.29,6070.2,6071.67,6231
2025-01-07 10:35:00-03:00,6072.77,6075.08,6072.01,6073.82,3310
2025-01-07 10:40:00-03:00,6074.1,6085.4,6074.1,6082.23,3549
2025-01-07 10:45:00-03:00,6083.45,6083.45,6069.2,6071.5,4925
2025-01-07 10:50:00-03:00,6069.44,6072.38,6065.04,6068.43,3982
2025-01-07 10:55:00-03:00,6065.77,6072.43,6065.77,6071.5,6363
2025-01-07 11:00:00-03:00,6071.08,6071.08,6058.47,6063.28,4495
2025-01-07 11:05:00-03:00,6061.85,6071.74,6061.85,6070.95,4645
2025-01-07 11:10:00-03:00,6070.7,6074.42,6066.21,6072.86,4105
2025-01-07 11:15:00-03:00,6073.07,6081.7,6073.07,6077.26,7075
2025-01-07 11:20:00-03:00,6078.22,6078.22,6072.84,6074.29,3672
2025-01-07 11:25:00-03:00,6073.11,6080.62,6073.11,6078.53,5138
2025-01-07 11:30:00-03:00,6078.94,6084.41,6078.94,6084.09,3010
2025-01-07 11:35:00-03:00,6084.1,6086.83,6081.86,6085.3,4344
2025-01-07 11:40:00-03:00,6085.66,6086.55,6085.53,6086.52,5462
2025-01-07 11:45:00-03:00,6085.98,6091.67,6085.85,6087.93,5402
2025-01-07 11:50:00-03:00,6089.37,6089.37,6080.99,6083.43,5155
2025-01-07 11:55:00-03:00,6083.33,6087.12,6079.81,6082.66,3151
2025-01-07 12:00:00-03:00,6084.51,6084.51,6077.67,6081.87,3154
2025-01-07 12:05:00-03:00,6081.05,6088.51,6081.05,6083.87,4677
2025-01-07 12:10:00-03:00,6084.64,6089.63,6084.64,6089.08,3151
2025-01-07 12:15:00-03:00,6089.01,6089.01,6081.94,6083.56,4718
2025-01-07 12:20:00-03:00,6083.22,6087.84,6081.22,6082.91,4780
2025-01-07 12:25:00-03:00,6083.57,6092.41,6083.57,6090.63,7091
2025-01-07 12:30:00-03:00,6090.32,6090.32,6083.41,6086.75,3725
2025-01-07 12:35:00-03:00,6083.98,6083.98,6078.57,6082.47,3952
2025-01-07 12:40:00-03:00,6079.28,6086.34,6079.28,6083.52,6800
2025-01-07 12:45:00-03:00,6084.85,6089.33,6084.85,6087.92,5526
2025-01-07 12:50:00-03:00,6089.2,6090.97,6085.1,6087.98,5332
2025-01-07 12:55:00-03:00,6089.95,6096.33,6089.95,6094.91,4543
2025-01-07 13:00:00-03:00,6094.89,6100.02,6094.89,6099.38,3556
2025-01-07 13:05:00-03:00,6098.03,6104.16,6098.03,6103.78,3982
2025-01-07 13:10:00-03:00,6103.34,6107.13,6103.34,6106.67,5223
2025-01-07 13:15:00-03:00,6106.69,6121.59,6106.69,6118.85,3299
2025-01-07 13:20:00-03:00,6117.8,6120.04,6115.9,6117.78,3607
2025-01-07 13:25:00-03:00,6119.5,6119.5,6107.05,6107.3,3107
2025-01-07 13:30:00-03:00,6109.64,6117.3,6109.64,6115.69,3941
2025-01-07 13:35:00-03:00,6116.19,6116.19,6113.27,6113.29,3860
2025-01-07 13:40:00-03:00,6113.28,6115.11,6111.78,6113.86,3617
2025-01-07 13:45:00-03:00,6112.5,6121.78,6112.5,6120.71,3277
2025-01-07 13:50:00-03:00,6122.33,6122.33,6107.58,6112.33,6197
2025-01-07 13:55:00-03:00,6112.41,6112.41,6105.08,6105.78,3658
2025-01-07 14:00:00-03:00,6105.48,6105.48,6095.53,6097.42,4726
2025-01-07 14:05:00-03:00,6097.92,6097.92,6091.77,6093.28,4606
2025-01-07 14:10:00-03:00,6092.66,6096.38,6092.66,6095.57,3787
2025-01-07 14:15:00-03:00,6095.72,6103.58,6095.72,6098.3,4084
2025-01-07 14:20:00-03:00,6096.8,6104.28,6096.8,6099.75,3593
2025-01-07 14:25:00-03:00,6100.88,6100.88,6090.94,6092.37,4032
2025-01-07 14:30:00-03:00,6092.27,6092.27,6079.23,6080.34,3074
2025-01-07 14:35:00-03:00,6081.55,6081.55,6079.16,6080.62,6610
2025-01-07 14:40:00-03:00,6080.41,6080.41,6075.28,6078.17,5141
2025-01-07 14:45:00-03:00,6078.03,6085.98,6078.03,6080.56,4765
2025-01-07 14:50:00-03:00,6079.3,6085.23,6079.3,6084.21,4146
2025-01-07 14:55:00-03:00,6085.0,6085.92,6080.67,6084.93,5645
2025-01-07 15:00:00-03:00,6084.02,6094.36,6084.02,6088.89,5155
2025-01-07 15:05:00-03:00,6088.39,6092.28,6088.39,6090.09,5055
2025-01-07 15:10:00-03:00,6090.09,6096.59,6090.09,6092.85,4486
2025-01-07 15:15:00-03:00,6092.98,6093.06,6088.77,6089.18,3846
2025-01-07 15:20:00-03:00,6087.4,6089.18,6081.09,6088.24,3842
2025-01-07 15:25:00-03:00,6088.0,6089.39,6086.9,6089.27,4849
2025-01-07 15:30:00-03:00,6090.1,6097.01,6090.1,6093.55,4730
2025-01-07 15:35:00-03:00,6093.15,6095.88,6090.56,6091.49,3768
2025-01-07 15:40:00-03:00,6091.26,6097.17,6091.26,6094.21,3146
2025-01-07 15:45:00-03:00,6094.38,6095.28,6089.88,6092.82,3279
2025-01-07 15:50:00-03:00,6092.69,6092.74,6091.37,6092.21,4281
2025-01-07 15:55:00-03:00,6091.13,6097.68,6091.13,6096.54,8153
2025-01-07 16:00:00-03:00,6096.5,6096.5,6085.3,6086.15,3628
2025-01-07 16:05:00-03:00,6087.18,6087.18,6078.55,6079.4,4102
2025-01-07 16:10:00-03:00,6078.3,6078.3,6071.28,6071.69,4944
2025-01-07 16:15:00-03:00,6071.3,6071.3,6058.82,6059.57,3487
2025-01-07 16:20:00-03:00,6058.14,6059.88,6050.25,6056.06,4410
2025-01-07 16:25:00-03:00,6057.03,6060.42,6054.13,6059.94,3701
2025-01-07 16:30:00-03:00,6059.85,6059.85,6057.46,6058.46,3678
2025-01-07 16:35:00-03:00,6057.58,6060.48,6057.58,6059.49,3694
2025-01-07 16:40:00-03:00,6059.59,6067.26,6059.59,6065.14,5977
2025-01-07 16:45:00-03:00,6063.89,6074.54,6063.89,6072.04,4103
2025-01-07 16:50:00-03:00,6070.96,6074.97,6069.57,6071.68,3179
2025-01-07 16:55:00-03:00,6070.16,6082.29,6070.16,6078.72,3958
2025-01-07 17:00:00-03:00,6077.61,6081.78,6077.61,6079.2,4338
2025-01-07 17:05:00-03:00,6080.61,6080.61,6074.55,6074.84,4916
2025-01-07 17:10:00-03:00,6074.08,6074.08,6071.48,6071.75,3642
2025-01-07 17:15:00-03:00,6072.24,6072.24,6063.86,6064.06,4576
2025-01-07 17:20:00-03:00,6063.19,6063.19,6058.97,6059.45,3997
2025-01-07 17:25:00-03:00,6060.24,6060.24,6056.94,6057.6,4377
2025-01-07 17:30:00-03:00,6056.53,6061.98,6056.53,6061.77,4357
2025-01-07 17:35:00-03:00,6061.81,6074.36,6061.81,6070.7,5269
2025-01-07 17:40:00-03:00,6070.76,6070.76,6060.8,6063.52,5502
2025-01-07 17:45:00-03:00,6065.94,6067.18,6061.02,6065.56,4360
2025-01-07 17:50:00-03:00,6066.22,6066.22,6057.92,6060.16,4234
2025-01-07 17:55:00-03:00,6059.55,6068.23,6059.55,6062.62,6977
2025-01-08 09:00:00-03:00,6063.34,6063.34,6060.63,6061.94,3738
2025-01-08 09:05:00-03:00,6064.16,6064.16,6048.75,6052.45,4589
2025-01-08 09:10:00-03:00,6050.76,6061.43,6050.76,6057.26,3864
2025-01-08 09:15:00-03:00,6056.39,6056.39,6052.55,6054.13,3645
2025-01-08 09:20:00-03:00,6053.88,6054.57,6050.93,6051.36,4611
2025-01-08 09:25:00-03:00,6050.93,6050.93,6043.61,6045.82,3782
2025-01-08 09:30:00-03:00,6045.48,6047.39,6039.89,6042.44,3738
2025-01-08 09:35:00-03:00,6041.09,6047.34,6041.09,6044.65,4024
2025-01-08 09:40:00-03:00,6046.1,6046.1,6043.21,6043.67,4106
2025-01-08 09:45:00-03:00,6042.2,6049.02,6037.98,6045.37,3406
2025-01-08 09:50:00-03:00,6045.17,6047.47,6045.17,6047.25,3424
2025-01-08 09:55:00-03:00,6048.33,6054.62,6048.33,6054.09,5811
2025-01-08 10:00:00-03:00,6054.05,6055.36,6049.19,6052.31,3591
2025-01-08 10:05:00-03:00,6051.3,6051.3,6043.71,6044.66,3516
2025-01-08 10:10:00-03:00,6043.27,6052.76,6043.27,6050.19,3865
2025-01-08 10:15:00-03:00,6049.95,6049.95,6045.73,6048.47,3884
2025-01-08 10:20:00-03:00,6047.69,6056.39,6047.69,6054.24,5556
2025-01-08 10:25:00-03:00,6054.46,6059.68,6052.08,6056.23,5357
2025-01-08 10:30:00-03:00,6054.78,6059.87,6054.78,6055.55,4810
2025-01-08 10:35:00-03:00,6056.4,6059.5,6050.49,6057.36,3275
2025-01-08 10:40:00-03:00,6057.48,6069.05,6057.48,6067.48,4614
2025-01-08 10:45:00-03:00,6067.68,6079.3,6067.68,6078.28,5679
2025-01-08 10:50:00-03:00,6079.78,6083.47,6078.02,6078.64,3823
2025-01-08 10:55:00-03:00,6078.18,6081.24,6077.61,6079.47,5050
2025-01-08 11:00:00-03:00,6078.72,6085.1,6078.72,6085.08,3396
2025-01-08 11:05:00-03:00,6084.51,6084.51,6077.28,6080.67,4613
2025-01-08 11:10:00-03:00,6080.47,6084.42,6080.47,6082.41,3670
2025-01-08 11:15:00-03:00,6082.31,6086.59,6082.19,6082.27,3071
2025-01-08 11:20:00-03:00,6081.41,6085.69,6081.41,6083.91,5182
2025-01-08 11:25:00-03:00,6081.8,6081.8,6076.38,6079.57,3686
2025-01-08 11:30:00-03:00,6078.99,6078.99,6069.09,6071.3,4140
2025-01-08 11:35:00-03:00,6071.68,6071.68,6059.73,6060.54,3238
2025-01-08 11:40:00-03:00,6060.68,6060.68,6054.57,6054.75,4241
2025-01-08 11:45:00-03:00,6055.99,6055.99,6048.34,6052.37,3630
2025-01-08 11:50:00-03:00,6054.4,6054.4,6047.44,6050.85,3773
2025-01-08 11:55:00-03:00,6051.64,6064.7,6051.64,6060.89,5050
2025-01-08 12:00:00-03:00,6062.33,6068.75,6061.49,6066.63,3262
2025-01-08 12:05:00-03:00,6067.43,6067.43,6060.14,6061.64,3176
2025-01-08 12:10:00-03:00,6063.41,6063.68,6058.97,6063.44,3817
2025-01-08 12:15:00-03:00,6065.36,6065.36,6053.26,6061.33,4247
2025-01-08 12:20:00-03:00,6062.32,6062.32,6057.96,6059.86,3716
2025-01-08 12:25:00-03:00,6060.59,6060.83,6060.57,6060.82,3454
2025-01-08 12:30:00-03:00,6060.61,6066.99,6060.61,6064.03,4399
2025-01-08 12:35:00-03:00,6063.99,6065.4,6059.99,6062.27,4309
2025-01-08 12:40:00-03:00,6061.92,6068.65,6061.92,6067.79,4980
2025-01-08 12:45:00-03:00,6068.44,6068.44,6059.67,6061.87,7792
2025-01-08 12:50:00-03:00,6061.12,6063.62,6060.74,6061.9,3105
2025-01-08 12:55:00-03:00,6061.7,6076.91,6061.7,6075.39,4232
2025-01-08 13:00:00-03:00,6072.94,6078.08,6072.94,6076.55,3596
2025-01-08 13:05:00-03:00,6078.35,6084.24,6078.35,6084.01,5956
2025-01-08 13:10:00-03:00,6083.78,6087.01,6083.78,6084.49,3970
2025-01-08 13:15:00-03:00,6084.96,6090.0,6084.96,6087.51,3705
2025-01-08 13:20:00-03:00,6089.03,6090.99,6086.01,6087.22,4544
2025-01-08 13:25:00-03:00,6087.53,6087.53,6082.87,6086.33,3613
2025-01-08 13:30:00-03:00,6087.83,6087.83,6077.12,6082.27,3835
2025-01-08 13:35:00-03:00,6080.98,6085.85,6080.98,6084.51,3049
2025-01-08 13:40:00-03:00,6087.0,6087.0,6078.6,6080.08,3892
2025-01-08 13:45:00-03:00,6081.21,6089.77,6081.21,6083.54,4429
2025-01-08 13:50:00-03:00,6083.76,6091.95,6083.76,6089.2,3138
2025-01-08 13:55:00-03:00,6090.68,6096.05,6090.1,6091.11,4221
2025-01-08 14:00:00-03:00,6089.89,6092.97,6089.57,6089.61,3687
2025-01-08 14:05:00-03:00,6089.31,6094.14,6089.31,6091.98,3955
2025-01-08 14:10:00-03:00,6093.49,6093.49,6089.92,6090.37,4531
2025-01-08 14:15:00-03:00,6088.42,6096.78,6088.42,6095.25,3267
2025-01-08 14:20:00-03:00,6095.83,6095.83,6080.8,6085.7,3578
2025-01-08 14:25:00-03:00,6086.26,6086.43,6083.57,6083.95,3155
2025-01-08 14:30:00-03:00,6086.0,6086.0,6072.09,6073.6,4513
2025-01-08 14:35:00-03:00,6071.95,6071.95,6062.25,6065.83,5777
2025-01-08 14:40:00-03:00,6067.5,6075.54,6067.5,6072.91,3781
2025-01-08 14:45:00-03:00,6072.33,6079.39,6072.33,6077.57,4446
2025-01-08 14:50:00-03:00,6077.1,6077.1,6070.01,6073.83,5688
2025-01-08 14:55:00-03:00,6072.56,6072.56,6064.5,6066.02,3553
2025-01-08 15:00:00-03:00,6064.9,6064.9,6048.69,6050.65,4624
2025-01-08 15:05:00-03:00,6051.07,6051.07,6046.15,6047.84,3893
2025-01-08 15:10:00-03:00,6046.68,6061.41,6046.68,6060.38,3625
2025-01-08 15:15:00-03:00,6061.15,6063.34,6061.15,6062.63,4415
2025-01-08 15:20:00-03:00,6061.95,6061.95,6056.4,6059.73,3121
2025-01-08 15:25:00-03:00,6058.47,6063.84,6057.24,6062.14,3371
2025-01-08 15:30:00-03:00,6061.6,6061.6,6050.64,6054.05,3143
2025-01-08 15:35:00-03:00,6054.4,6056.23,6047.47,6052.51,3270
2025-01-08 15:40:00-03:00,6052.22,6054.23,6050.21,6053.02,4623
2025-01-08 15:45:00-03:00,6053.06,6053.84,6050.48,6052.58,3634
2025-01-08 15:50:00-03:00,6053.3,6057.3,6052.49,6056.68,3706
2025-01-08 15:55:00-03:00,6057.8,6059.41,6056.56,6058.46,3301
2025-01-08 16:00:00-03:00,6058.14,6065.99,6056.7,6061.93,3166
2025-01-08 16:05:00-03:00,6060.85,6060.85,6055.72,6058.36,5518
2025-01-08 16:10:00-03:00,6058.44,6067.62,6058.44,6063.02,3936
2025-01-08 16:15:00-03:00,6063.51,6072.66,6063.51,6071.48,4922
2025-01-08 16:20:00-03:00,6069.96,6069.96,6065.95,6066.44,4101
2025-01-08 16:25:00-03:00,6065.51,6065.51,6059.23,6061.83,4663
2025-01-08 16:30:00-03:00,6061.08,6071.35,6061.08,6068.76,4850
2025-01-08 16:35:00-03:00,6068.55,6069.56,6064.81,6067.77,3439
2025-01-08 16:40:00-03:00,6066.98,6078.93,6066.98,6075.07,5491
2025-01-08 16:45:00-03:00,6075.8,6075.8,6070.51,6072.76,3703
2025-01-08 16:50:00-03:00,6071.09,6084.9,6071.09,6080.33,4315
2025-01-08 16:55:00-03:00,6078.69,6081.64,6078.69,6081.02,3561
2025-01-08 17:00:00-03:00,6080.67,6085.71,6080.44,6082.36,4699
2025-01-08 17:05:00-03:00,6082.18,6095.49,6082.18,6090.51,4384
2025-01-08 17:10:00-03:00,6089.0,6091.96,6087.79,6088.63,4587
2025-01-08 17:15:00-03:00,6087.99,6087.99,6083.2,6083.72,3208
2025-01-08 17:20:00-03:00,6083.31,6083.31,6076.09,6081.39,3305
2025-01-08 17:25:00-03:00,6080.98,6084.7,6079.16,6083.74,3761
2025-01-08 17:30:00-03:00,6083.9,6083.9,6074.99,6075.6,6536
2025-01-08 17:35:00-03:00,6074.91,6081.39,6074.91,6078.91,3350
2025-01-08 17:40:00-03:00,6080.45,6080.45,6072.3,6076.11,3092
2025-01-08 17:45:00-03:00,6076.62,6082.46,6076.62,6082.08,4786
2025-01-08 17:50:00-03:00,6081.24,6081.24,6068.26,6069.63,3547
2025-01-08 17:55:00-03:00,6069.73,6069.73,6064.97,6065.55,4511
2025-01-09 09:00:00-03:00,6065.67,6065.67,6052.66,6056.8,5501
2025-01-09 09:05:00-03:00,6058.05,6058.05,6050.97,6052.51,3680
2025-01-09 09:10:00-03:00,6051.89,6055.96,6051.89,6053.8,4573
2025-01-09 09:15:00-03:00,6054.59,6055.94,6051.55,6052.87,5355
2025-01-09 09:20:00-03:00,6052.91,6052.91,6049.3,6051.56,4159
2025-01-09 09:25:00-03:00,6053.1,6053.1,6050.51,6050.73,4334
2025-01-09 09:30:00-03:00,6052.07,6052.82,6049.46,6051.79,3851
2025-01-09 09:35:00-03:00,6051.99,6053.97,6045.7,6046.56,3934
2025-01-09 09:40:00-03:00,6046.29,6051.01,6044.65,6050.22,3402
2025-01-09 09:45:00-03:00,6050.75,6053.95,6050.75,6053.66,4314
2025-01-09 09:50:00-03:00,6053.47,6055.78,6052.57,6055.65,3816
2025-01-09 09:55:00-03:00,6057.39,6060.37,6057.39,6058.54,5948
2025-01-09 10:00:00-03:00,6058.62,6060.27,6056.57,6060.07,4951
2025-01-09 10:05:00-03:00,6059.65,6073.6,6059.65,6070.64,3014
2025-01-09 10:10:00-03:00,6070.16,6070.55,6067.48,6070.19,5795
2025-01-09 10:15:00-03:00,6068.93,6068.93,6067.44,6068.59,3445
2025-01-09 10:20:00-03:00,6069.17,6069.17,6062.25,6064.68,5088
2025-01-09 10:25:00-03:00,6063.83,6063.83,6057.82,6059.32,5459
2025-01-09 10:30:00-03:00,6060.46,6060.46,6051.52,6052.87,6247
2025-01-09 10:35:00-03:00,6051.53,6051.53,6045.42,6048.27,4587
2025-01-09 10:40:00-03:00,6048.4,6048.4,6046.5,6047.9,3385
2025-01-09 10:45:00-03:00,6049.09,6052.97,6048.93,6049.63,4440
2025-01-09 10:50:00-03:00,6047.4,6054.39,6047.4,6049.9,3463
2025-01-09 10:55:00-03:00,6051.99,6051.99,6045.21,6045.94,5705
2025-01-09 11:00:00-03:00,6045.49,6052.11,6045.49,6050.6,3700
2025-01-09 11:05:00-03:00,6050.74,6055.39,6050.74,6054.43,3429
2025-01-09 11:10:00-03:00,6055.02,6055.94,6053.01,6053.6,4413
2025-01-09 11:15:00-03:00,6054.35,6054.35,6046.09,6050.22,4719
2025-01-09 11:20:00-03:00,6050.5,6057.83,6050.5,6053.06,7894
2025-01-09 11:25:00-03:00,6054.09,6057.31,6050.98,6054.03,3664
2025-01-09 11:30:00-03:00,6054.57,6054.57,6045.08,6046.53,3068
2025-01-09 11:35:00-03:00,6048.35,6049.55,6042.38,6046.18,3991
2025-01-09 11:40:00-03:00,6046.72,6052.01,6044.68,6047.54,4295
2025-01-09 11:45:00-03:00,6049.57,6049.57,6040.73,6042.88,4803
2025-01-09 11:50:00-03:00,6043.81,6043.93,6041.65,6043.86,5118
2025-01-09 11:55:00-03:00,6042.0,6042.0,6036.11,6036.34,6140
2025-01-09 12:00:00-03:00,6039.04,6045.69,6039.04,6043.25,5134
2025-01-09 12:05:00-03:00,6042.65,6050.32,6042.65,6049.71,4932
2025-01-09 12:10:00-03:00,6051.26,6054.76,6047.6,6048.4,3224
2025-01-09 12:15:00-03:00,6048.43,6053.89,6048.43,6050.28,3755
2025-01-09 12:20:00-03:00,6051.38,6051.38,6032.43,6037.82,3614
2025-01-09 12:25:00-03:00,6037.1,6037.1,6031.66,6031.84,3050
2025-01-09 12:30:00-03:00,6032.49,6032.49,6030.26,6030.33,3312
2025-01-09 12:35:00-03:00,6030.06,6030.06,6024.32,6024.79,4380
2025-01-09 12:40:00-03:00,6026.42,6031.11,6023.05,6028.48,3350
2025-01-09 12:45:00-03:00,6028.93,6041.79,6028.93,6038.79,4156
2025-01-09 12:50:00-03:00,6039.76,6039.76,6030.69,6032.72,4822
2025-01-09 12:55:00-03:00,6030.48,6030.48,6025.91,6028.39,4225
2025-01-09 13:00:00-03:00,6028.3,6030.04,6028.28,6029.61,4724
2025-01-09 13:05:00-03:00,6030.03,6039.87,6030.03,6037.93,3630
2025-01-09 13:10:00-03:00,6038.16,6038.16,6029.61,6031.61,3648
2025-01-09 13:15:00-03:00,6032.61,6033.92,6031.61,6032.9,3181
2025-01-09 13:20:00-03:00,6032.52,6046.5,6032.52,6042.31,5961
2025-01-09 13:25:00-03:00,6042.36,6042.36,6030.97,6033.78,6315
2025-01-09 13:30:00-03:00,6034.99,6034.99,6024.08,6027.16,3704
2025-01-09 13:35:00-03:00,6024.81,6028.07,6024.71,6024.98,3009
2025-01-09 13:40:00-03:00,6025.59,6025.59,6017.84,6022.29,4223
2025-01-09 13:45:00-03:00,6021.95,6027.34,6021.95,6026.48,4074
2025-01-09 13:50:00-03:00,6025.54,6029.67,6025.54,6027.73,3247
2025-01-09 13:55:00-03:00,6028.08,6028.08,6016.08,6018.58,3258
2025-01-09 14:00:00-03:00,6019.85,6023.03,6019.85,6021.24,4116
2025-01-09 14:05:00-03:00,6022.31,6022.43,6016.13,6018.26,3920
2025-01-09 14:10:00-03:00,6018.12,6026.2,6018.12,6024.83,5818
2025-01-09 14:15:00-03:00,6025.73,6025.73,6018.2,6021.59,4165
2025-01-09 14:20:00-03:00,6022.49,6022.49,6014.67,6018.31,3034
2025-01-09 14:25:00-03:00,6018.22,6022.89,6018.21,6021.1,3730
2025-01-09 14:30:00-03:00,6020.39,6029.73,6020.39,6025.03,3348
2025-01-09 14:35:00-03:00,6024.38,6031.87,6024.38,6027.35,3238
2025-01-09 14:40:00-03:00,6028.21,6028.21,6014.8,6018.66,4945
2025-01-09 14:45:00-03:00,6018.61,6023.41,6018.61,6021.43,7850
2025-01-09 14:50:00-03:00,6020.35,6020.35,6014.34,6016.1,4829
2025-01-09 14:55:00-03:00,6014.36,6018.8,6014.36,6017.31,3847
2025-01-09 15:00:00-03:00,6018.17,6018.17,6005.53,6009.98,3944
2025-01-09 15:05:00-03:00,6009.42,6012.7,6009.42,6012.28,4009
2025-01-09 15:10:00-03:00,6012.62,6012.62,6007.14,6008.13,4387
2025-01-09 15:15:00-03:00,6009.4,6009.4,5999.82,6001.54,4891
2025-01-09 15:20:00-03:00,6000.19,6006.64,6000.19,6005.21,3094
2025-01-09 15:25:00-03:00,6005.16,6007.64,6002.15,6006.45,4211
2025-01-09 15:30:00-03:00,6006.27,6006.27,6001.5,6003.29,5417
2025-01-09 15:35:00-03:00,6003.68,6013.35,6003.68,6010.75,4081
2025-01-09 15:40:00-03:00,6012.03,6012.36,6007.53,6008.49,3858
2025-01-09 15:45:00-03:00,6007.12,6010.35,6007.12,6008.65,3062
2025-01-09 15:50:00-03:00,6009.24,6011.32,6009.24,6010.04,5124
2025-01-09 15:55:00-03:00,6011.1,6011.1,6004.9,6006.85,5117
2025-01-09 16:00:00-03:00,6006.66,6010.26,6006.66,6009.27,6528
2025-01-09 16:05:00-03:00,6009.13,6009.13,6001.67,6006.53,5306
2025-01-09 16:10:00-03:00,6006.96,6006.96,6000.85,6004.41,6043
2025-01-09 16:15:00-03:00,6004.77,6011.57,6004.77,6011.42,3088
2025-01-09 16:20:00-03:00,6012.02,6012.02,6006.0,6006.07,4701
2025-01-09 16:25:00-03:00,6006.64,6006.64,5991.51,5993.68,3058
2025-01-09 16:30:00-03:00,5992.67,6005.75,5992.67,6001.95,3110
2025-01-09 16:35:00-03:00,6002.97,6015.34,6002.97,6015.06,3293
2025-01-09 16:40:00-03:00,6016.26,6016.26,6012.77,6012.97,4263
2025-01-09 16:45:00-03:00,6013.16,6013.16,5998.33,6003.01,3648
2025-01-09 16:50:00-03:00,6001.48,6004.24,5998.53,6001.42,3476
2025-01-09 16:55:00-03:00,6001.3,6001.68,5994.64,5999.95,4655
2025-01-09 17:00:00-03:00,6000.15,6000.41,5998.77,5998.97,3270
2025-01-09 17:05:00-03:00,5997.8,5997.8,5987.81,5993.26,4446
2025-01-09 17:10:00-03:00,5992.89,5997.7,5992.89,5996.23,5531
2025-01-09 17:15:00-03:00,5994.78,6000.58,5994.78,5998.92,3258
2025-01-09 17:20:00-03:00,5999.55,5999.55,5989.55,5991.26,4903
2025-01-09 17:25:00-03:00,5991.43,5997.33,5991.43,5994.84,5024
2025-01-09 17:30:00-03:00,5993.15,6007.63,5993.15,6005.38,3791
2025-01-09 17:35:00-03:00,6005.75,6008.79,6005.01,6006.27,5666
2025-01-09 17:40:00-03:00,6006.21,6006.73,6002.86,6004.53,5118
2025-01-09 17:45:00-03:00,6005.06,6005.06,6003.48,6003.8,3239
2025-01-09 17:50:00-03:00,6003.4,6011.4,6003.4,6006.97,3065
2025-01-09 17:55:00-03:00,6006.14,6006.14,5995.23,5998.08,4552
2025-01-10 09:00:00-03:00,5997.28,5999.63,5997.28,5998.92,4146
2025-01-10 09:05:00-03:00,5998.37,6000.45,5996.04,5996.91,3004
2025-01-10 09:10:00-03:00,5996.93,6008.04,5996.93,6006.41,4029
2025-01-10 09:15:00-03:00,6006.56,6006.56,6001.88,6005.51,3299
2025-01-10 09:20:00-03:00,6005.32,6015.17,6005.32,6014.09,5524
2025-01-10 09:25:00-03:00,6013.66,6013.66,6001.37,6008.41,5452
2025-01-10 09:30:00-03:00,6008.05,6011.45,6008.05,6011.43,4680
2025-01-10 09:35:00-03:00,6014.01,6014.45,6011.48,6013.08,3524
2025-01-10 09:40:00-03:00,6012.28,6012.37,6008.22,6008.61,3004
2025-01-10 09:45:00-03:00,6008.03,6011.52,6008.03,6009.52,4573
2025-01-10 09:50:00-03:00,6012.91,6017.7,6012.86,6015.76,4379
2025-01-10 09:55:00-03:00,6016.19,6016.26,6012.26,6014.09,3862
2025-01-10 10:00:00-03:00,6012.67,6012.67,6003.88,6005.39,3170
2025-01-10 10:05:00-03:00,6006.25,6006.25,6004.79,6005.3,4414
2025-01-10 10:10:00-03:00,6004.36,6004.36,5996.27,6000.66,3577
2025-01-10 10:15:00-03:00,6001.59,6001.59,5994.02,5998.9,3099
2025-01-10 10:20:00-03:00,5998.69,5998.69,5994.79,5998.48,3943
2025-01-10 10:25:00-03:00,5998.03,5998.03,5988.66,5989.73,3062
2025-01-10 10:30:00-03:00,5991.38,5991.38,5980.46,5981.46,3194
2025-01-10 10:35:00-03:00,5982.04,5988.85,5982.04,5983.92,3230
2025-01-10 10:40:00-03:00,5984.92,5985.51,5979.98,5981.25,3618
2025-01-10 10:45:00-03:00,5981.69,5981.69,5966.02,5968.13,4957
2025-01-10 10:50:00-03:00,5967.68,5974.48,5967.68,5972.14,3112
2025-01-10 10:55:00-03:00,5972.77,5976.04,5972.77,5973.53,4204
2025-01-10 11:00:00-03:00,5974.77,5974.77,5968.45,5969.89,4530
2025-01-10 11:05:00-03:00,5970.02,5970.02,5961.43,5963.16,3361
2025-01-10 11:10:00-03:00,5965.0,5968.69,5965.0,5967.43,4101
2025-01-10 11:15:00-03:00,5968.3,5969.49,5966.46,5969.21,3278
2025-01-10 11:20:00-03:00,5969.43,5982.82,5969.43,5981.4,3796
2025-01-10 11:25:00-03:00,5981.66,5984.14,5981.55,5983.55,3857
2025-01-10 11:30:00-03:00,5983.69,5988.6,5983.69,5985.54,3953
2025-01-10 11:35:00-03:00,5984.25,5984.87,5982.39,5984.68,6595
2025-01-10 11:40:00-03:00,5984.59,5989.3,5984.59,5988.87,4196
2025-01-10 11:45:00-03:00,5989.09,5994.88,5989.09,5992.07,5811
2025-01-10 11:50:00-03:00,5991.64,5999.98,5991.64,5998.49,5123
2025-01-10 11:55:00-03:00,5998.84,5998.84,5994.72,5995.82,3771
2025-01-10 12:00:00-03:00,5995.84,5995.84,5992.98,5993.58,6255
2025-01-10 12:05:00-03:00,5994.38,5994.38,5987.05,5991.13,5516
2025-01-10 12:10:00-03:00,5991.81,5996.64,5990.95,5995.18,4059
2025-01-10 12:15:00-03:00,5995.36,6004.47,5995.36,6002.88,3534
2025-01-10 12:20:00-03:00,6001.47,6002.54,5998.43,6000.52,5793
2025-01-10 12:25:00-03:00,6002.36,6002.36,5997.56,5998.34,3235
2025-01-10 12:30:00-03:00,5998.19,6000.35,5997.95,5999.95,3823
2025-01-10 12:35:00-03:00,5999.87,6002.36,5995.43,5998.69,4225
2025-01-10 12:40:00-03:00,5998.34,6007.1,5998.34,6003.58,3232
2025-01-10 12:45:00-03:00,6003.08,6003.08,5987.73,5992.02,3706
2025-01-10 12:50:00-03:00,5993.6,5993.6,5986.88,5987.78,4303
2025-01-10 12:55:00-03:00,5989.2,5989.2,5982.7,5983.77,5903
2025-01-10 13:00:00-03:00,5984.23,5984.23,5969.51,5971.9,3112
2025-01-10 13:05:00-03:00,5971.79,5971.79,5965.67,5966.98,4318
2025-01-10 13:10:00-03:00,5967.61,5967.61,5959.27,5962.31,3614
2025-01-10 13:15:00-03:00,5962.38,5963.55,5959.03,5961.28,3456
2025-01-10 13:20:00-03:00,5961.08,5970.71,5961.08,5966.96,4675
2025-01-10 13:25:00-03:00,5967.31,5967.32,5962.92,5965.71,3246
2025-01-10 13:30:00-03:00,5965.26,5965.26,5959.43,5960.45,3318
2025-01-10 13:35:00-03:00,5960.71,5967.96,5957.5,5960.16,3990
2025-01-10 13:40:00-03:00,5960.37,5968.28,5960.37,5965.51,3705
2025-01-10 13:45:00-03:00,5966.13,5966.13,5953.84,5960.53,3231
2025-01-10 13:50:00-03:00,5959.9,5959.9,5955.58,5955.89,4151
2025-01-10 13:55:00-03:00,5956.61,5962.64,5956.61,5958.74,3010
2025-01-10 14:00:00-03:00,5957.81,5957.81,5955.5,5957.61,3417
2025-01-10 14:05:00-03:00,5957.02,5962.37,5956.1,5960.91,3916
2025-01-10 14:10:00-03:00,5960.37,5965.54,5957.87,5960.84,5384
2025-01-10 14:15:00-03:00,5959.74,5966.15,5959.74,5964.42,3622
2025-01-10 14:20:00-03:00,5965.46,5965.46,5955.94,5959.14,3574
2025-01-10 14:25:00-03:00,5958.15,5963.91,5958.15,5959.08,3218
2025-01-10 14:30:00-03:00,5958.36,5958.36,5955.42,5958.0,4540
2025-01-10 14:35:00-03:00,5959.28,5959.28,5948.06,5951.8,3655
2025-01-10 14:40:00-03:00,5951.22,5951.22,5942.03,5943.84,3480
2025-01-10 14:45:00-03:00,5943.65,5948.7,5943.65,5947.33,4870
2025-01-10 14:50:00-03:00,5946.3,5947.66,5941.35,5945.55,3581
2025-01-10 14:55:00-03:00,5946.4,5946.4,5937.49,5940.35,3758
2025-01-10 15:00:00-03:00,5941.21,5941.21,5939.85,5939.86,3533
2025-01-10 15:05:00-03:00,5940.61,5947.87,5940.61,5945.6,3853
2025-01-10 15:10:00-03:00,5946.14,5946.14,5933.05,5934.0,7438
2025-01-10 15:15:00-03:00,5934.08,5934.08,5921.82,5926.4,3993
2025-01-10 15:20:00-03:00,5925.87,5925.87,5916.33,5921.73,6103
2025-01-10 15:25:00-03:00,5920.9,5929.91,5920.9,5929.14,5399
2025-01-10 15:30:00-03:00,5930.45,5931.87,5928.28,5930.57,4138
2025-01-10 15:35:00-03:00,5931.35,5934.83,5931.35,5934.47,5004
2025-01-10 15:40:00-03:00,5933.76,5933.76,5928.67,5928.68,4022
2025-01-10 15:45:00-03:00,5928.72,5928.72,5920.42,5923.0,4918
2025-01-10 15:50:00-03:00,5922.7,5927.34,5922.7,5925.27,4112
2025-01-10 15:55:00-03:00,5924.13,5926.64,5924.13,5925.57,3284
2025-01-10 16:00:00-03:00,5925.75,5928.59,5925.57,5928.35,3390
2025-01-10 16:05:00-03:00,5927.93,5929.08,5925.54,5927.4,3271
2025-01-10 16:10:00-03:00,5926.43,5930.49,5926.43,5928.81,4316
2025-01-10 16:15:00-03:00,5927.31,5932.68,5927.31,5929.61,3595
2025-01-10 16:20:00-03:00,5928.02,5936.05,5928.02,5933.56,4015
2025-01-10 16:25:00-03:00,5933.18,5937.86,5933.18,5937.66,3261
2025-01-10 16:30:00-03:00,5937.57,5937.57,5929.25,5929.43,5971
2025-01-10 16:35:00-03:00,5928.55,5928.55,5917.95,5918.04,3376
2025-01-10 16:40:00-03:00,5918.7,5924.54,5918.7,5923.12,4303
2025-01-10 16:45:00-03:00,5923.05,5932.71,5923.05,5929.14,3809
2025-01-10 16:50:00-03:00,5929.72,5929.72,5921.49,5923.96,3410
2025-01-10 16:55:00-03:00,5923.78,5923.78,5913.99,5914.54,3163
2025-01-10 17:00:00-03:00,5913.74,5916.08,5913.74,5915.04,4346
2025-01-10 17:05:00-03:00,5915.16,5919.86,5915.16,5919.76,4077
2025-01-10 17:10:00-03:00,5918.47,5931.77,5918.47,5928.87,3395
2025-01-10 17:15:00-03:00,5929.42,5931.54,5929.23,5931.49,4040
2025-01-10 17:20:00-03:00,5930.54,5932.65,5927.89,5929.6,3578
2025-01-10 17:25:00-03:00,5930.54,5930.54,5921.98,5925.07,3100
2025-01-10 17:30:00-03:00,5924.73,5926.36,5923.92,5925.13,3462
2025-01-10 17:35:00-03:00,5926.21,5928.4,5923.49,5923.61,7018
2025-01-10 17:40:00-03:00,5922.48,5922.48,5913.62,5918.47,5308
2025-01-10 17:45:00-03:00,5917.78,5934.53,5917.78,5928.86,4437
2025-01-10 17:50:00-03:00,5929.24,5938.83,5929.24,5937.92,4294
2025-01-10 17:55:00-03:00,5939.11,5948.65,5939.11,5943.7,3196
2025-01-13 09:00:00-03:00,5945.39,5945.39,5937.96,5939.02,6852
2025-01-13 09:05:00-03:00,5939.06,5948.02,5939.06,5943.37,4443
2025-01-13 09:10:00-03:00,5945.24,5949.21,5944.46,5946.62,4085
2025-01-13 09:15:00-03:00,5946.32,5951.19,5946.32,5948.87,3026
2025-01-13 09:20:00-03:00,5949.99,5957.08,5949.99,5955.24,4270
2025-01-13 09:25:00-03:00,5954.28,5959.05,5954.28,5958.48,4326
2025-01-13 09:30:00-03:00,5958.91,5965.5,5958.91,5962.25,3801
2025-01-13 09:35:00-03:00,5959.86,5967.15,5959.86,5965.5,3981
2025-01-13 09:40:00-03:00,5964.36,5968.97,5964.36,5967.25,4993
2025-01-13 09:45:00-03:00,5967.72,5967.72,5954.82,5958.14,5710
2025-01-13 09:50:00-03:00,5956.8,5960.61,5956.08,5958.57,3343
2025-01-13 09:55:00-03:00,5959.0,5959.0,5953.86,5955.73,5352
2025-01-13 10:00:00-03:00,5956.66,5956.66,5945.56,5949.21,5277
2025-01-13 10:05:00-03:00,5948.7,5958.58,5948.7,5957.78,5294
2025-01-13 10:10:00-03:00,5956.79,5968.51,5956.79,5966.61,4556
2025-01-13 10:15:00-03:00,5966.12,5975.77,5966.12,5973.55,3620
2025-01-13 10:20:00-03:00,5972.56,5977.87,5971.43,5974.86,3879
2025-01-13 10:25:00-03:00,5974.75,5984.47,5974.75,5981.77,5277
2025-01-13 10:30:00-03:00,5981.87,5983.76,5980.53,5981.83,6059
2025-01-13 10:35:00-03:00,5981.52,5989.88,5981.52,5982.87,4502
2025-01-13 10:40:00-03:00,5984.58,5984.58,5974.52,5977.27,3294
2025-01-13 10:45:00-03:00,5976.53,5982.94,5973.39,5979.3,3313
2025-01-13 10:50:00-03:00,5980.73,5980.73,5977.19,5979.61,4065
2025-01-13 10:55:00-03:00,5978.55,5978.55,5970.34,5972.95,3693
2025-01-13 11:00:00-03:00,5973.02,5976.88,5970.44,5972.69,4240
2025-01-13 11:05:00-03:00,5973.9,5975.51,5968.17,5972.28,3488
2025-01-13 11:10:00-03:00,5973.44,5981.54,5973.44,5981.47,3340
2025-01-13 11:15:00-03:00,5981.04,5986.81,5981.04,5986.05,4123
2025-01-13 11:20:00-03:00,5986.62,5986.62,5986.02,5986.11,4752
2025-01-13 11:25:00-03:00,5986.54,5987.97,5985.3,5987.39,6027
2025-01-13 11:30:00-03:00,5986.83,5991.71,5985.33,5987.61,4138
2025-01-13 11:35:00-03:00,5988.25,5988.25,5985.6,5986.57,3013
2025-01-13 11:40:00-03:00,5988.48,5988.48,5980.36,5981.03,4739
2025-01-13 11:45:00-03:00,5981.51,5983.25,5978.7,5980.26,4947
2025-01-13 11:50:00-03:00,5980.84,5980.84,5975.96,5976.44,4311
2025-01-13 11:55:00-03:00,5977.13,5977.13,5969.45,5970.05,4455
2025-01-13 12:00:00-03:00,5968.55,5973.41,5968.55,5972.66,3621
2025-01-13 12:05:00-03:00,5973.13,5981.09,5972.63,5974.66,4468
2025-01-13 12:10:00-03:00,5973.62,5973.62,5961.33,5965.53,4043
2025-01-13 12:15:00-03:00,5964.93,5967.5,5963.41,5964.9,4174
2025-01-13 12:20:00-03:00,5967.11,5971.35,5967.11,5969.99,4340
2025-01-13 12:25:00-03:00,5969.73,5975.7,5969.73,5975.4,3589
2025-01-13 12:30:00-03:00,5974.65,5981.13,5974.65,5980.65,4489
2025-01-13 12:35:00-03:00,5981.83,5985.85,5979.18,5980.85,3322
2025-01-13 12:40:00-03:00,5979.88,5979.88,5976.09,5976.53,3149
2025-01-13 12:45:00-03:00,5976.07,5976.07,5967.35,5970.99,5149
2025-01-13 12:50:00-03:00,5972.26,5973.53,5971.91,5972.75,4714
2025-01-13 12:55:00-03:00,5972.79,5976.57,5972.79,5974.69,4917
2025-01-13 13:00:00-03:00,5973.09,5981.35,5973.09,5981.28,4960
2025-01-13 13:05:00-03:00,5981.83,5991.01,5981.83,5986.91,3795
2025-01-13 13:10:00-03:00,5986.5,5989.84,5985.0,5986.23,4292
2025-01-13 13:15:00-03:00,5987.81,5987.81,5976.35,5979.86,3846
2025-01-13 13:20:00-03:00,5979.24,5983.42,5977.55,5978.23,4237
2025-01-13 13:25:00-03:00,5979.3,5979.42,5979.13,5979.34,4328
2025-01-13 13:30:00-03:00,5981.16,5981.16,5975.91,5978.3,3690
2025-01-13 13:35:00-03:00,5977.43,5977.43,5975.32,5975.35,3431
2025-01-13 13:40:00-03:00,5975.15,5976.72,5975.15,5976.64,6121
2025-01-13 13:45:00-03:00,5977.04,5977.04,5970.57,5974.06,4875
2025-01-13 13:50:00-03:00,5973.19,5973.19,5969.47,5970.85,4964
2025-01-13 13:55:00-03:00,5971.13,5973.26,5971.13,5972.45,4007
2025-01-13 14:00:00-03:00,5972.22,5972.39,5969.33,5970.39,3633
2025-01-13 14:05:00-03:00,5970.14,5971.96,5970.14,5971.64,3896
2025-01-13 14:10:00-03:00,5971.69,5974.59,5971.55,5973.03,3523
2025-01-13 14:15:00-03:00,5973.11,5973.11,5966.02,5967.21,5445
2025-01-13 14:20:00-03:00,5967.38,5967.38,5964.29,5964.76,3606
2025-01-13 14:25:00-03:00,5964.14,5976.05,5964.14,5972.1,3393
2025-01-13 14:30:00-03:00,5971.53,5971.53,5964.93,5966.16,3190
2025-01-13 14:35:00-03:00,5966.04,5966.04,5952.61,5955.36,5610
2025-01-13 14:40:00-03:00,5955.32,5955.32,5941.6,5945.88,5150
2025-01-13 14:45:00-03:00,5945.43,5947.17,5945.43,5946.03,5757
2025-01-13 14:50:00-03:00,5946.36,5946.72,5942.15,5946.19,3279
2025-01-13 14:55:00-03:00,5944.34,5949.62,5943.65,5945.59,5109
2025-01-13 15:00:00-03:00,5944.84,5952.34,5944.84,5951.77,4128
2025-01-13 15:05:00-03:00,5951.49,5951.49,5934.86,5938.17,5476
2025-01-13 15:10:00-03:00,5937.3,5941.81,5936.05,5940.18,3980
2025-01-13 15:15:00-03:00,5941.84,5952.27,5941.84,5948.13,4557
2025-01-13 15:20:00-03:00,5948.15,5948.15,5942.27,5942.39,3253
2025-01-13 15:25:00-03:00,5942.57,5946.53,5937.01,5940.46,4701
2025-01-13 15:30:00-03:00,5939.96,5939.96,5934.95,5936.63,4008
2025-01-13 15:35:00-03:00,5936.61,5936.61,5929.86,5932.09,3402
2025-01-13 15:40:00-03:00,5930.85,5933.5,5928.79,5930.43,4955
2025-01-13 15:45:00-03:00,5930.26,5943.6,5930.26,5937.68,3582
2025-01-13 15:50:00-03:00,5936.73,5949.11,5936.73,5947.03,6861
2025-01-13 15:55:00-03:00,5946.74,5946.74,5939.93,5945.32,4166
2025-01-13 16:00:00-03:00,5942.71,5958.2,5942.71,5955.02,3397
2025-01-13 16:05:00-03:00,5953.87,5956.95,5951.43,5955.2,3917
2025-01-13 16:10:00-03:00,5956.69,5969.16,5956.69,5964.15,3063
2025-01-13 16:15:00-03:00,5964.99,5967.62,5963.22,5963.67,3195
2025-01-13 16:20:00-03:00,5965.02,5965.02,5962.03,5964.34,3628
2025-01-13 16:25:00-03:00,5965.76,5967.38,5964.42,5966.2,3795
2025-01-13 16:30:00-03:00,5966.89,5987.51,5966.89,5982.46,4430
2025-01-13 16:35:00-03:00,5982.0,5989.54,5982.0,5986.82,4437
2025-01-13 16:40:00-03:00,5985.76,5985.76,5980.59,5983.2,3555
2025-01-13 16:45:00-03:00,5984.37,5990.06,5982.44,5988.16,4752
2025-01-13 16:50:00-03:00,5988.23,5992.35,5984.45,5986.31,4093
2025-01-13 16:55:00-03:00,5988.86,5988.86,5983.56,5983.8,3021
2025-01-13 17:00:00-03:00,5983.42,5989.53,5983.42,5988.45,5741
2025-01-13 17:05:00-03:00,5990.48,5990.48,5986.16,5988.61,3164
2025-01-13 17:10:00-03:00,5988.45,5992.57,5984.76,5990.04,5527
2025-01-13 17:15:00-03:00,5991.41,5991.57,5989.63,5990.11,4040
2025-01-13 17:20:00-03:00,5991.85,5993.46,5986.41,5991.84,3373
2025-01-13 17:25:00-03:00,5990.79,5996.73,5990.44,5994.02,5776
2025-01-13 17:30:00-03:00,5993.52,5993.52,5979.63,5984.09,4606
2025-01-13 17:35:00-03:00,5983.03,5992.74,5983.03,5987.5,4591
2025-01-13 17:40:00-03:00,5986.24,5986.24,5980.76,5982.47,6031
2025-01-13 17:45:00-03:00,5983.16,5983.16,5974.89,5975.09,4132
2025-01-13 17:50:00-03:00,5974.89,5975.82,5974.64,5974.79,4831
2025-01-13 17:55:00-03:00,5974.85,5977.17,5967.56,5975.22,5738
2025-01-14 09:00:00-03:00,5975.79,5975.79,5968.92,5971.68,3015
2025-01-14 09:05:00-03:00,5969.78,5975.96,5969.78,5975.93,4400
2025-01-14 09:10:00-03:00,5977.24,5977.24,5967.49,5969.07,3427
2025-01-14 09:15:00-03:00,5968.71,5970.46,5966.98,5966.99,3269
2025-01-14 09:20:00-03:00,5967.53,5967.53,5963.72,5964.0,3048
2025-01-14 09:25:00-03:00,5964.63,5964.63,5961.1,5963.76,4659
2025-01-14 09:30:00-03:00,5965.16,5965.44,5964.91,5965.19,3467
2025-01-14 09:35:00-03:00,5965.08,5965.08,5958.74,5960.04,4586
2025-01-14 09:40:00-03:00,5957.87,5966.88,5957.87,5963.74,5433
2025-01-14 09:45:00-03:00,5963.8,5964.97,5962.6,5964.06,3439
2025-01-14 09:50:00-03:00,5964.26,5964.26,5950.81,5954.41,3683
2025-01-14 09:55:00-03:00,5953.36,5953.36,5942.05,5944.44,7244
2025-01-14 10:00:00-03:00,5944.59,5944.73,5944.19,5944.37,3951
2025-01-14 10:05:00-03:00,5944.01,5944.01,5940.27,5943.25,3151
2025-01-14 10:10:00-03:00,5941.88,5944.85,5941.2,5942.72,3149
2025-01-14 10:15:00-03:00,5943.41,5943.41,5942.02,5942.58,3604
2025-01-14 10:20:00-03:00,5942.01,5946.93,5942.01,5943.73,3862
2025-01-14 10:25:00-03:00,5943.31,5948.85,5943.31,5948.55,3554
2025-01-14 10:30:00-03:00,5948.08,5948.08,5940.52,5942.9,3694
2025-01-14 10:35:00-03:00,5944.15,5944.15,5933.92,5936.94,3958
2025-01-14 10:40:00-03:00,5936.9,5936.9,5927.19,5931.39,3346
2025-01-14 10:45:00-03:00,5931.47,5933.8,5931.47,5932.85,4423
2025-01-14 10:50:00-03:00,5932.4,5940.41,5932.4,5939.18,3118
2025-01-14 10:55:00-03:00,5939.65,5939.65,5934.44,5936.99,3756
2025-01-14 11:00:00-03:00,5938.35,5938.35,5923.29,5924.29,3297
2025-01-14 11:05:00-03:00,5924.94,5924.94,5912.27,5915.65,5039
2025-01-14 11:10:00-03:00,5916.35,5916.35,5910.48,5911.44,3349
2025-01-14 11:15:00-03:00,5912.05,5912.05,5906.74,5908.61,5313
2025-01-14 11:20:00-03:00,5907.22,5908.83,5905.16,5906.55,4541
2025-01-14 11:25:00-03:00,5905.66,5906.94,5905.64,5906.74,6028
2025-01-14 11:30:00-03:00,5906.54,5906.54,5903.81,5905.17,3262
2025-01-14 11:35:00-03:00,5904.43,5913.35,5904.43,5910.47,5414
2025-01-14 11:40:00-03:00,5909.4,5909.4,5905.08,5907.06,3175
2025-01-14 11:45:00-03:00,5905.16,5905.16,5899.68,5902.7,3965
2025-01-14 11:50:00-03:00,5901.34,5906.82,5901.34,5905.12,6528
2025-01-14 11:55:00-03:00,5904.86,5904.86,5895.84,5897.36,3606
2025-01-14 12:00:00-03:00,5897.29,5902.3,5896.99,5899.33,4147
2025-01-14 12:05:00-03:00,5898.53,5900.35,5894.85,5899.85,3941
2025-01-14 12:10:00-03:00,5899.93,5905.34,5895.68,5899.1,3000
2025-01-14 12:15:00-03:00,5898.66,5907.56,5898.66,5907.13,3949
2025-01-14 12:20:00-03:00,5908.23,5908.23,5901.43,5903.98,3837
2025-01-14 12:25:00-03:00,5903.82,5914.41,5903.82,5914.4,4477
2025-01-14 12:30:00-03:00,5915.11,5915.11,5913.14,5913.26,4539
2025-01-14 12:35:00-03:00,5913.47,5913.47,5906.11,5906.8,5470
2025-01-14 12:40:00-03:00,5905.38,5912.4,5905.38,5907.15,4227
2025-01-14 12:45:00-03:00,5907.06,5907.06,5900.93,5901.72,3696
2025-01-14 12:50:00-03:00,5900.47,5900.47,5895.73,5897.92,3898
2025-01-14 12:55:00-03:00,5897.81,5900.45,5895.92,5899.92,4714
2025-01-14 13:00:00-03:00,5899.17,5906.7,5899.17,5902.73,7052
2025-01-14 13:05:00-03:00,5903.12,5903.12,5894.43,5899.59,3698
2025-01-14 13:10:00-03:00,5898.23,5907.78,5898.23,5904.58,3623
2025-01-14 13:15:00-03:00,5904.59,5912.6,5904.59,5910.43,3882
2025-01-14 13:20:00-03:00,5911.01,5917.72,5911.01,5917.7,4023
2025-01-14 13:25:00-03:00,5918.62,5924.75,5918.62,5920.38,3211
2025-01-14 13:30:00-03:00,5919.61,5930.49,5919.61,5927.29,3622
2025-01-14 13:35:00-03:00,5927.31,5927.31,5917.29,5917.76,6932
2025-01-14 13:40:00-03:00,5917.95,5917.95,5914.0,5916.15,3184
2025-01-14 13:45:00-03:00,5917.72,5917.72,5909.99,5911.76,3273
2025-01-14 13:50:00-03:00,5910.26,5912.95,5910.26,5912.37,4906
2025-01-14 13:55:00-03:00,5911.44,5911.44,5907.39,5909.47,3008
2025-01-14 14:00:00-03:00,5912.31,5912.31,5905.97,5908.63,4882
2025-01-14 14:05:00-03:00,5908.36,5920.03,5908.36,5918.16,3387
2025-01-14 14:10:00-03:00,5916.24,5920.24,5909.09,5917.3,6136
2025-01-14 14:15:00-03:00,5916.71,5921.69,5916.71,5919.4,4816
2025-01-14 14:20:00-03:00,5916.59,5918.61,5916.59,5918.22,3953
2025-01-14 14:25:00-03:00,5918.46,5921.06,5916.38,5918.6,3371
2025-01-14 14:30:00-03:00,5919.42,5921.77,5918.39,5918.63,4383
2025-01-14 14:35:00-03:00,5917.71,5922.59,5917.29,5920.91,5950
2025-01-14 14:40:00-03:00,5920.43,5929.19,5920.43,5926.81,3363
2025-01-14 14:45:00-03:00,5927.75,5937.17,5927.75,5935.18,3713
2025-01-14 14:50:00-03:00,5933.4,5941.39,5933.4,5936.75,4433
2025-01-14 14:55:00-03:00,5935.41,5942.63,5935.41,5939.75,4009
2025-01-14 15:00:00-03:00,5939.51,5939.51,5932.66,5933.9,3963
2025-01-14 15:05:00-03:00,5933.13,5935.12,5930.3,5933.45,5312
2025-01-14 15:10:00-03:00,5933.15,5943.35,5933.15,5938.23,3552
2025-01-14 15:15:00-03:00,5936.94,5944.14,5936.94,5942.63,5002
2025-01-14 15:20:00-03:00,5942.85,5946.29,5942.38,5943.71,4566
2025-01-14 15:25:00-03:00,5943.56,5949.55,5943.56,5948.22,4621
2025-01-14 15:30:00-03:00,5948.78,5952.71,5948.78,5950.72,4129
2025-01-14 15:35:00-03:00,5950.92,5959.52,5950.92,5956.84,5257
2025-01-14 15:40:00-03:00,5957.05,5958.49,5955.8,5958.31,3859
2025-01-14 15:45:00-03:00,5956.84,5956.84,5956.23,5956.5,3151
2025-01-14 15:50:00-03:00,5957.0,5960.14,5954.37,5958.21,4607
2025-01-14 15:55:00-03:00,5957.87,5957.87,5938.19,5943.28,3089
2025-01-14 16:00:00-03:00,5943.11,5948.52,5943.11,5945.23,3084
2025-01-14 16:05:00-03:00,5946.29,5946.29,5924.78,5926.69,3763
2025-01-14 16:10:00-03:00,5925.97,5925.97,5915.75,5917.96,3993
2025-01-14 16:15:00-03:00,5919.33,5923.33,5917.44,5920.25,4059
2025-01-14 16:20:00-03:00,5921.71,5926.76,5921.1,5922.67,3711
2025-01-14 16:25:00-03:00,5923.43,5923.43,5915.28,5916.78,3043
2025-01-14 16:30:00-03:00,5915.79,5915.79,5911.5,5913.17,3610
2025-01-14 16:35:00-03:00,5910.96,5922.01,5910.96,5920.11,3124
2025-01-14 16:40:00-03:00,5921.21,5921.21,5917.35,5917.66,5391
2025-01-14 16:45:00-03:00,5917.77,5929.42,5917.77,5929.03,3664
2025-01-14 16:50:00-03:00,5928.28,5931.11,5927.91,5929.02,3708
2025-01-14 16:55:00-03:00,5930.21,5934.26,5926.08,5931.09,5561
2025-01-14 17:00:00-03:00,5930.22,5940.16,5930.22,5939.31,3063
2025-01-14 17:05:00-03:00,5938.88,5940.45,5938.88,5939.97,3985
2025-01-14 17:10:00-03:00,5940.51,5940.51,5932.35,5934.88,4254
2025-01-14 17:15:00-03:00,5933.75,5935.71,5932.02,5934.32,3162
2025-01-14 17:20:00-03:00,5934.21,5934.76,5933.38,5934.14,4433
2025-01-14 17:25:00-03:00,5935.25,5935.25,5926.25,5927.21,4096
2025-01-14 17:30:00-03:00,5927.43,5927.43,5923.52,5925.92,4669
2025-01-14 17:35:00-03:00,5927.18,5927.18,5920.21,5922.15,4476
2025-01-14 17:40:00-03:00,5923.3,5928.68,5923.3,5926.84,5354
2025-01-14 17:45:00-03:00,5926.85,5927.95,5922.52,5927.02,3254
2025-01-14 17:50:00-03:00,5924.65,5927.28,5924.36,5925.58,4990
2025-01-14 17:55:00-03:00,5924.46,5926.74,5922.77,5925.04,3995
2025-01-15 09:00:00-03:00,5925.82,5926.31,5925.31,5926.17,4170
2025-01-15 09:05:00-03:00,5924.6,5930.89,5923.14,5929.3,5354
2025-01-15 09:10:00-03:00,5928.97,5928.97,5923.97,5924.23,4921
2025-01-15 09:15:00-03:00,5924.58,5924.58,5915.25,5918.95,5918
2025-01-15 09:20:00-03:00,5920.44,5927.76,5920.44,5924.55,3929
2025-01-15 09:25:00-03:00,5923.97,5925.16,5922.36,5922.46,3343
2025-01-15 09:30:00-03:00,5921.81,5921.81,5913.72,5915.28,5077
2025-01-15 09:35:00-03:00,5915.23,5922.53,5915.23,5917.53,3462
2025-01-15 09:40:00-03:00,5917.89,5920.36,5917.89,5919.88,3828
2025-01-15 09:45:00-03:00,5919.72,5919.8,5910.08,5912.13,3317
2025-01-15 09:50:00-03:00,5913.19,5913.87,5910.79,5913.29,3081
2025-01-15 09:55:00-03:00,5912.48,5917.66,5912.48,5917.01,3707
2025-01-15 10:00:00-03:00,5917.14,5919.92,5915.08,5918.91,3145
2025-01-15 10:05:00-03:00,5919.36,5923.06,5917.54,5922.11,4402
2025-01-15 10:10:00-03:00,5921.71,5921.71,5914.66,5915.0,7084
2025-01-15 10:15:00-03:00,5915.85,5916.96,5915.85,5916.67,3284
2025-01-15 10:20:00-03:00,5916.83,5919.64,5911.72,5915.14,4803
2025-01-15 10:25:00-03:00,5915.94,5915.94,5910.89,5912.7,5805
2025-01-15 10:30:00-03:00,5912.9,5917.79,5912.9,5917.11,4097
2025-01-15 10:35:00-03:00,5917.49,5926.91,5917.49,5924.6,5527
2025-01-15 10:40:00-03:00,5923.96,5934.77,5923.96,5933.71,3253
2025-01-15 10:45:00-03:00,5933.07,5940.73,5933.07,5940.39,3004
2025-01-15 10:50:00-03:00,5941.64,5941.64,5939.77,5939.83,3794
2025-01-15 10:55:00-03:00,5940.48,5943.6,5938.9,5941.63,3004
2025-01-15 11:00:00-03:00,5940.58,5952.33,5940.58,5945.53,4173
2025-01-15 11:05:00-03:00,5945.71,5946.81,5942.76,5946.14,3772
2025-01-15 11:10:00-03:00,5943.73,5950.52,5941.89,5946.81,4668
2025-01-15 11:15:00-03:00,5946.22,5952.78,5946.22,5951.0,3792
2025-01-15 11:20:00-03:00,5951.98,5951.98,5948.93,5950.7,3017
2025-01-15 11:25:00-03:00,5950.57,5950.57,5943.1,5946.99,3540
2025-01-15 11:30:00-03:00,5947.11,5947.11,5943.21,5944.88,3850
2025-01-15 11:35:00-03:00,5941.81,5949.83,5941.81,5948.11,3757
2025-01-15 11:40:00-03:00,5947.71,5949.76,5947.71,5948.12,4170
2025-01-15 11:45:00-03:00,5948.47,5950.72,5945.71,5949.85,4695
2025-01-15 11:50:00-03:00,5950.33,5955.5,5948.11,5953.27,4931
2025-01-15 11:55:00-03:00,5954.25,5954.25,5949.28,5951.36,4431
2025-01-15 12:00:00-03:00,5951.14,5957.55,5951.14,5955.21,5062
2025-01-15 12:05:00-03:00,5955.04,5960.17,5955.04,5957.14,3821
2025-01-15 12:10:00-03:00,5955.78,5955.78,5949.86,5950.85,5425
2025-01-15 12:15:00-03:00,5950.64,5959.96,5950.64,5958.2,5428
2025-01-15 12:20:00-03:00,5956.91,5958.14,5954.87,5955.65,4106
2025-01-15 12:25:00-03:00,5953.77,5953.77,5942.92,5947.22,4063
2025-01-15 12:30:00-03:00,5946.11,5946.11,5939.09,5941.9,6377
2025-01-15 12:35:00-03:00,5943.43,5943.43,5934.01,5936.71,6501
2025-01-15 12:40:00-03:00,5936.43,5939.17,5934.95,5936.97,3696
2025-01-15 12:45:00-03:00,5937.2,5937.2,5933.31,5935.58,4272
2025-01-15 12:50:00-03:00,5935.06,5935.46,5933.07,5933.87,3505
2025-01-15 12:55:00-03:00,5932.05,5937.98,5932.05,5937.02,4859
2025-01-15 13:00:00-03:00,5937.97,5941.25,5937.97,5938.75,3059
2025-01-15 13:05:00-03:00,5936.54,5944.16,5936.54,5940.35,3197
2025-01-15 13:10:00-03:00,5939.79,5944.25,5939.79,5942.44,3412
2025-01-15 13:15:00-03:00,5942.38,5947.01,5940.44,5945.57,3783
2025-01-15 13:20:00-03:00,5945.81,5945.81,5934.65,5934.85,3820
2025-01-15 13:25:00-03:00,5934.12,5936.48,5931.31,5933.0,3406
2025-01-15 13:30:00-03:00,5931.14,5931.14,5918.93,5921.94,4161
2025-01-15 13:35:00-03:00,5921.13,5923.96,5918.49,5922.12,4429
2025-01-15 13:40:00-03:00,5921.37,5923.01,5920.82,5922.1,3979
2025-01-15 13:45:00-03:00,5921.32,5930.86,5921.32,5927.4,4649
2025-01-15 13:50:00-03:00,5928.39,5937.04,5928.39,5933.43,4693
2025-01-15 13:55:00-03:00,5932.2,5936.55,5932.2,5934.46,5549
2025-01-15 14:00:00-03:00,5934.77,5934.77,5929.4,5931.92,3006
2025-01-15 14:05:00-03:00,5932.08,5937.38,5932.08,5934.38,7348
2025-01-15 14:10:00-03:00,5935.36,5935.36,5931.69,5931.7,4899
2025-01-15 14:15:00-03:00,5931.57,5934.38,5929.49,5931.7,3831
2025-01-15 14:20:00-03:00,5932.5,5940.01,5931.79,5936.7,3636
2025-01-15 14:25:00-03:00,5936.53,5936.53,5933.73,5933.87,4091
2025-01-15 14:30:00-03:00,5934.31,5940.57,5934.31,5937.96,5052
2025-01-15 14:35:00-03:00,5936.44,5942.47,5936.44,5941.41,5054
2025-01-15 14:40:00-03:00,5938.73,5938.73,5935.28,5936.56,3251
2025-01-15 14:45:00-03:00,5936.94,5944.46,5936.94,5941.51,3136
2025-01-15 14:50:00-03:00,5941.94,5945.84,5940.17,5945.06,3035
2025-01-15 14:55:00-03:00,5945.54,5948.39,5944.75,5945.58,4716
2025-01-15 15:00:00-03:00,5945.04,5945.04,5940.96,5941.7,4132
2025-01-15 15:05:00-03:00,5943.21,5943.21,5932.26,5937.33,5560
2025-01-15 15:10:00-03:00,5936.86,5936.86,5933.2,5934.6,3484
2025-01-15 15:15:00-03:00,5935.03,5938.17,5932.75,5937.36,6065
2025-01-15 15:20:00-03:00,5937.96,5937.96,5932.49,5932.5,3451
2025-01-15 15:25:00-03:00,5934.25,5936.12,5930.2,5934.72,4780
2025-01-15 15:30:00-03:00,5934.4,5934.4,5926.52,5928.42,3868
2025-01-15 15:35:00-03:00,5927.76,5927.76,5926.61,5927.38,4563
2025-01-15 15:40:00-03:00,5925.86,5929.73,5925.86,5927.94,3930
2025-01-15 15:45:00-03:00,5929.52,5942.97,5929.52,5940.36,6615
2025-01-15 15:50:00-03:00,5940.79,5940.79,5933.17,5933.36,3882
2025-01-15 15:55:00-03:00,5933.82,5942.03,5933.82,5940.84,3597
2025-01-15 16:00:00-03:00,5944.01,5944.95,5941.57,5941.6,3657
2025-01-15 16:05:00-03:00,5941.93,5946.77,5941.93,5943.7,4435
2025-01-15 16:10:00-03:00,5942.37,5949.98,5942.37,5944.3,3092
2025-01-15 16:15:00-03:00,5944.1,5949.11,5944.03,5946.56,5578
2025-01-15 16:20:00-03:00,5945.57,5949.41,5942.66,5945.78,3796
2025-01-15 16:25:00-03:00,5945.37,5953.4,5945.37,5953.18,5110
2025-01-15 16:30:00-03:00,5952.77,5955.09,5949.15,5950.86,3889
2025-01-15 16:35:00-03:00,5950.26,5961.33,5950.26,5956.63,3048
2025-01-15 16:40:00-03:00,5955.21,5955.21,5949.45,5953.34,3813
2025-01-15 16:45:00-03:00,5954.97,5954.97,5950.12,5953.04,3391
2025-01-15 16:50:00-03:00,5953.34,5953.34,5944.39,5947.58,3533
2025-01-15 16:55:00-03:00,5947.35,5950.05,5947.35,5949.89,3310
2025-01-15 17:00:00-03:00,5950.67,5958.83,5950.67,5957.26,4052
2025-01-15 17:05:00-03:00,5957.74,5960.57,5956.18,5956.86,3502
2025-01-15 17:10:00-03:00,5957.14,5957.14,5951.77,5955.86,5524
2025-01-15 17:15:00-03:00,5956.56,5956.56,5946.56,5950.18,4262
2025-01-15 17:20:00-03:00,5950.32,5951.75,5944.89,5949.01,4852
2025-01-15 17:25:00-03:00,5949.69,5949.69,5938.8,5940.91,3326
2025-01-15 17:30:00-03:00,5941.67,5941.67,5935.54,5936.27,3972
2025-01-15 17:35:00-03:00,5936.43,5938.81,5935.84,5937.42,4259
2025-01-15 17:40:00-03:00,5937.2,5946.92,5937.2,5944.13,5661
2025-01-15 17:45:00-03:00,5945.69,5960.33,5945.69,5958.44,3137
2025-01-15 17:50:00-03:00,5957.95,5957.95,5950.95,5955.45,3689
2025-01-15 17:55:00-03:00,5955.84,5965.7,5955.84,5962.77,3078
2025-01-16 09:00:00-03:00,5963.19,5966.85,5963.19,5964.01,5016
2025-01-16 09:05:00-03:00,5963.39,5965.41,5961.37,5963.24,4232
2025-01-16 09:10:00-03:00,5962.41,5966.11,5962.07,5965.45,6073
2025-01-16 09:15:00-03:00,5965.09,5966.42,5965.09,5965.76,4215
2025-01-16 09:20:00-03:00,5965.26,5967.57,5965.26,5966.33,3805
2025-01-16 09:25:00-03:00,5964.84,5965.1,5961.29,5964.24,5637
2025-01-16 09:30:00-03:00,5963.58,5963.58,5953.07,5957.11,3237
2025-01-16 09:35:00-03:00,5957.38,5957.38,5949.16,5949.24,4845
2025-01-16 09:40:00-03:00,5950.53,5954.79,5949.81,5952.57,4894
2025-01-16 09:45:00-03:00,5953.14,5953.14,5949.87,5951.16,6503
2025-01-16 09:50:00-03:00,5948.51,5951.05,5946.15,5948.13,4256
2025-01-16 09:55:00-03:00,5948.78,5948.78,5944.89,5948.17,3130
2025-01-16 10:00:00-03:00,5947.6,5955.8,5947.6,5952.22,4828
2025-01-16 10:05:00-03:00,5952.68,5955.6,5950.77,5953.14,3062
2025-01-16 10:10:00-03:00,5953.12,5953.12,5946.33,5949.79,3200
2025-01-16 10:15:00-03:00,5949.6,5956.91,5949.6,5956.04,5234
2025-01-16 10:20:00-03:00,5955.94,5965.75,5955.94,5964.1,7238
2025-01-16 10:25:00-03:00,5964.08,5970.82,5964.08,5966.62,3743
2025-01-16 10:30:00-03:00,5968.0,5973.84,5968.0,5971.6,3741
2025-01-16 10:35:00-03:00,5971.58,5978.81,5971.58,5977.95,4453
2025-01-16 10:40:00-03:00,5979.06,5984.01,5979.06,5983.73,5721
2025-01-16 10:45:00-03:00,5984.7,5989.68,5983.81,5986.88,4689
2025-01-16 10:50:00-03:00,5987.56,5990.79,5987.56,5989.95,4801
2025-01-16 10:55:00-03:00,5988.11,5996.75,5988.11,5992.61,3320
2025-01-16 11:00:00-03:00,5993.76,5993.76,5985.15,5986.99,5822
2025-01-16 11:05:00-03:00,5986.52,5991.59,5986.52,5990.58,4352
2025-01-16 11:10:00-03:00,5991.31,5991.31,5981.88,5983.63,5452
2025-01-16 11:15:00-03:00,5982.63,5982.63,5979.31,5979.56,4204
2025-01-16 11:20:00-03:00,5978.35,5987.04,5978.35,5986.24,3004
2025-01-16 11:25:00-03:00,5988.26,5992.64,5984.68,5990.54,3667
2025-01-16 11:30:00-03:00,5989.56,6000.95,5989.56,5998.18,3391
2025-01-16 11:35:00-03:00,5999.35,5999.35,5995.97,5996.78,5278
2025-01-16 11:40:00-03:00,5996.9,5996.9,5988.08,5990.87,4084
2025-01-16 11:45:00-03:00,5990.44,5990.6,5987.03,5989.64,3967
2025-01-16 11:50:00-03:00,5989.59,5995.07,5987.75,5990.16,4844
2025-01-16 11:55:00-03:00,5988.83,5993.47,5988.83,5990.57,5549
2025-01-16 12:00:00-03:00,5990.55,5998.85,5990.55,5996.38,4204
2025-01-16 12:05:00-03:00,5995.27,5999.94,5994.33,5994.53,5606
2025-01-16 12:10:00-03:00,5994.12,5998.3,5994.12,5996.33,6033
2025-01-16 12:15:00-03:00,5997.28,5997.28,5990.02,5991.26,3768
2025-01-16 12:20:00-03:00,5991.52,5998.04,5991.52,5993.57,4548
2025-01-16 12:25:00-03:00,5992.05,5995.56,5990.18,5993.59,7624
2025-01-16 12:30:00-03:00,5994.46,5994.46,5987.88,5989.74,3292
2025-01-16 12:35:00-03:00,5989.73,5991.88,5988.4,5988.53,4653
2025-01-16 12:40:00-03:00,5987.98,5989.49,5984.61,5987.59,4386
2025-01-16 12:45:00-03:00,5988.35,5988.79,5984.39,5986.2,4829
2025-01-16 12:50:00-03:00,5986.03,5998.77,5986.03,5995.29,3440
2025-01-16 12:55:00-03:00,5994.09,5997.54,5994.09,5994.78,6804
2025-01-16 13:00:00-03:00,5996.68,5996.68,5990.21,5993.53,3619
2025-01-16 13:05:00-03:00,5993.51,5993.51,5982.37,5982.78,5824
2025-01-16 13:10:00-03:00,5982.7,5982.7,5977.69,5978.2,4695
2025-01-16 13:15:00-03:00,5977.79,5977.79,5974.63,5976.86,4774
2025-01-16 13:20:00-03:00,5978.06,5978.06,5968.86,5973.35,3711
2025-01-16 13:25:00-03:00,5972.81,5981.84,5972.81,5980.42,3781
2025-01-16 13:30:00-03:00,5978.84,5981.07,5977.72,5979.57,3325
2025-01-16 13:35:00-03:00,5978.88,5987.76,5978.88,5986.17,3362
2025-01-16 13:40:00-03:00,5987.53,5987.62,5981.73,5986.49,4720
2025-01-16 13:45:00-03:00,5987.34,5987.34,5983.41,5986.68,3933
2025-01-16 13:50:00-03:00,5986.42,5987.35,5984.62,5986.22,5461
2025-01-16 13:55:00-03:00,5987.63,5987.63,5983.94,5986.24,5744
2025-01-16 14:00:00-03:00,5987.01,5996.47,5987.01,5995.06,3182
2025-01-16 14:05:00-03:00,5994.78,5994.78,5982.75,5983.17,3316
2025-01-16 14:10:00-03:00,5983.0,5983.0,5970.21,5972.92,3408
2025-01-16 14:15:00-03:00,5973.26,5973.26,5969.79,5970.15,3974
2025-01-16 14:20:00-03:00,5969.3,5978.11,5967.73,5970.22,5828
2025-01-16 14:25:00-03:00,5970.23,5975.07,5970.23,5973.75,3240
2025-01-16 14:30:00-03:00,5974.07,5977.41,5974.07,5976.17,3349
2025-01-16 14:35:00-03:00,5974.44,5976.0,5970.43,5974.2,3295
2025-01-16 14:40:00-03:00,5974.01,5982.0,5974.01,5979.42,4504
2025-01-16 14:45:00-03:00,5979.11,5985.83,5979.11,5984.69,3864
2025-01-16 14:50:00-03:00,5985.75,5986.93,5984.87,5985.63,3663
2025-01-16 14:55:00-03:00,5983.74,5992.23,5983.74,5990.57,4103
2025-01-16 15:00:00-03:00,5990.18,5992.41,5990.18,5991.97,5736
2025-01-16 15:05:00-03:00,5991.47,5991.47,5988.1,5989.09,5680
2025-01-16 15:10:00-03:00,5990.07,5995.46,5990.07,5992.67,3114
2025-01-16 15:15:00-03:00,5992.62,5995.45,5990.51,5993.23,3296
2025-01-16 15:20:00-03:00,5995.08,5995.08,5990.98,5993.24,3869
2025-01-16 15:25:00-03:00,5993.92,6002.52,5993.92,6000.8,3030
2025-01-16 15:30:00-03:00,6000.38,6000.38,5985.95,5988.23,3872
2025-01-16 15:35:00-03:00,5988.47,5988.47,5978.44,5980.96,4868
2025-01-16 15:40:00-03:00,5980.6,5980.6,5973.18,5974.89,3016
2025-01-16 15:45:00-03:00,5975.77,5975.77,5971.67,5973.03,5011
2025-01-16 15:50:00-03:00,5971.67,5972.15,5971.67,5971.73,3580
2025-01-16 15:55:00-03:00,5970.89,5970.89,5960.42,5964.03,5817
2025-01-16 16:00:00-03:00,5964.5,5964.5,5956.95,5959.01,3522
2025-01-16 16:05:00-03:00,5960.25,5960.25,5952.59,5954.62,5203
2025-01-16 16:10:00-03:00,5952.37,5968.65,5952.37,5967.15,3575
2025-01-16 16:15:00-03:00,5968.56,5976.53,5968.56,5976.36,4342
2025-01-16 16:20:00-03:00,5976.22,5976.22,5971.74,5974.26,3341
2025-01-16 16:25:00-03:00,5972.33,5973.07,5970.55,5972.4,5468
2025-01-16 16:30:00-03:00,5969.33,5969.33,5965.88,5966.53,4008
2025-01-16 16:35:00-03:00,5964.97,5964.97,5950.79,5956.79,5252
2025-01-16 16:40:00-03:00,5956.77,5961.0,5955.67,5956.19,5542
2025-01-16 16:45:00-03:00,5956.13,5956.13,5949.72,5951.11,3176
2025-01-16 16:50:00-03:00,5951.75,5951.75,5948.68,5950.68,3840
2025-01-16 16:55:00-03:00,5950.12,5950.12,5941.64,5942.53,3660
2025-01-16 17:00:00-03:00,5941.41,5941.41,5937.13,5938.66,3903
2025-01-16 17:05:00-03:00,5938.24,5940.65,5937.91,5939.41,3017
2025-01-16 17:10:00-03:00,5939.45,5944.02,5939.44,5941.28,3410
2025-01-16 17:15:00-03:00,5941.51,5947.54,5941.44,5943.4,4609
2025-01-16 17:20:00-03:00,5942.6,5942.6,5935.43,5936.69,3660
2025-01-16 17:25:00-03:00,5937.6,5942.97,5935.37,5941.03,4982
2025-01-16 17:30:00-03:00,5940.4,5941.25,5934.19,5936.96,4267
2025-01-16 17:35:00-03:00,5936.08,5942.17,5936.08,5940.18,3133
2025-01-16 17:40:00-03:00,5939.63,5943.86,5939.63,5940.12,3176
2025-01-16 17:45:00-03:00,5941.22,5941.22,5930.73,5933.13,7597
2025-01-16 17:50:00-03:00,5933.0,5933.0,5930.22,5931.53,5018
2025-01-16 17:55:00-03:00,5930.82,5933.83,5930.27,5933.38,3187
2025-01-17 09:00:00-03:00,5934.32,5937.86,5934.32,5936.49,5135
2025-01-17 09:05:00-03:00,5938.67,5938.67,5934.7,5935.78,3581
2025-01-17 09:10:00-03:00,5935.99,5943.73,5935.99,5943.57,3520
2025-01-17 09:15:00-03:00,5944.82,5949.76,5944.82,5948.69,4267
2025-01-17 09:20:00-03:00,5949.75,5949.75,5943.46,5947.39,3674
2025-01-17 09:25:00-03:00,5946.77,5953.26,5946.77,5951.21,3286
2025-01-17 09:30:00-03:00,5951.23,5961.95,5951.23,5961.06,3645
2025-01-17 09:35:00-03:00,5959.75,5977.99,5959.75,5971.08,5101
2025-01-17 09:40:00-03:00,5970.87,5970.87,5964.61,5964.8,3978
2025-01-17 09:45:00-03:00,5964.16,5964.16,5956.44,5960.07,3572
2025-01-17 09:50:00-03:00,5959.66,5970.26,5959.66,5967.65,3110
2025-01-17 09:55:00-03:00,5966.89,5966.89,5959.73,5962.25,3838
2025-01-17 10:00:00-03:00,5961.96,5961.96,5953.78,5955.51,3351
2025-01-17 10:05:00-03:00,5956.05,5958.78,5951.4,5953.03,3378
2025-01-17 10:10:00-03:00,5952.91,5955.72,5952.91,5955.17,5581
2025-01-17 10:15:00-03:00,5953.27,5957.01,5952.48,5954.65,3809
2025-01-17 10:20:00-03:00,5953.89,5953.89,5950.92,5951.33,4043
2025-01-17 10:25:00-03:00,5949.79,5951.16,5944.31,5947.9,4120
2025-01-17 10:30:00-03:00,5948.15,5948.15,5943.12,5944.27,4974
2025-01-17 10:35:00-03:00,5944.79,5944.79,5939.25,5939.8,3281
2025-01-17 10:40:00-03:00,5940.06,5952.18,5940.06,5951.41,4534
2025-01-17 10:45:00-03:00,5950.61,5953.25,5950.61,5952.93,3025
2025-01-17 10:50:00-03:00,5953.18,5958.1,5953.18,5957.45,3523
2025-01-17 10:55:00-03:00,5956.97,5958.87,5953.4,5954.95,3473
2025-01-17 11:00:00-03:00,5953.79,5957.77,5953.79,5954.01,3846
2025-01-17 11:05:00-03:00,5954.76,5954.76,5949.95,5950.37,3845
2025-01-17 11:10:00-03:00,5951.2,5951.2,5935.97,5936.88,3746
2025-01-17 11:15:00-03:00,5937.84,5937.84,5926.95,5929.88,3519
2025-01-17 11:20:00-03:00,5929.27,5929.27,5918.43,5920.7,5481
2025-01-17 11:25:00-03:00,5921.89,5921.89,5903.72,5909.31,3684
2025-01-17 11:30:00-03:00,5908.81,5908.81,5901.84,5903.27,4150
2025-01-17 11:35:00-03:00,5903.93,5910.67,5903.93,5909.97,3321
2025-01-17 11:40:00-03:00,5909.45,5910.31,5909.41,5909.74,3226
2025-01-17 11:45:00-03:00,5909.51,5917.1,5909.51,5916.27,5833
2025-01-17 11:50:00-03:00,5913.82,5923.11,5913.82,5918.35,3121
2025-01-17 11:55:00-03:00,5918.05,5924.02,5918.05,5922.32,3771
2025-01-17 12:00:00-03:00,5922.41,5922.41,5917.59,5917.76,3955
2025-01-17 12:05:00-03:00,5917.34,5921.49,5916.18,5920.41,3176
2025-01-17 12:10:00-03:00,5922.19,5924.16,5919.76,5924.1,5965
2025-01-17 12:15:00-03:00,5922.93,5922.93,5918.68,5921.18,4915
2025-01-17 12:20:00-03:00,5920.61,5927.94,5920.61,5924.02,3616
2025-01-17 12:25:00-03:00,5923.1,5928.18,5923.1,5926.89,4804
2025-01-17 12:30:00-03:00,5926.32,5926.82,5922.28,5924.1,4181
2025-01-17 12:35:00-03:00,5925.15,5925.15,5918.01,5918.41,3346
2025-01-17 12:40:00-03:00,5919.91,5919.91,5911.0,5912.42,4019
2025-01-17 12:45:00-03:00,5911.71,5915.5,5911.25,5912.85,3731
2025-01-17 12:50:00-03:00,5912.12,5915.99,5912.12,5914.51,4238
2025-01-17 12:55:00-03:00,5913.34,5913.34,5910.08,5910.5,5689
2025-01-17 13:00:00-03:00,5911.82,5912.92,5910.01,5910.63,4563
2025-01-17 13:05:00-03:00,5911.77,5914.18,5911.77,5913.52,6096
2025-01-17 13:10:00-03:00,5913.41,5921.35,5913.41,5916.65,4346
2025-01-17 13:15:00-03:00,5915.23,5925.77,5915.23,5924.51,5262
2025-01-17 13:20:00-03:00,5923.19,5932.0,5923.19,5930.99,6086
2025-01-17 13:25:00-03:00,5931.17,5931.17,5919.6,5925.91,3351
2025-01-17 13:30:00-03:00,5926.47,5936.27,5926.47,5934.46,3957
2025-01-17 13:35:00-03:00,5932.36,5934.43,5928.4,5931.76,3332
2025-01-17 13:40:00-03:00,5931.43,5940.92,5931.43,5937.07,3710
2025-01-17 13:45:00-03:00,5938.71,5940.58,5936.12,5937.41,5344
2025-01-17 13:50:00-03:00,5937.19,5937.19,5931.91,5935.32,3858
2025-01-17 13:55:00-03:00,5936.83,5936.83,5923.07,5926.14,5152
2025-01-17 14:00:00-03:00,5926.8,5926.8,5924.96,5925.27,4568
2025-01-17 14:05:00-03:00,5924.17,5924.17,5916.87,5917.37,4123
2025-01-17 14:10:00-03:00,5917.07,5927.83,5917.07,5922.27,3019
2025-01-17 14:15:00-03:00,5922.14,5935.1,5922.14,5929.96,3424
2025-01-17 14:20:00-03:00,5929.0,5929.0,5921.95,5925.92,3937
2025-01-17 14:25:00-03:00,5924.94,5928.36,5924.94,5927.45,3115
2025-01-17 14:30:00-03:00,5928.98,5928.98,5920.92,5923.77,3911
2025-01-17 14:35:00-03:00,5922.78,5922.78,5920.38,5920.59,5942
2025-01-17 14:40:00-03:00,5921.68,5924.81,5921.68,5924.51,3189
2025-01-17 14:45:00-03:00,5924.07,5926.71,5923.12,5924.32,3061
2025-01-17 14:50:00-03:00,5924.29,5933.49,5924.29,5933.15,5291
2025-01-17 14:55:00-03:00,5933.72,5933.82,5928.09,5930.7,3823
2025-01-17 15:00:00-03:00,5930.09,5935.79,5930.09,5935.77,4986
2025-01-17 15:05:00-03:00,5936.35,5936.56,5935.02,5936.27,3375
2025-01-17 15:10:00-03:00,5934.19,5943.02,5934.19,5940.31,4614
2025-01-17 15:15:00-03:00,5940.76,5940.76,5935.36,5938.04,3541
2025-01-17 15:20:00-03:00,5935.53,5944.94,5935.53,5937.79,3145
2025-01-17 15:25:00-03:00,5937.56,5938.15,5936.8,5937.2,5172
2025-01-17 15:30:00-03:00,5938.07,5938.07,5931.52,5932.95,3087
2025-01-17 15:35:00-03:00,5933.59,5937.65,5933.59,5936.32,4849
2025-01-17 15:40:00-03:00,5935.0,5944.39,5935.0,5939.62,4851
2025-01-17 15:45:00-03:00,5938.43,5944.66,5938.43,5942.64,3367
2025-01-17 15:50:00-03:00,5941.94,5954.55,5941.94,5950.46,3581
2025-01-17 15:55:00-03:00,5950.65,5961.43,5950.65,5957.85,4046
2025-01-17 16:00:00-03:00,5955.78,5956.81,5953.55,5955.94,3371
2025-01-17 16:05:00-03:00,5955.92,5958.11,5955.92,5957.84,3664
2025-01-17 16:10:00-03:00,5958.16,5958.16,5953.48,5954.66,3649
2025-01-17 16:15:00-03:00,5954.37,5956.12,5953.96,5954.78,4465
2025-01-17 16:20:00-03:00,5955.31,5955.31,5951.24,5951.72,5468
2025-01-17 16:25:00-03:00,5951.95,5960.24,5951.95,5959.98,3393
2025-01-17 16:30:00-03:00,5959.43,5962.56,5959.43,5961.84,3758
2025-01-17 16:35:00-03:00,5959.86,5965.64,5959.86,5960.72,5757
2025-01-17 16:40:00-03:00,5960.86,5971.88,5960.86,5966.82,5826
2025-01-17 16:45:00-03:00,5965.85,5965.85,5952.32,5955.74,5986
2025-01-17 16:50:00-03:00,5955.15,5955.15,5943.87,5945.48,4410
2025-01-17 16:55:00-03:00,5945.97,5950.49,5945.97,5949.54,3854
2025-01-17 17:00:00-03:00,5950.98,5952.66,5949.62,5949.84,4306
2025-01-17 17:05:00-03:00,5949.8,5951.96,5947.91,5951.12,4137
2025-01-17 17:10:00-03:00,5951.68,5951.68,5943.82,5944.37,3531
2025-01-17 17:15:00-03:00,5942.9,5946.74,5942.9,5944.25,4918
2025-01-17 17:20:00-03:00,5944.5,5955.82,5944.5,5954.45,3000
2025-01-17 17:25:00-03:00,5954.39,5958.75,5954.39,5958.65,3192
2025-01-17 17:30:00-03:00,5959.91,5963.55,5957.17,5959.52,5306
2025-01-17 17:35:00-03:00,5958.97,5959.07,5955.51,5957.28,3967
2025-01-17 17:40:00-03:00,5957.03,5960.21,5953.53,5955.27,3390
2025-01-17 17:45:00-03:00,5956.34,5956.34,5940.73,5944.42,3697
2025-01-17 17:50:00-03:00,5944.33,5949.45,5943.77,5945.74,3352
2025-01-17 17:55:00-03:00,5944.61,5952.19,5944.61,5950.04,3271
2025-01-20 09:00:00-03:00,5952.63,5952.63,5941.75,5942.02,3068
2025-01-20 09:05:00-03:00,5940.92,5941.05,5938.4,5938.66,4179
2025-01-20 09:10:00-03:00,5938.59,5938.59,5932.7,5932.78,3298
2025-01-20 09:15:00-03:00,5933.13,5933.13,5926.68,5927.88,5182
2025-01-20 09:20:00-03:00,5928.15,5928.41,5921.72,5928.15,3853
2025-01-20 09:25:00-03:00,5927.96,5927.96,5917.1,5917.58,4213
2025-01-20 09:30:00-03:00,5917.39,5924.03,5917.39,5920.69,4986
2025-01-20 09:35:00-03:00,5920.46,5928.02,5920.24,5924.52,4533
2025-01-20 09:40:00-03:00,5923.38,5924.49,5922.01,5923.24,3424
2025-01-20 09:45:00-03:00,5925.42,5925.42,5907.57,5910.68,3144
2025-01-20 09:50:00-03:00,5910.46,5910.46,5904.62,5905.64,6199
2025-01-20 09:55:00-03:00,5906.24,5916.67,5900.77,5911.88,3575
2025-01-20 10:00:00-03:00,5911.54,5911.54,5896.13,5897.83,4753
2025-01-20 10:05:00-03:00,5897.48,5898.44,5891.24,5896.08,3676
2025-01-20 10:10:00-03:00,5895.62,5895.62,5885.1,5890.13,3248
2025-01-20 10:15:00-03:00,5888.57,5894.95,5888.57,5894.19,4564
2025-01-20 10:20:00-03:00,5894.02,5894.02,5883.79,5890.78,4193
2025-01-20 10:25:00-03:00,5890.37,5894.21,5890.37,5892.82,4532
2025-01-20 10:30:00-03:00,5894.0,5898.97,5894.0,5895.67,7158
2025-01-20 10:35:00-03:00,5894.46,5906.49,5894.46,5904.94,5600
2025-01-20 10:40:00-03:00,5904.36,5909.32,5902.79,5903.92,3954
2025-01-20 10:45:00-03:00,5903.01,5906.38,5902.91,5905.82,6692
2025-01-20 10:50:00-03:00,5907.28,5907.28,5897.4,5898.32,4173
2025-01-20 10:55:00-03:00,5897.44,5904.38,5897.44,5904.33,5645
2025-01-20 11:00:00-03:00,5904.9,5904.9,5899.45,5900.49,3010
2025-01-20 11:05:00-03:00,5901.47,5901.47,5892.96,5897.66,3413
2025-01-20 11:10:00-03:00,5897.51,5900.0,5895.8,5897.54,3980
2025-01-20 11:15:00-03:00,5896.16,5896.16,5885.25,5889.66,4612
2025-01-20 11:20:00-03:00,5888.29,5893.02,5887.97,5890.81,3130
2025-01-20 11:25:00-03:00,5891.68,5898.42,5890.68,5895.69,3361
2025-01-20 11:30:00-03:00,5894.42,5899.02,5893.35,5897.17,3784
2025-01-20 11:35:00-03:00,5897.57,5897.57,5887.03,5889.16,3384
2025-01-20 11:40:00-03:00,5889.27,5889.27,5884.52,5888.53,3509
2025-01-20 11:45:00-03:00,5888.91,5892.87,5888.91,5892.28,4555
2025-01-20 11:50:00-03:00,5892.75,5892.75,5881.82,5882.81,4889
2025-01-20 11:55:00-03:00,5881.87,5881.87,5873.8,5877.4,4625
2025-01-20 12:00:00-03:00,5876.42,5882.52,5876.42,5881.81,3252
2025-01-20 12:05:00-03:00,5882.53,5883.78,5881.66,5883.17,6209
2025-01-20 12:10:00-03:00,5882.54,5888.88,5882.54,5885.25,3222
2025-01-20 12:15:00-03:00,5882.47,5894.73,5882.47,5894.62,4136
2025-01-20 12:20:00-03:00,5895.28,5899.52,5892.07,5896.99,3194
2025-01-20 12:25:00-03:00,5895.94,5903.03,5895.94,5900.31,4006
2025-01-20 12:30:00-03:00,5900.78,5914.6,5900.78,5914.01,3031
2025-01-20 12:35:00-03:00,5915.42,5915.42,5912.51,5912.93,4558
2025-01-20 12:40:00-03:00,5912.95,5912.95,5907.94,5908.9,4921
2025-01-20 12:45:00-03:00,5909.9,5914.4,5909.9,5911.06,4834
2025-01-20 12:50:00-03:00,5911.22,5914.89,5911.22,5913.28,4454
2025-01-20 12:55:00-03:00,5914.89,5914.89,5909.89,5910.62,3000
2025-01-20 13:00:00-03:00,5909.54,5909.54,5902.86,5905.4,4431
2025-01-20 13:05:00-03:00,5905.39,5921.26,5905.39,5917.08,4371
2025-01-20 13:10:00-03:00,5917.76,5919.2,5917.76,5918.74,4192
2025-01-20 13:15:00-03:00,5918.54,5918.54,5914.56,5915.03,3454
2025-01-20 13:20:00-03:00,5916.2,5921.05,5916.2,5919.67,4086
2025-01-20 13:25:00-03:00,5919.23,5921.74,5917.79,5919.11,5059
2025-01-20 13:30:00-03:00,5921.21,5921.21,5916.43,5917.83,3637
2025-01-20 13:35:00-03:00,5919.98,5924.21,5919.7,5920.68,5755
2025-01-20 13:40:00-03:00,5920.97,5920.97,5914.07,5914.14,3792
2025-01-20 13:45:00-03:00,5914.7,5918.65,5914.7,5915.92,4044
2025-01-20 13:50:00-03:00,5917.13,5926.52,5917.13,5925.62,3940
2025-01-20 13:55:00-03:00,5924.41,5928.76,5924.41,5927.98,5430
2025-01-20 14:00:00-03:00,5926.65,5927.21,5921.9,5926.08,3094
2025-01-20 14:05:00-03:00,5927.35,5927.35,5922.53,5923.5,3127
2025-01-20 14:10:00-03:00,5923.78,5923.78,5920.84,5921.42,4687
2025-01-20 14:15:00-03:00,5921.19,5921.8,5917.98,5920.14,3274
2025-01-20 14:20:00-03:00,5920.15,5920.15,5916.88,5918.22,3264
2025-01-20 14:25:00-03:00,5915.8,5922.97,5915.8,5922.87,4348
2025-01-20 14:30:00-03:00,5922.67,5922.67,5913.12,5914.09,5208
2025-01-20 14:35:00-03:00,5913.32,5922.47,5913.32,5918.45,3427
2025-01-20 14:40:00-03:00,5919.38,5919.38,5914.01,5916.53,4243
2025-01-20 14:45:00-03:00,5917.54,5922.41,5914.05,5918.44,3098
2025-01-20 14:50:00-03:00,5919.02,5919.02,5908.85,5912.73,5201
2025-01-20 14:55:00-03:00,5913.13,5922.81,5913.13,5919.46,5363
2025-01-20 15:00:00-03:00,5917.94,5929.68,5917.94,5925.77,5535
2025-01-20 15:05:00-03:00,5926.37,5930.93,5926.37,5930.64,4154
2025-01-20 15:10:00-03:00,5931.28,5931.28,5918.37,5922.96,4298
2025-01-20 15:15:00-03:00,5924.22,5927.64,5924.22,5927.16,3289
2025-01-20 15:20:00-03:00,5929.31,5932.53,5928.53,5929.22,3600
2025-01-20 15:25:00-03:00,5927.5,5927.5,5917.43,5921.08,4117
2025-01-20 15:30:00-03:00,5920.68,5922.15,5919.28,5920.95,4220
2025-01-20 15:35:00-03:00,5920.2,5926.19,5917.22,5922.8,4060
2025-01-20 15:40:00-03:00,5922.98,5928.0,5922.98,5925.62,3284
2025-01-20 15:45:00-03:00,5925.63,5927.37,5925.51,5926.52,4356
2025-01-20 15:50:00-03:00,5926.28,5930.19,5926.28,5928.0,4748
2025-01-20 15:55:00-03:00,5929.04,5937.55,5929.04,5935.48,3296
2025-01-20 16:00:00-03:00,5934.36,5942.16,5934.36,5941.71,3366
2025-01-20 16:05:00-03:00,5940.65,5940.65,5924.24,5927.15,3626
2025-01-20 16:10:00-03:00,5926.11,5926.11,5924.02,5925.54,3013
2025-01-20 16:15:00-03:00,5925.17,5925.73,5924.65,5924.7,3818
2025-01-20 16:20:00-03:00,5923.46,5923.46,5913.3,5915.82,4872
2025-01-20 16:25:00-03:00,5915.77,5917.94,5915.73,5916.3,3808
2025-01-20 16:30:00-03:00,5916.13,5926.7,5916.13,5922.63,3438
2025-01-20 16:35:00-03:00,5921.83,5921.83,5916.03,5917.12,5387
2025-01-20 16:40:00-03:00,5918.01,5920.75,5918.01,5918.83,4070
2025-01-20 16:45:00-03:00,5918.77,5918.77,5912.17,5914.19,3774
2025-01-20 16:50:00-03:00,5915.26,5915.26,5908.59,5910.79,3480
2025-01-20 16:55:00-03:00,5910.59,5921.27,5910.33,5918.27,3899
2025-01-20 17:00:00-03:00,5918.24,5918.24,5914.55,5915.52,3826
2025-01-20 17:05:00-03:00,5914.95,5922.18,5911.35,5917.86,6131
2025-01-20 17:10:00-03:00,5917.85,5917.85,5904.58,5908.39,4121
2025-01-20 17:15:00-03:00,5909.11,5918.46,5909.11,5917.81,5429
2025-01-20 17:20:00-03:00,5917.4,5921.4,5917.4,5920.87,4575
2025-01-20 17:25:00-03:00,5921.39,5921.39,5918.77,5919.94,4055
2025-01-20 17:30:00-03:00,5919.12,5924.33,5919.12,5922.86,4461
2025-01-20 17:35:00-03:00,5923.63,5923.63,5914.52,5915.72,3140
2025-01-20 17:40:00-03:00,5915.13,5923.53,5915.13,5921.71,4878
2025-01-20 17:45:00-03:00,5922.57,5922.57,5918.05,5920.07,5309
2025-01-20 17:50:00-03:00,5920.13,5922.21,5918.99,5919.03,3756
2025-01-20 17:55:00-03:00,5920.57,5920.57,5908.49,5916.54,6211
2025-01-21 09:00:00-03:00,5915.37,5917.1,5913.22,5913.6,3534
2025-01-21 09:05:00-03:00,5912.11,5921.37,5912.11,5917.12,5448
2025-01-21 09:10:00-03:00,5916.5,5920.23,5914.08,5918.42,4579
2025-01-21 09:15:00-03:00,5917.01,5924.73,5917.01,5921.72,5757
2025-01-21 09:20:00-03:00,5920.32,5922.92,5918.77,5921.67,4132
2025-01-21 09:25:00-03:00,5922.3,5926.43,5920.89,5924.28,3780
2025-01-21 09:30:00-03:00,5924.27,5924.27,5916.68,5922.15,3153
2025-01-21 09:35:00-03:00,5921.66,5935.46,5921.66,5933.47,3286
2025-01-21 09:40:00-03:00,5933.07,5933.07,5922.03,5925.51,4771
2025-01-21 09:45:00-03:00,5924.9,5932.09,5924.9,5931.91,3016
2025-01-21 09:50:00-03:00,5933.58,5940.4,5933.58,5938.86,4505
2025-01-21 09:55:00-03:00,5938.11,5939.35,5929.81,5934.53,3029
2025-01-21 10:00:00-03:00,5933.18,5946.72,5933.18,5945.86,4245
2025-01-21 10:05:00-03:00,5946.67,5951.4,5946.67,5950.93,4871
2025-01-21 10:10:00-03:00,5950.71,5957.3,5950.71,5955.88,4214
2025-01-21 10:15:00-03:00,5957.96,5959.43,5953.13,5956.02,3588
2025-01-21 10:20:00-03:00,5955.48,5956.56,5952.96,5954.91,3515
2025-01-21 10:25:00-03:00,5955.77,5959.08,5950.96,5953.85,4200
2025-01-21 10:30:00-03:00,5954.95,5956.04,5954.35,5955.84,6316
2025-01-21 10:35:00-03:00,5955.3,5963.14,5955.3,5962.98,3630
2025-01-21 10:40:00-03:00,5962.22,5964.7,5962.22,5963.91,4346
2025-01-21 10:45:00-03:00,5964.66,5964.66,5957.04,5959.26,4033
2025-01-21 10:50:00-03:00,5959.84,5966.08,5958.82,5963.46,4134
2025-01-21 10:55:00-03:00,5962.02,5968.69,5962.02,5968.17,4481
2025-01-21 11:00:00-03:00,5967.01,5973.56,5967.01,5971.51,3229
2025-01-21 11:05:00-03:00,5968.92,5976.72,5968.92,5975.32,6536
2025-01-21 11:10:00-03:00,5975.93,5975.93,5972.95,5973.94,4123
2025-01-21 11:15:00-03:00,5973.67,5973.67,5968.36,5969.19,3204
2025-01-21 11:20:00-03:00,5969.02,5969.35,5961.9,5964.76,3538
2025-01-21 11:25:00-03:00,5963.03,5963.03,5953.49,5956.41,5626
2025-01-21 11:30:00-03:00,5955.29,5958.58,5955.29,5957.62,4683
2025-01-21 11:35:00-03:00,5957.13,5963.55,5956.59,5957.2,6766
2025-01-21 11:40:00-03:00,5956.51,5956.51,5952.79,5954.95,5594
2025-01-21 11:45:00-03:00,5955.07,5955.07,5939.43,5939.91,5291
2025-01-21 11:50:00-03:00,5940.5,5940.5,5932.75,5933.57,3589
2025-01-21 11:55:00-03:00,5935.88,5942.81,5930.6,5939.26,3202
2025-01-21 12:00:00-03:00,5939.24,5939.24,5929.76,5935.89,5327
2025-01-21 12:05:00-03:00,5937.02,5943.86,5936.28,5937.72,3328
2025-01-21 12:10:00-03:00,5936.88,5936.88,5929.14,5930.65,5688
2025-01-21 12:15:00-03:00,5928.95,5941.67,5928.95,5937.96,3197
2025-01-21 12:20:00-03:00,5937.6,5937.6,5936.35,5937.23,3846
2025-01-21 12:25:00-03:00,5935.61,5940.75,5935.61,5938.7,5637
2025-01-21 12:30:00-03:00,5938.72,5954.73,5938.72,5950.54,5070
2025-01-21 12:35:00-03:00,5949.74,5962.01,5949.74,5958.27,3105
2025-01-21 12:40:00-03:00,5956.27,5958.71,5956.27,5956.7,5635
2025-01-21 12:45:00-03:00,5958.47,5958.47,5953.3,5953.68,4386
2025-01-21 12:50:00-03:00,5953.13,5953.66,5948.95,5952.02,4916
2025-01-21 12:55:00-03:00,5950.35,5956.57,5950.35,5954.62,3197
2025-01-21 13:00:00-03:00,5955.53,5955.56,5953.94,5954.08,3311
2025-01-21 13:05:00-03:00,5953.34,5953.34,5949.24,5952.07,3754
2025-01-21 13:10:00-03:00,5953.18,5964.27,5953.07,5959.55,4165
2025-01-21 13:15:00-03:00,5958.8,5961.16,5958.16,5958.97,3118
2025-01-21 13:20:00-03:00,5958.41,5973.75,5958.41,5970.71,4593
2025-01-21 13:25:00-03:00,5971.06,5972.96,5970.73,5971.17,3535
2025-01-21 13:30:00-03:00,5971.78,5981.19,5971.78,5980.3,7567
2025-01-21 13:35:00-03:00,5981.09,5982.81,5980.6,5982.13,3846
2025-01-21 13:40:00-03:00,5982.04,5987.9,5982.04,5987.06,4354
2025-01-21 13:45:00-03:00,5987.6,5987.6,5979.41,5983.35,4539
2025-01-21 13:50:00-03:00,5984.11,5984.11,5975.95,5978.98,3316
2025-01-21 13:55:00-03:00,5979.19,5984.03,5979.19,5981.33,5579
2025-01-21 14:00:00-03:00,5981.19,5986.56,5981.19,5986.4,3441
2025-01-21 14:05:00-03:00,5984.92,5991.78,5982.07,5986.6,5857
2025-01-21 14:10:00-03:00,5987.22,5987.22,5978.64,5980.02,3242
2025-01-21 14:15:00-03:00,5980.06,5980.06,5970.73,5973.06,5026
2025-01-21 14:20:00-03:00,5972.63,5972.63,5963.91,5965.77,3571
2025-01-21 14:25:00-03:00,5967.07,5967.07,5953.24,5956.75,3906
2025-01-21 14:30:00-03:00,5955.29,5959.16,5954.43,5957.3,6456
2025-01-21 14:35:00-03:00,5958.98,5966.08,5958.98,5963.04,4617
2025-01-21 14:40:00-03:00,5963.02,5964.64,5961.85,5962.98,3225
2025-01-21 14:45:00-03:00,5963.3,5963.3,5948.58,5951.45,4085
2025-01-21 14:50:00-03:00,5951.05,5951.05,5947.95,5950.48,4304
2025-01-21 14:55:00-03:00,5948.78,5952.94,5948.65,5949.65,4072
2025-01-21 15:00:00-03:00,5949.51,5961.0,5949.51,5960.33,4236
2025-01-21 15:05:00-03:00,5960.67,5960.67,5952.38,5952.9,3732
2025-01-21 15:10:00-03:00,5953.59,5953.59,5948.94,5950.91,6373
2025-01-21 15:15:00-03:00,5950.71,5963.04,5950.71,5959.61,3623
2025-01-21 15:20:00-03:00,5957.37,5965.87,5957.37,5961.9,4515
2025-01-21 15:25:00-03:00,5960.33,5969.03,5960.33,5964.78,3550
2025-01-21 15:30:00-03:00,5966.87,5966.87,5963.57,5965.36,4202
2025-01-21 15:35:00-03:00,5964.25,5968.7,5964.19,5967.05,4200
2025-01-21 15:40:00-03:00,5968.51,5971.72,5968.51,5971.02,5458
2025-01-21 15:45:00-03:00,5970.07,5970.66,5965.92,5966.89,5011
2025-01-21 15:50:00-03:00,5966.7,5975.01,5966.7,5971.37,3887
2025-01-21 15:55:00-03:00,5972.01,5972.01,5963.98,5964.36,4024
2025-01-21 16:00:00-03:00,5963.52,5969.53,5963.52,5966.04,4849
2025-01-21 16:05:00-03:00,5967.66,5967.66,5964.37,5966.95,5070
2025-01-21 16:10:00-03:00,5967.03,5967.45,5958.97,5963.8,3794
2025-01-21 16:15:00-03:00,5964.27,5964.34,5962.49,5963.69,3124
2025-01-21 16:20:00-03:00,5963.41,5963.41,5959.05,5960.51,4191
2025-01-21 16:25:00-03:00,5961.18,5961.18,5952.79,5955.04,4716
2025-01-21 16:30:00-03:00,5956.65,5956.65,5951.28,5953.24,5766
2025-01-21 16:35:00-03:00,5953.11,5953.11,5946.57,5947.62,3654
2025-01-21 16:40:00-03:00,5949.38,5949.86,5948.57,5949.26,4508
2025-01-21 16:45:00-03:00,5948.64,5948.64,5942.72,5943.41,3097
2025-01-21 16:50:00-03:00,5944.19,5949.34,5944.19,5947.03,3179
2025-01-21 16:55:00-03:00,5947.53,5947.53,5940.15,5941.02,3372
2025-01-21 17:00:00-03:00,5939.93,5939.93,5937.17,5938.14,4406
2025-01-21 17:05:00-03:00,5938.36,5938.36,5931.59,5934.97,4248
2025-01-21 17:10:00-03:00,5934.98,5942.8,5934.98,5941.7,3292
2025-01-21 17:15:00-03:00,5940.84,5944.18,5940.84,5943.38,3663
2025-01-21 17:20:00-03:00,5943.75,5943.75,5937.5,5942.31,3161
2025-01-21 17:25:00-03:00,5942.46,5948.87,5942.46,5944.84,3894
2025-01-21 17:30:00-03:00,5944.77,5944.77,5931.68,5934.13,3294
2025-01-21 17:35:00-03:00,5934.06,5936.71,5927.49,5933.91,6927
2025-01-21 17:40:00-03:00,5933.82,5948.48,5933.82,5944.07,3273
2025-01-21 17:45:00-03:00,5943.69,5945.09,5943.37,5944.74,3675
2025-01-21 17:50:00-03:00,5944.88,5946.33,5942.26,5945.09,4058
2025-01-21 17:55:00-03:00,5944.43,5949.22,5944.43,5947.87,4530
2025-01-22 09:00:00-03:00,5950.58,5953.88,5950.58,5952.44,4140
2025-01-22 09:05:00-03:00,5951.0,5951.0,5940.2,5942.27,4151
2025-01-22 09:10:00-03:00,5941.67,5941.67,5933.27,5933.72,3322
2025-01-22 09:15:00-03:00,5933.2,5939.8,5929.76,5934.79,4551
2025-01-22 09:20:00-03:00,5936.86,5936.86,5928.8,5931.16,4907
2025-01-22 09:25:00-03:00,5929.81,5939.37,5929.81,5937.82,3424
2025-01-22 09:30:00-03:00,5938.25,5938.25,5936.13,5936.22,3171
2025-01-22 09:35:00-03:00,5936.47,5936.47,5922.78,5926.4,4341
2025-01-22 09:40:00-03:00,5926.74,5926.74,5918.49,5919.97,4356
2025-01-22 09:45:00-03:00,5921.22,5921.22,5905.35,5906.05,4076
2025-01-22 09:50:00-03:00,5907.28,5907.28,5904.84,5904.87,3079
2025-01-22 09:55:00-03:00,5904.41,5905.05,5902.7,5903.92,5612
2025-01-22 10:00:00-03:00,5904.11,5904.42,5898.14,5901.77,4241
2025-01-22 10:05:00-03:00,5899.89,5907.9,5899.89,5907.22,4444
2025-01-22 10:10:00-03:00,5907.33,5916.36,5907.33,5913.29,3707
2025-01-22 10:15:00-03:00,5912.48,5913.51,5908.77,5912.43,3319
2025-01-22 10:20:00-03:00,5912.24,5912.24,5900.19,5901.63,3058
2025-01-22 10:25:00-03:00,5899.93,5908.16,5899.93,5904.75,3515
2025-01-22 10:30:00-03:00,5905.16,5909.38,5905.01,5907.56,3101
2025-01-22 10:35:00-03:00,5905.84,5909.34,5905.84,5909.12,3089
2025-01-22 10:40:00-03:00,5909.27,5919.0,5909.27,5914.09,3670
2025-01-22 10:45:00-03:00,5912.85,5912.85,5904.52,5908.2,4159
2025-01-22 10:50:00-03:00,5907.34,5921.61,5907.34,5918.36,4622
2025-01-22 10:55:00-03:00,5919.53,5919.53,5912.81,5913.51,6156
2025-01-22 11:00:00-03:00,5914.1,5919.07,5914.1,5917.3,3308
2025-01-22 11:05:00-03:00,5918.46,5918.46,5908.7,5908.76,3703
2025-01-22 11:10:00-03:00,5910.34,5910.34,5901.18,5904.06,3628
2025-01-22 11:15:00-03:00,5903.27,5914.83,5903.27,5911.72,5181
2025-01-22 11:20:00-03:00,5913.24,5913.24,5907.37,5910.4,3749
2025-01-22 11:25:00-03:00,5908.92,5916.91,5908.92,5914.65,3153
2025-01-22 11:30:00-03:00,5915.41,5917.73,5913.23,5915.85,4605
2025-01-22 11:35:00-03:00,5915.35,5917.3,5914.1,5915.32,3498
2025-01-22 11:40:00-03:00,5914.38,5923.56,5914.38,5922.23,4775
2025-01-22 11:45:00-03:00,5922.85,5922.85,5916.85,5921.03,3731
2025-01-22 11:50:00-03:00,5921.99,5921.99,5911.29,5912.01,4329
2025-01-22 11:55:00-03:00,5912.94,5912.94,5904.6,5907.95,4801
2025-01-22 12:00:00-03:00,5908.17,5911.1,5908.17,5910.74,3117
2025-01-22 12:05:00-03:00,5910.87,5913.44,5907.63,5912.74,3013
2025-01-22 12:10:00-03:00,5913.27,5913.27,5904.37,5904.82,3578
2025-01-22 12:15:00-03:00,5905.12,5905.12,5894.97,5901.16,7043
2025-01-22 12:20:00-03:00,5901.7,5901.7,5897.77,5898.22,3619
2025-01-22 12:25:00-03:00,5898.42,5898.42,5896.32,5896.37,3674
2025-01-22 12:30:00-03:00,5897.22,5897.22,5886.21,5889.43,4149
2025-01-22 12:35:00-03:00,5887.79,5888.43,5883.47,5886.27,3791
2025-01-22 12:40:00-03:00,5886.13,5886.13,5881.33,5882.6,4306
2025-01-22 12:45:00-03:00,5881.2,5887.6,5881.2,5886.48,3881
2025-01-22 12:50:00-03:00,5886.76,5891.71,5886.76,5890.56,3082
2025-01-22 12:55:00-03:00,5892.22,5892.22,5886.91,5889.83,4342
2025-01-22 13:00:00-03:00,5889.35,5889.35,5885.0,5887.85,4716
2025-01-22 13:05:00-03:00,5887.98,5890.31,5887.64,5888.55,4555
2025-01-22 13:10:00-03:00,5889.32,5889.32,5884.31,5884.44,3831
2025-01-22 13:15:00-03:00,5882.36,5882.36,5878.52,5878.67,6620
2025-01-22 13:20:00-03:00,5878.14,5878.14,5871.97,5873.94,5648
2025-01-22 13:25:00-03:00,5874.3,5874.3,5866.84,5870.75,4203
2025-01-22 13:30:00-03:00,5867.84,5867.84,5863.98,5864.9,3369
2025-01-22 13:35:00-03:00,5863.92,5867.31,5860.76,5865.72,5461
2025-01-22 13:40:00-03:00,5866.82,5870.09,5866.82,5869.38,3212
2025-01-22 13:45:00-03:00,5870.39,5870.39,5860.83,5861.41,3245
2025-01-22 13:50:00-03:00,5861.79,5863.39,5859.46,5861.54,4842
2025-01-22 13:55:00-03:00,5862.43,5862.43,5856.16,5860.44,5452
2025-01-22 14:00:00-03:00,5860.65,5869.29,5857.14,5862.15,3249
2025-01-22 14:05:00-03:00,5862.71,5863.03,5859.11,5862.09,3544
2025-01-22 14:10:00-03:00,5861.77,5861.77,5854.73,5854.8,3458
2025-01-22 14:15:00-03:00,5854.91,5854.91,5847.93,5848.47,3721
2025-01-22 14:20:00-03:00,5847.84,5849.84,5847.18,5848.62,3030
2025-01-22 14:25:00-03:00,5849.89,5857.64,5849.58,5853.77,5755
2025-01-22 14:30:00-03:00,5855.3,5855.3,5841.61,5842.69,3690
2025-01-22 14:35:00-03:00,5844.07,5845.61,5843.28,5844.42,3242
2025-01-22 14:40:00-03:00,5844.01,5854.35,5844.01,5850.37,5960
2025-01-22 14:45:00-03:00,5849.42,5851.5,5848.79,5849.61,3011
2025-01-22 14:50:00-03:00,5850.89,5856.64,5850.89,5852.36,4414
2025-01-22 14:55:00-03:00,5852.91,5852.91,5848.5,5848.84,3076
2025-01-22 15:00:00-03:00,5849.17,5855.25,5843.94,5848.24,3491
2025-01-22 15:05:00-03:00,5847.61,5847.61,5839.54,5840.14,3652
2025-01-22 15:10:00-03:00,5840.56,5840.56,5828.3,5828.43,3040
2025-01-22 15:15:00-03:00,5827.35,5835.38,5827.35,5833.13,4889
2025-01-22 15:20:00-03:00,5833.77,5833.77,5826.43,5828.22,5453
2025-01-22 15:25:00-03:00,5829.59,5829.59,5822.54,5825.95,3394
2025-01-22 15:30:00-03:00,5827.57,5827.57,5814.99,5819.04,5074
2025-01-22 15:35:00-03:00,5819.74,5819.74,5811.51,5812.02,3119
2025-01-22 15:40:00-03:00,5810.64,5811.6,5809.73,5811.15,4219
2025-01-22 15:45:00-03:00,5811.35,5811.35,5807.15,5807.53,4519
2025-01-22 15:50:00-03:00,5809.65,5809.97,5808.09,5809.41,3400
2025-01-22 15:55:00-03:00,5808.54,5812.89,5808.54,5811.66,4221
2025-01-22 16:00:00-03:00,5811.6,5813.75,5811.6,5813.25,3292
2025-01-22 16:05:00-03:00,5814.66,5817.6,5814.1,5814.44,4810
2025-01-22 16:10:00-03:00,5815.06,5823.29,5815.06,5822.3,3794
2025-01-22 16:15:00-03:00,5824.77,5824.77,5816.25,5816.98,4122
2025-01-22 16:20:00-03:00,5816.25,5817.81,5816.1,5816.71,3693
2025-01-22 16:25:00-03:00,5815.72,5824.24,5815.72,5822.35,3303
2025-01-22 16:30:00-03:00,5823.57,5829.41,5821.89,5828.65,3178
2025-01-22 16:35:00-03:00,5827.46,5827.46,5818.56,5821.56,3077
2025-01-22 16:40:00-03:00,5821.37,5821.37,5816.87,5820.01,4751
2025-01-22 16:45:00-03:00,5819.94,5829.69,5819.94,5826.78,6520
2025-01-22 16:50:00-03:00,5827.81,5831.62,5827.81,5829.31,3045
2025-01-22 16:55:00-03:00,5829.93,5831.4,5828.05,5830.29,3119
2025-01-22 17:00:00-03:00,5830.74,5831.51,5827.73,5829.2,5057
2025-01-22 17:05:00-03:00,5828.8,5829.16,5826.86,5827.29,4007
2025-01-22 17:10:00-03:00,5828.5,5829.82,5827.4,5828.72,4086
2025-01-22 17:15:00-03:00,5832.74,5832.74,5825.74,5827.46,3535
2025-01-22 17:20:00-03:00,5828.15,5828.3,5826.64,5827.25,5773
2025-01-22 17:25:00-03:00,5827.35,5829.01,5827.35,5827.64,4514
2025-01-22 17:30:00-03:00,5826.35,5826.98,5820.31,5824.26,3861
2025-01-22 17:35:00-03:00,5823.63,5829.25,5823.63,5826.92,3571
2025-01-22 17:40:00-03:00,5826.7,5843.73,5826.7,5841.47,3247
2025-01-22 17:45:00-03:00,5840.94,5840.94,5830.68,5832.59,5999
2025-01-22 17:50:00-03:00,5832.58,5834.39,5832.58,5834.21,4203
2025-01-22 17:55:00-03:00,5835.98,5835.98,5828.89,5830.41,4124
2025-01-23 09:00:00-03:00,5831.66,5834.23,5828.7,5833.3,5100
2025-01-23 09:05:00-03:00,5833.14,5838.15,5829.82,5833.53,3850
2025-01-23 09:10:00-03:00,5832.32,5839.7,5832.32,5837.33,3083
2025-01-23 09:15:00-03:00,5838.67,5846.59,5836.26,5843.21,5143
2025-01-23 09:20:00-03:00,5843.16,5848.74,5841.11,5844.17,3642
2025-01-23 09:25:00-03:00,5842.44,5852.88,5842.44,5849.84,3403
2025-01-23 09:30:00-03:00,5850.55,5850.55,5836.0,5838.11,3795
2025-01-23 09:35:00-03:00,5839.14,5846.17,5839.14,5846.06,3662
2025-01-23 09:40:00-03:00,5843.64,5852.4,5843.64,5847.94,3912
2025-01-23 09:45:00-03:00,5847.12,5854.57,5845.3,5853.34,3949
2025-01-23 09:50:00-03:00,5853.23,5853.23,5841.54,5847.23,3746
2025-01-23 09:55:00-03:00,5847.97,5847.97,5841.34,5843.07,3649
2025-01-23 10:00:00-03:00,5842.56,5844.74,5839.28,5843.8,3798
2025-01-23 10:05:00-03:00,5842.97,5845.53,5842.65,5843.72,4696
2025-01-23 10:10:00-03:00,5844.45,5848.83,5844.45,5845.14,3420
2025-01-23 10:15:00-03:00,5844.67,5850.99,5844.67,5850.56,5058
2025-01-23 10:20:00-03:00,5851.11,5851.11,5839.45,5841.73,5675
2025-01-23 10:25:00-03:00,5840.62,5849.24,5840.62,5846.6,4108
2025-01-23 10:30:00-03:00,5845.25,5848.74,5843.02,5846.64,7381
2025-01-23 10:35:00-03:00,5847.4,5847.4,5842.52,5845.62,4566
2025-01-23 10:40:00-03:00,5845.88,5845.88,5837.25,5838.27,3512
2025-01-23 10:45:00-03:00,5839.19,5842.65,5837.28,5840.78,4299
2025-01-23 10:50:00-03:00,5840.25,5840.25,5824.75,5828.73,3883
2025-01-23 10:55:00-03:00,5827.93,5832.71,5827.93,5831.96,3622
2025-01-23 11:00:00-03:00,5833.32,5833.32,5819.76,5824.52,4945
2025-01-23 11:05:00-03:00,5823.0,5831.33,5821.74,5824.78,3239
2025-01-23 11:10:00-03:00,5826.03,5826.26,5822.2,5824.19,4925
2025-01-23 11:15:00-03:00,5825.51,5830.42,5825.51,5830.02,3741
2025-01-23 11:20:00-03:00,5830.88,5830.88,5828.83,5829.13,3463
2025-01-23 11:25:00-03:00,5828.45,5828.45,5821.86,5825.67,3585
2025-01-23 11:30:00-03:00,5824.86,5824.86,5822.05,5823.14,3842
2025-01-23 11:35:00-03:00,5822.93,5830.25,5822.93,5829.49,4230
2025-01-23 11:40:00-03:00,5828.2,5833.48,5828.2,5832.17,4495
2025-01-23 11:45:00-03:00,5831.21,5831.21,5830.12,5830.24,3392
2025-01-23 11:50:00-03:00,5830.89,5831.93,5825.81,5829.06,3262
2025-01-23 11:55:00-03:00,5829.71,5829.71,5821.24,5821.25,3876
2025-01-23 12:00:00-03:00,5820.2,5823.34,5820.2,5823.19,3575
2025-01-23 12:05:00-03:00,5823.86,5823.86,5813.02,5814.42,4702
2025-01-23 12:10:00-03:00,5814.87,5822.05,5814.87,5818.16,4209
2025-01-23 12:15:00-03:00,5819.67,5819.67,5815.31,5818.8,3361
2025-01-23 12:20:00-03:00,5819.37,5833.1,5819.37,5830.7,3993
2025-01-23 12:25:00-03:00,5831.76,5831.76,5821.48,5825.22,4888
2025-01-23 12:30:00-03:00,5825.69,5825.69,5824.19,5824.71,5034
2025-01-23 12:35:00-03:00,5825.68,5834.2,5825.68,5833.68,3896
2025-01-23 12:40:00-03:00,5832.39,5840.45,5832.39,5839.63,3536
2025-01-23 12:45:00-03:00,5839.51,5839.51,5834.73,5836.15,4192
2025-01-23 12:50:00-03:00,5836.11,5839.4,5836.11,5837.27,3792
2025-01-23 12:55:00-03:00,5837.03,5837.86,5836.08,5837.28,3644
2025-01-23 13:00:00-03:00,5837.72,5839.28,5837.72,5838.69,5117
2025-01-23 13:05:00-03:00,5839.32,5839.32,5833.96,5835.2,3725
2025-01-23 13:10:00-03:00,5835.59,5837.17,5829.45,5834.75,3242
2025-01-23 13:15:00-03:00,5834.58,5834.58,5824.48,5826.78,3981
2025-01-23 13:20:00-03:00,5826.04,5827.89,5826.04,5827.45,3389
2025-01-23 13:25:00-03:00,5828.55,5831.63,5828.55,5829.7,4690
2025-01-23 13:30:00-03:00,5830.04,5832.13,5826.15,5828.56,4507
2025-01-23 13:35:00-03:00,5827.55,5827.55,5816.85,5820.51,4262
2025-01-23 13:40:00-03:00,5820.32,5826.88,5820.32,5825.44,4878
2025-01-23 13:45:00-03:00,5823.7,5827.6,5823.23,5827.25,3113
2025-01-23 13:50:00-03:00,5827.29,5827.29,5823.13,5823.63,4004
2025-01-23 13:55:00-03:00,5823.44,5823.44,5818.79,5822.24,3602
2025-01-23 14:00:00-03:00,5821.66,5821.66,5814.2,5814.76,3053
2025-01-23 14:05:00-03:00,5816.34,5816.34,5809.53,5809.66,3522
2025-01-23 14:10:00-03:00,5808.51,5808.51,5804.84,5806.99,4247
2025-01-23 14:15:00-03:00,5807.69,5817.7,5807.69,5813.1,4743
2025-01-23 14:20:00-03:00,5815.27,5815.27,5802.49,5809.91,4626
2025-01-23 14:25:00-03:00,5810.99,5818.91,5810.99,5813.1,4778
2025-01-23 14:30:00-03:00,5813.07,5813.07,5807.93,5810.42,4957
2025-01-23 14:35:00-03:00,5809.29,5818.47,5808.12,5811.65,3536
2025-01-23 14:40:00-03:00,5810.3,5813.11,5810.3,5810.95,4132
2025-01-23 14:45:00-03:00,5810.54,5817.31,5810.54,5815.3,3253
2025-01-23 14:50:00-03:00,5814.61,5814.61,5808.55,5812.63,4246
2025-01-23 14:55:00-03:00,5811.92,5811.92,5803.07,5804.82,3810
2025-01-23 15:00:00-03:00,5804.49,5804.49,5796.06,5797.95,3383
2025-01-23 15:05:00-03:00,5797.85,5797.85,5795.2,5795.31,4256
2025-01-23 15:10:00-03:00,5795.8,5795.8,5786.97,5789.12,3209
2025-01-23 15:15:00-03:00,5787.9,5795.79,5787.9,5791.16,3859
2025-01-23 15:20:00-03:00,5790.48,5791.69,5786.31,5788.85,4062
2025-01-23 15:25:00-03:00,5788.69,5800.65,5788.69,5800.62,3615
2025-01-23 15:30:00-03:00,5800.43,5800.43,5789.36,5792.0,3123
2025-01-23 15:35:00-03:00,5793.82,5793.99,5792.6,5793.01,5063
2025-01-23 15:40:00-03:00,5793.24,5793.24,5787.19,5787.42,4270
2025-01-23 15:45:00-03:00,5785.82,5786.75,5780.75,5784.98,3720
2025-01-23 15:50:00-03:00,5785.39,5788.61,5785.32,5785.68,5388
2025-01-23 15:55:00-03:00,5786.22,5786.22,5772.66,5774.18,5104
2025-01-23 16:00:00-03:00,5774.05,5779.59,5772.04,5775.35,3271
2025-01-23 16:05:00-03:00,5774.14,5787.47,5774.14,5784.76,4049
2025-01-23 16:10:00-03:00,5786.5,5786.5,5782.3,5782.52,4463
2025-01-23 16:15:00-03:00,5781.46,5787.92,5781.46,5783.8,3730
2025-01-23 16:20:00-03:00,5784.46,5789.66,5784.46,5788.88,5655
2025-01-23 16:25:00-03:00,5789.08,5789.46,5782.61,5788.07,3215
2025-01-23 16:30:00-03:00,5788.66,5788.66,5784.33,5785.19,4187
2025-01-23 16:35:00-03:00,5786.88,5786.88,5769.93,5773.93,5742
2025-01-23 16:40:00-03:00,5774.49,5778.31,5773.54,5777.1,5582
2025-01-23 16:45:00-03:00,5776.55,5779.54,5775.58,5776.54,3804
2025-01-23 16:50:00-03:00,5777.63,5777.63,5770.79,5771.53,3950
2025-01-23 16:55:00-03:00,5770.91,5773.15,5770.59,5772.16,3336
2025-01-23 17:00:00-03:00,5772.32,5772.32,5768.53,5769.28,6408
2025-01-23 17:05:00-03:00,5768.0,5768.0,5765.33,5766.67,3137
2025-01-23 17:10:00-03:00,5765.65,5772.88,5765.65,5769.66,4541
2025-01-23 17:15:00-03:00,5769.71,5769.71,5761.19,5763.06,5434
2025-01-23 17:20:00-03:00,5763.42,5769.43,5762.96,5768.22,5841
2025-01-23 17:25:00-03:00,5766.55,5766.55,5761.18,5761.33,4202
2025-01-23 17:30:00-03:00,5761.82,5761.82,5754.75,5758.06,4281
2025-01-23 17:35:00-03:00,5757.25,5770.6,5757.25,5767.55,3218
2025-01-23 17:40:00-03:00,5768.81,5774.98,5768.81,5773.11,4829
2025-01-23 17:45:00-03:00,5772.77,5773.73,5772.77,5773.6,5523
2025-01-23 17:50:00-03:00,5772.49,5772.49,5766.79,5768.95,3065
2025-01-23 17:55:00-03:00,5769.02,5769.02,5765.02,5766.34,3184
2025-01-24 09:00:00-03:00,5765.43,5767.35,5764.65,5766.7,5389
2025-01-24 09:05:00-03:00,5767.95,5768.68,5766.49,5766.88,3024
2025-01-24 09:10:00-03:00,5766.88,5769.44,5764.63,5766.44,3600
2025-01-24 09:15:00-03:00,5766.29,5769.77,5765.29,5766.28,4126
2025-01-24 09:20:00-03:00,5766.87,5771.0,5762.27,5765.23,5055
2025-01-24 09:25:00-03:00,5764.23,5764.23,5753.21,5758.11,3915
2025-01-24 09:30:00-03:00,5756.84,5757.11,5755.33,5755.57,6280
2025-01-24 09:35:00-03:00,5755.97,5764.02,5755.97,5760.08,3949
2025-01-24 09:40:00-03:00,5758.99,5758.99,5752.01,5753.33,3411
2025-01-24 09:45:00-03:00,5752.25,5756.81,5749.81,5752.4,4464
2025-01-24 09:50:00-03:00,5753.22,5753.22,5747.79,5748.37,4366
2025-01-24 09:55:00-03:00,5748.88,5749.7,5746.21,5748.91,5036
2025-01-24 10:00:00-03:00,5747.68,5748.58,5745.72,5747.0,5350
2025-01-24 10:05:00-03:00,5746.39,5755.91,5746.39,5754.27,3838
2025-01-24 10:10:00-03:00,5753.38,5760.52,5753.38,5756.77,5931
2025-01-24 10:15:00-03:00,5758.52,5758.52,5749.08,5750.31,5846
2025-01-24 10:20:00-03:00,5751.2,5757.6,5749.57,5753.61,3676
2025-01-24 10:25:00-03:00,5753.2,5755.82,5748.93,5749.8,4011
2025-01-24 10:30:00-03:00,5750.37,5750.88,5745.38,5746.96,5460
2025-01-24 10:35:00-03:00,5745.63,5751.08,5745.63,5748.51,3117
2025-01-24 10:40:00-03:00,5747.84,5748.65,5743.25,5746.09,3243
2025-01-24 10:45:00-03:00,5746.19,5754.16,5746.19,5750.48,4184
2025-01-24 10:50:00-03:00,5750.92,5750.92,5744.0,5746.67,4366
2025-01-24 10:55:00-03:00,5746.57,5749.58,5740.35,5743.63,3296
2025-01-24 11:00:00-03:00,5743.87,5743.87,5738.45,5740.4,3834
2025-01-24 11:05:00-03:00,5740.48,5740.86,5736.91,5737.62,4050
2025-01-24 11:10:00-03:00,5737.46,5748.52,5737.46,5743.02,3805
2025-01-24 11:15:00-03:00,5742.73,5746.71,5739.74,5746.11,3760
2025-01-24 11:20:00-03:00,5745.69,5755.31,5745.69,5754.53,3689
2025-01-24 11:25:00-03:00,5754.76,5767.32,5754.76,5765.71,3567
2025-01-24 11:30:00-03:00,5766.11,5766.11,5755.57,5760.62,3103
2025-01-24 11:35:00-03:00,5760.82,5761.95,5757.4,5760.97,4191
2025-01-24 11:40:00-03:00,5759.81,5759.81,5753.17,5755.18,5355
2025-01-24 11:45:00-03:00,5754.19,5754.19,5745.92,5751.35,4597
2025-01-24 11:50:00-03:00,5751.74,5751.74,5747.35,5748.25,3405
2025-01-24 11:55:00-03:00,5749.69,5749.69,5740.34,5743.05,5164
2025-01-24 12:00:00-03:00,5743.2,5743.2,5735.24,5737.88,3610
2025-01-24 12:05:00-03:00,5737.47,5739.35,5733.8,5737.17,3561
2025-01-24 12:10:00-03:00,5737.39,5737.39,5729.29,5731.2,4964
2025-01-24 12:15:00-03:00,5730.08,5738.82,5730.08,5735.33,3213
2025-01-24 12:20:00-03:00,5736.61,5736.61,5726.38,5730.83,4544
2025-01-24 12:25:00-03:00,5731.01,5746.48,5731.01,5744.62,3452
2025-01-24 12:30:00-03:00,5743.97,5745.0,5741.87,5742.41,3803
2025-01-24 12:35:00-03:00,5742.24,5744.62,5739.59,5742.76,3200
2025-01-24 12:40:00-03:00,5742.24,5742.24,5735.57,5736.4,4094
2025-01-24 12:45:00-03:00,5737.69,5747.48,5737.69,5744.78,4790
2025-01-24 12:50:00-03:00,5744.58,5751.26,5744.58,5750.29,3198
2025-01-24 12:55:00-03:00,5750.44,5752.26,5749.24,5751.75,5471
2025-01-24 13:00:00-03:00,5752.31,5752.31,5742.68,5745.12,5576
2025-01-24 13:05:00-03:00,5744.39,5747.31,5744.08,5746.16,3489
2025-01-24 13:10:00-03:00,5746.35,5746.35,5738.19,5740.64,6506
2025-01-24 13:15:00-03:00,5740.91,5751.48,5740.91,5747.83,5692
2025-01-24 13:20:00-03:00,5746.3,5752.1,5746.3,5751.82,3895
2025-01-24 13:25:00-03:00,5752.07,5753.04,5750.54,5752.29,3953
2025-01-24 13:30:00-03:00,5752.24,5752.24,5738.93,5740.3,4664
2025-01-24 13:35:00-03:00,5740.43,5740.43,5731.2,5735.47,4542
2025-01-24 13:40:00-03:00,5735.51,5741.89,5735.51,5738.85,4670
2025-01-24 13:45:00-03:00,5739.11,5744.94,5739.11,5744.81,4527
2025-01-24 13:50:00-03:00,5746.13,5753.49,5746.13,5750.27,4148
2025-01-24 13:55:00-03:00,5749.11,5749.11,5736.43,5742.44,3171
2025-01-24 14:00:00-03:00,5742.1,5744.06,5740.71,5743.92,3931
2025-01-24 14:05:00-03:00,5744.58,5749.01,5744.58,5748.92,4789
2025-01-24 14:10:00-03:00,5749.39,5749.39,5740.09,5740.76,4567
2025-01-24 14:15:00-03:00,5741.21,5746.58,5740.2,5740.72,3001
2025-01-24 14:20:00-03:00,5743.43,5743.43,5741.71,5742.07,4530
2025-01-24 14:25:00-03:00,5742.67,5742.67,5738.87,5740.59,4006
2025-01-24 14:30:00-03:00,5741.7,5741.7,5730.42,5731.5,5731
2025-01-24 14:35:00-03:00,5731.2,5734.81,5726.34,5729.9,4006
2025-01-24 14:40:00-03:00,5728.93,5730.16,5725.07,5728.29,4209
2025-01-24 14:45:00-03:00,5727.99,5729.98,5724.8,5727.57,3947
2025-01-24 14:50:00-03:00,5728.27,5728.27,5723.62,5724.81,4439
2025-01-24 14:55:00-03:00,5725.2,5725.2,5721.57,5722.64,3691
2025-01-24 15:00:00-03:00,5723.03,5725.65,5717.55,5722.44,3930
2025-01-24 15:05:00-03:00,5722.23,5727.89,5722.15,5724.61,5572
2025-01-24 15:10:00-03:00,5724.24,5724.38,5720.8,5723.12,5588
2025-01-24 15:15:00-03:00,5722.94,5722.94,5720.46,5721.11,4931
2025-01-24 15:20:00-03:00,5721.82,5722.15,5720.86,5721.56,4187
2025-01-24 15:25:00-03:00,5722.39,5722.39,5708.62,5712.16,4148
2025-01-24 15:30:00-03:00,5711.18,5716.93,5711.18,5714.5,3307
2025-01-24 15:35:00-03:00,5715.24,5717.05,5713.29,5714.49,4086
2025-01-24 15:40:00-03:00,5713.86,5716.2,5711.54,5714.69,4075
2025-01-24 15:45:00-03:00,5715.15,5721.92,5715.15,5719.39,4434
2025-01-24 15:50:00-03:00,5719.2,5719.2,5709.49,5709.84,3028
2025-01-24 15:55:00-03:00,5711.37,5711.37,5699.78,5700.2,4224
2025-01-24 16:00:00-03:00,5699.79,5702.11,5699.36,5701.54,3405
2025-01-24 16:05:00-03:00,5701.71,5705.65,5697.91,5701.5,3349
2025-01-24 16:10:00-03:00,5702.09,5703.96,5700.54,5702.33,3361
2025-01-24 16:15:00-03:00,5701.48,5701.48,5700.03,5700.08,3768
2025-01-24 16:20:00-03:00,5700.01,5704.08,5700.01,5703.32,4387
2025-01-24 16:25:00-03:00,5703.06,5708.49,5702.78,5707.87,3374
2025-01-24 16:30:00-03:00,5707.37,5712.06,5707.37,5710.24,4553
2025-01-24 16:35:00-03:00,5709.81,5710.86,5705.43,5708.96,5004
2025-01-24 16:40:00-03:00,5710.05,5710.05,5694.59,5698.67,3688
2025-01-24 16:45:00-03:00,5698.09,5703.05,5698.09,5702.43,3759
2025-01-24 16:50:00-03:00,5702.98,5709.27,5702.98,5708.39,4560
2025-01-24 16:55:00-03:00,5708.7,5714.89,5708.7,5711.54,3698
2025-01-24 17:00:00-03:00,5710.18,5710.18,5704.92,5707.24,6905
2025-01-24 17:05:00-03:00,5707.75,5712.06,5707.75,5710.54,3465
2025-01-24 17:10:00-03:00,5709.15,5717.49,5709.15,5714.74,4046
2025-01-24 17:15:00-03:00,5715.36,5723.45,5715.36,5722.37,3435
2025-01-24 17:20:00-03:00,5721.88,5721.88,5713.04,5718.08,3148
2025-01-24 17:25:00-03:00,5718.09,5719.2,5713.83,5716.98,3388
2025-01-24 17:30:00-03:00,5715.71,5721.33,5715.71,5720.63,3441
2025-01-24 17:35:00-03:00,5720.75,5723.45,5718.95,5720.92,3781
2025-01-24 17:40:00-03:00,5721.82,5721.82,5712.56,5715.45,4731
2025-01-24 17:45:00-03:00,5714.66,5719.16,5714.66,5717.48,3463
2025-01-24 17:50:00-03:00,5716.88,5721.78,5715.99,5720.31,3694
2025-01-24 17:55:00-03:00,5720.75,5722.4,5715.61,5720.74,3490
2025-01-27 09:00:00-03:00,5721.21,5724.29,5717.75,5721.81,4984
2025-01-27 09:05:00-03:00,5719.43,5721.15,5719.43,5720.55,5491
2025-01-27 09:10:00-03:00,5722.52,5729.38,5722.52,5727.79,3811
2025-01-27 09:15:00-03:00,5728.31,5728.31,5720.96,5723.38,4451
2025-01-27 09:20:00-03:00,5724.06,5724.06,5719.8,5720.5,3414
2025-01-27 09:25:00-03:00,5720.36,5722.75,5718.99,5720.55,3455
2025-01-27 09:30:00-03:00,5718.74,5725.53,5718.74,5724.86,3176
2025-01-27 09:35:00-03:00,5725.52,5725.52,5716.36,5717.53,4181
2025-01-27 09:40:00-03:00,5716.97,5716.97,5707.17,5711.12,4452
2025-01-27 09:45:00-03:00,5711.65,5711.65,5699.83,5701.17,5592
2025-01-27 09:50:00-03:00,5700.95,5702.1,5699.69,5701.32,3170
2025-01-27 09:55:00-03:00,5701.56,5701.56,5689.37,5695.87,4687
2025-01-27 10:00:00-03:00,5695.11,5696.04,5693.83,5694.0,5077
2025-01-27 10:05:00-03:00,5694.84,5700.06,5692.14,5697.22,3616
2025-01-27 10:10:00-03:00,5696.06,5696.06,5690.86,5694.09,3635
2025-01-27 10:15:00-03:00,5696.28,5696.28,5690.72,5695.22,3067
2025-01-27 10:20:00-03:00,5697.4,5697.4,5693.0,5693.76,4735
2025-01-27 10:25:00-03:00,5695.35,5701.24,5694.11,5697.04,3278
2025-01-27 10:30:00-03:00,5698.28,5699.77,5695.18,5699.35,3881
2025-01-27 10:35:00-03:00,5699.27,5699.27,5695.38,5695.98,3748
2025-01-27 10:40:00-03:00,5697.12,5698.84,5693.29,5695.16,3487
2025-01-27 10:45:00-03:00,5695.06,5702.61,5695.06,5700.25,3260
2025-01-27 10:50:00-03:00,5698.73,5702.95,5695.8,5702.17,6167
2025-01-27 10:55:00-03:00,5703.63,5703.63,5692.71,5695.35,5751
2025-01-27 11:00:00-03:00,5696.45,5699.03,5696.45,5698.55,3752
2025-01-27 11:05:00-03:00,5698.52,5698.52,5691.2,5693.26,3380
2025-01-27 11:10:00-03:00,5692.07,5703.46,5692.07,5700.15,3960
2025-01-27 11:15:00-03:00,5699.58,5708.91,5699.58,5705.15,3416
2025-01-27 11:20:00-03:00,5703.37,5708.73,5703.37,5706.56,4001
2025-01-27 11:25:00-03:00,5707.49,5709.69,5703.79,5707.33,4086
2025-01-27 11:30:00-03:00,5705.77,5707.88,5705.75,5706.31,3279
2025-01-27 11:35:00-03:00,5706.59,5711.18,5706.59,5709.63,4639
2025-01-27 11:40:00-03:00,5708.8,5708.8,5703.63,5707.81,4903
2025-01-27 11:45:00-03:00,5706.42,5709.45,5706.42,5708.97,4224
2025-01-27 11:50:00-03:00,5709.2,5716.22,5709.2,5713.23,3819
2025-01-27 11:55:00-03:00,5712.9,5712.9,5708.39,5710.48,3741
2025-01-27 12:00:00-03:00,5711.3,5711.3,5704.23,5707.47,3748
2025-01-27 12:05:00-03:00,5706.23,5706.23,5701.1,5701.64,4223
2025-01-27 12:10:00-03:00,5700.9,5700.9,5695.34,5696.45,5354
2025-01-27 12:15:00-03:00,5694.12,5694.12,5687.2,5687.54,6034
2025-01-27 12:20:00-03:00,5685.41,5696.45,5685.41,5691.09,3104
2025-01-27 12:25:00-03:00,5692.85,5699.95,5692.85,5699.91,3447
2025-01-27 12:30:00-03:00,5701.95,5708.56,5701.95,5706.87,4772
2025-01-27 12:35:00-03:00,5706.96,5706.96,5698.6,5698.93,4569
2025-01-27 12:40:00-03:00,5698.13,5702.69,5698.13,5702.47,3228
2025-01-27 12:45:00-03:00,5702.18,5709.78,5702.18,5709.41,5024
2025-01-27 12:50:00-03:00,5710.27,5710.27,5706.83,5707.18,3555
2025-01-27 12:55:00-03:00,5706.68,5711.2,5706.68,5707.68,4599
2025-01-27 13:00:00-03:00,5707.91,5707.91,5697.72,5697.88,3687
2025-01-27 13:05:00-03:00,5697.86,5699.54,5695.2,5699.18,4005
2025-01-27 13:10:00-03:00,5698.62,5698.62,5690.55,5693.99,3821
2025-01-27 13:15:00-03:00,5693.48,5696.34,5693.08,5694.96,5163
2025-01-27 13:20:00-03:00,5695.25,5695.25,5684.86,5687.36,3150
2025-01-27 13:25:00-03:00,5686.41,5690.15,5686.41,5690.0,4501
2025-01-27 13:30:00-03:00,5690.44,5697.16,5690.44,5694.99,4681
2025-01-27 13:35:00-03:00,5694.54,5694.54,5688.22,5691.18,3610
2025-01-27 13:40:00-03:00,5691.3,5691.3,5683.22,5685.64,5586
2025-01-27 13:45:00-03:00,5686.99,5686.99,5674.65,5675.16,6186
2025-01-27 13:50:00-03:00,5675.0,5675.26,5672.02,5673.87,3202
2025-01-27 13:55:00-03:00,5674.76,5674.76,5670.34,5671.04,5144
2025-01-27 14:00:00-03:00,5669.31,5669.31,5663.5,5663.52,4335
2025-01-27 14:05:00-03:00,5663.06,5667.45,5663.06,5665.72,3238
2025-01-27 14:10:00-03:00,5665.74,5665.74,5661.34,5663.53,3604
2025-01-27 14:15:00-03:00,5665.4,5665.4,5656.64,5658.32,4025
2025-01-27 14:20:00-03:00,5656.42,5656.42,5652.04,5655.64,3366
2025-01-27 14:25:00-03:00,5655.54,5663.4,5655.54,5660.82,4943
2025-01-27 14:30:00-03:00,5662.24,5665.33,5662.24,5663.75,3166
2025-01-27 14:35:00-03:00,5662.99,5664.64,5661.28,5663.12,3773
2025-01-27 14:40:00-03:00,5662.91,5666.56,5662.91,5666.12,3322
2025-01-27 14:45:00-03:00,5666.44,5666.44,5659.77,5660.49,4500
2025-01-27 14:50:00-03:00,5660.67,5662.64,5660.58,5660.65,4545
2025-01-27 14:55:00-03:00,5662.17,5662.17,5659.2,5661.36,4095
2025-01-27 15:00:00-03:00,5661.8,5661.8,5657.48,5659.09,4561
2025-01-27 15:05:00-03:00,5660.37,5666.56,5660.37,5661.2,4941
2025-01-27 15:10:00-03:00,5660.85,5660.85,5657.39,5657.41,4427
2025-01-27 15:15:00-03:00,5656.7,5660.27,5656.7,5659.88,3817
2025-01-27 15:20:00-03:00,5659.67,5662.95,5659.67,5662.56,3413
2025-01-27 15:25:00-03:00,5661.44,5661.44,5644.07,5648.44,4185
2025-01-27 15:30:00-03:00,5648.91,5657.14,5648.91,5654.19,3489
2025-01-27 15:35:00-03:00,5653.82,5653.82,5638.89,5639.46,4387
2025-01-27 15:40:00-03:00,5638.82,5642.79,5636.08,5636.49,4378
2025-01-27 15:45:00-03:00,5636.97,5642.6,5636.97,5641.44,3830
2025-01-27 15:50:00-03:00,5640.34,5640.86,5637.41,5639.91,3279
2025-01-27 15:55:00-03:00,5640.65,5640.65,5631.56,5632.84,5324
2025-01-27 16:00:00-03:00,5632.37,5632.37,5624.83,5627.56,3854
2025-01-27 16:05:00-03:00,5628.68,5634.59,5628.68,5632.51,4514
2025-01-27 16:10:00-03:00,5632.14,5632.14,5622.09,5623.26,4074
2025-01-27 16:15:00-03:00,5623.87,5629.59,5623.87,5628.69,4221
2025-01-27 16:20:00-03:00,5628.87,5630.9,5624.69,5628.43,6496
2025-01-27 16:25:00-03:00,5629.14,5629.14,5619.67,5622.69,3839
2025-01-27 16:30:00-03:00,5622.79,5622.79,5617.83,5619.88,3257
2025-01-27 16:35:00-03:00,5618.28,5619.11,5613.8,5614.99,5613
2025-01-27 16:40:00-03:00,5615.96,5620.22,5614.79,5619.16,4753
2025-01-27 16:45:00-03:00,5619.07,5624.49,5619.07,5622.68,4006
2025-01-27 16:50:00-03:00,5623.44,5623.44,5613.77,5614.41,4585
2025-01-27 16:55:00-03:00,5615.07,5615.07,5610.75,5612.47,4082
2025-01-27 17:00:00-03:00,5611.73,5611.73,5605.91,5608.33,3560
2025-01-27 17:05:00-03:00,5607.45,5617.39,5607.45,5614.54,3212
2025-01-27 17:10:00-03:00,5615.17,5615.17,5607.53,5608.06,5222
2025-01-27 17:15:00-03:00,5607.76,5620.0,5607.76,5615.76,3682
2025-01-27 17:20:00-03:00,5616.66,5616.92,5612.81,5615.6,4914
2025-01-27 17:25:00-03:00,5615.43,5615.43,5609.99,5610.02,3783
2025-01-27 17:30:00-03:00,5611.0,5611.0,5604.09,5606.77,3235
2025-01-27 17:35:00-03:00,5607.17,5607.17,5600.56,5602.92,3169
2025-01-27 17:40:00-03:00,5603.2,5603.2,5595.46,5596.81,3871
2025-01-27 17:45:00-03:00,5596.45,5597.68,5596.12,5597.27,4158
2025-01-27 17:50:00-03:00,5597.49,5597.49,5590.62,5591.39,3834
2025-01-27 17:55:00-03:00,5592.53,5592.53,5579.41,5580.96,5302
2025-01-28 09:00:00-03:00,5580.91,5580.91,5579.03,5579.15,4974
2025-01-28 09:05:00-03:00,5579.66,5579.66,5567.81,5570.55,4015
2025-01-28 09:10:00-03:00,5570.59,5572.72,5565.94,5566.96,4264
2025-01-28 09:15:00-03:00,5567.08,5567.08,5559.94,5562.63,4530
2025-01-28 09:20:00-03:00,5564.27,5564.27,5558.3,5558.49,3489
2025-01-28 09:25:00-03:00,5559.63,5568.08,5559.63,5568.01,3091
2025-01-28 09:30:00-03:00,5568.09,5569.61,5567.39,5568.28,5652
2025-01-28 09:35:00-03:00,5568.49,5570.78,5564.62,5569.45,3742
2025-01-28 09:40:00-03:00,5568.78,5568.78,5559.71,5560.99,4931
2025-01-28 09:45:00-03:00,5560.83,5560.83,5550.5,5557.88,3864
2025-01-28 09:50:00-03:00,5558.17,5560.83,5558.17,5558.9,4014
2025-01-28 09:55:00-03:00,5559.71,5559.71,5553.75,5554.03,4191
2025-01-28 10:00:00-03:00,5554.74,5561.03,5554.74,5558.35,3449
2025-01-28 10:05:00-03:00,5557.29,5557.29,5548.72,5552.63,3229
2025-01-28 10:10:00-03:00,5553.56,5553.56,5548.95,5551.27,3664
2025-01-28 10:15:00-03:00,5551.18,5551.18,5543.37,5548.48,3902
2025-01-28 10:20:00-03:00,5547.55,5550.8,5547.55,5549.27,4637
2025-01-28 10:25:00-03:00,5550.53,5550.53,5540.12,5546.22,4698
2025-01-28 10:30:00-03:00,5547.61,5547.61,5543.46,5544.94,3332
2025-01-28 10:35:00-03:00,5545.19,5545.19,5541.08,5543.82,3545
2025-01-28 10:40:00-03:00,5544.49,5544.49,5539.67,5540.33,3147
2025-01-28 10:45:00-03:00,5541.06,5542.84,5539.6,5542.63,4296
2025-01-28 10:50:00-03:00,5543.96,5546.16,5540.84,5543.77,4459
2025-01-28 10:55:00-03:00,5544.46,5544.46,5541.08,5543.35,5097
2025-01-28 11:00:00-03:00,5542.09,5542.09,5541.13,5541.3,3638
2025-01-28 11:05:00-03:00,5543.21,5547.4,5543.05,5545.08,3165
2025-01-28 11:10:00-03:00,5546.09,5546.38,5542.67,5543.96,3379
2025-01-28 11:15:00-03:00,5543.48,5544.33,5538.98,5542.51,5602
2025-01-28 11:20:00-03:00,5541.53,5543.83,5541.53,5543.0,5009
2025-01-28 11:25:00-03:00,5543.48,5551.23,5543.48,5551.06,3482
2025-01-28 11:30:00-03:00,5550.8,5550.8,5541.98,5544.7,3758
2025-01-28 11:35:00-03:00,5545.01,5549.8,5543.91,5548.35,4018
2025-01-28 11:40:00-03:00,5549.05,5549.05,5536.4,5539.37,4867
2025-01-28 11:45:00-03:00,5538.83,5540.88,5538.83,5540.4,4385
2025-01-28 11:50:00-03:00,5539.34,5550.27,5539.34,5547.87,5320
2025-01-28 11:55:00-03:00,5548.24,5550.92,5548.24,5550.19,3435
2025-01-28 12:00:00-03:00,5549.69,5551.35,5547.27,5551.0,3870
2025-01-28 12:05:00-03:00,5551.14,5556.54,5546.64,5548.34,3189
2025-01-28 12:10:00-03:00,5547.06,5549.17,5547.06,5548.49,4629
2025-01-28 12:15:00-03:00,5548.25,5548.25,5544.73,5547.29,4401
2025-01-28 12:20:00-03:00,5547.97,5547.97,5541.21,5543.56,5199
2025-01-28 12:25:00-03:00,5544.14,5546.55,5537.21,5542.19,5451
2025-01-28 12:30:00-03:00,5541.44,5543.35,5538.95,5543.13,4449
2025-01-28 12:35:00-03:00,5542.02,5544.22,5538.67,5539.49,3228
2025-01-28 12:40:00-03:00,5539.5,5539.5,5532.67,5535.67,4787
2025-01-28 12:45:00-03:00,5536.2,5536.2,5525.8,5529.22,4581
2025-01-28 12:50:00-03:00,5529.61,5532.01,5529.61,5531.07,3714
2025-01-28 12:55:00-03:00,5530.59,5537.1,5530.59,5533.66,5186
2025-01-28 13:00:00-03:00,5533.94,5535.64,5533.94,5534.75,3348
2025-01-28 13:05:00-03:00,5536.18,5541.32,5536.18,5539.33,7689
2025-01-28 13:10:00-03:00,5539.52,5541.37,5535.57,5539.74,3024
2025-01-28 13:15:00-03:00,5538.2,5542.93,5536.98,5541.6,4112
2025-01-28 13:20:00-03:00,5541.8,5543.9,5541.8,5543.05,4512
2025-01-28 13:25:00-03:00,5544.98,5545.78,5541.35,5542.61,5658
2025-01-28 13:30:00-03:00,5541.39,5542.59,5537.91,5540.09,4271
2025-01-28 13:35:00-03:00,5540.12,5551.69,5540.12,5550.6,5111
2025-01-28 13:40:00-03:00,5550.39,5551.62,5545.2,5548.46,3372
2025-01-28 13:45:00-03:00,5548.55,5548.55,5544.69,5545.29,4881
2025-01-28 13:50:00-03:00,5545.48,5548.62,5545.48,5547.35,4272
2025-01-28 13:55:00-03:00,5548.44,5551.75,5547.36,5548.55,3243
2025-01-28 14:00:00-03:00,5548.63,5548.63,5541.22,5541.88,3430
2025-01-28 14:05:00-03:00,5543.1,5547.93,5541.12,5547.21,5073
2025-01-28 14:10:00-03:00,5547.1,5549.46,5546.47,5546.76,3478
2025-01-28 14:15:00-03:00,5546.43,5546.43,5540.46,5541.49,3938
2025-01-28 14:20:00-03:00,5540.86,5547.36,5540.86,5547.13,3096
2025-01-28 14:25:00-03:00,5545.41,5551.3,5545.41,5550.1,5514
2025-01-28 14:30:00-03:00,5550.37,5550.37,5540.69,5544.1,6481
2025-01-28 14:35:00-03:00,5546.05,5553.98,5546.05,5552.54,4247
2025-01-28 14:40:00-03:00,5552.98,5555.85,5552.98,5555.67,3562
2025-01-28 14:45:00-03:00,5556.33,5557.4,5551.38,5555.62,3392
2025-01-28 14:50:00-03:00,5555.23,5565.74,5555.23,5563.19,4246
2025-01-28 14:55:00-03:00,5562.96,5565.17,5559.58,5563.95,5095
2025-01-28 15:00:00-03:00,5564.89,5564.89,5562.91,5563.82,3801
2025-01-28 15:05:00-03:00,5565.73,5565.73,5557.43,5560.67,5892
2025-01-28 15:10:00-03:00,5562.09,5568.44,5560.45,5563.44,3754
2025-01-28 15:15:00-03:00,5564.21,5567.58,5564.21,5565.71,3453
2025-01-28 15:20:00-03:00,5565.75,5568.65,5565.2,5565.78,3360
2025-01-28 15:25:00-03:00,5565.98,5565.98,5560.01,5562.02,4928
2025-01-28 15:30:00-03:00,5561.3,5566.01,5561.16,5562.64,4433
2025-01-28 15:35:00-03:00,5561.26,5567.91,5560.39,5562.31,6668
2025-01-28 15:40:00-03:00,5561.23,5561.23,5553.62,5555.96,3879
2025-01-28 15:45:00-03:00,5556.01,5556.01,5546.14,5548.97,3034
2025-01-28 15:50:00-03:00,5548.69,5552.6,5548.69,5551.65,4184
2025-01-28 15:55:00-03:00,5550.26,5550.26,5538.74,5539.3,3677
2025-01-28 16:00:00-03:00,5539.27,5542.0,5538.75,5540.28,5759
2025-01-28 16:05:00-03:00,5539.97,5543.04,5537.99,5538.01,4656
2025-01-28 16:10:00-03:00,5536.9,5546.59,5536.9,5544.21,4028
2025-01-28 16:15:00-03:00,5543.86,5543.86,5539.93,5541.87,3704
2025-01-28 16:20:00-03:00,5541.57,5546.37,5540.09,5545.0,4915
2025-01-28 16:25:00-03:00,5544.42,5545.5,5541.74,5543.12,4057
2025-01-28 16:30:00-03:00,5544.0,5546.69,5539.97,5543.66,3374
2025-01-28 16:35:00-03:00,5541.85,5549.16,5541.85,5547.15,5949
2025-01-28 16:40:00-03:00,5545.27,5545.63,5543.04,5544.96,3151
2025-01-28 16:45:00-03:00,5544.96,5553.58,5544.96,5549.69,3658
2025-01-28 16:50:00-03:00,5549.78,5549.82,5542.25,5544.97,4444
2025-01-28 16:55:00-03:00,5545.36,5547.13,5544.38,5546.37,3110
2025-01-28 17:00:00-03:00,5545.86,5552.67,5545.86,5550.75,3559
2025-01-28 17:05:00-03:00,5549.88,5558.62,5549.5,5553.89,5979
2025-01-28 17:10:00-03:00,5553.88,5564.29,5553.88,5563.01,3009
2025-01-28 17:15:00-03:00,5562.59,5564.42,5559.29,5559.37,4079
2025-01-28 17:20:00-03:00,5560.85,5560.85,5551.57,5552.81,3809
2025-01-28 17:25:00-03:00,5552.51,5552.51,5547.27,5548.09,4034
2025-01-28 17:30:00-03:00,5548.04,5551.25,5547.16,5551.23,5183
2025-01-28 17:35:00-03:00,5553.58,5555.7,5551.21,5553.59,3693
2025-01-28 17:40:00-03:00,5553.41,5556.75,5551.84,5554.08,4812
2025-01-28 17:45:00-03:00,5554.61,5554.61,5544.92,5548.74,3907
2025-01-28 17:50:00-03:00,5549.36,5552.47,5549.36,5552.39,4875
2025-01-28 17:55:00-03:00,5553.08,5553.08,5541.54,5546.57,3918
2025-01-29 09:00:00-03:00,5546.85,5553.39,5546.85,5552.08,4077
2025-01-29 09:05:00-03:00,5552.26,5565.99,5552.26,5565.67,5275
2025-01-29 09:10:00-03:00,5565.77,5567.7,5565.77,5567.42,3041
2025-01-29 09:15:00-03:00,5566.87,5573.49,5566.87,5570.2,4490
2025-01-29 09:20:00-03:00,5570.51,5570.73,5563.62,5567.85,3796
2025-01-29 09:25:00-03:00,5569.78,5569.78,5557.6,5559.23,3174
2025-01-29 09:30:00-03:00,5560.38,5560.45,5555.59,5556.36,4125
2025-01-29 09:35:00-03:00,5556.65,5556.65,5551.03,5551.16,5759
2025-01-29 09:40:00-03:00,5551.98,5551.98,5543.37,5544.29,3955
2025-01-29 09:45:00-03:00,5543.47,5553.76,5543.47,5552.47,4438
2025-01-29 09:50:00-03:00,5552.23,5561.54,5552.04,5553.77,4526
2025-01-29 09:55:00-03:00,5554.67,5558.41,5552.79,5555.58,4491
2025-01-29 10:00:00-03:00,5556.99,5556.99,5552.89,5554.11,4694
2025-01-29 10:05:00-03:00,5553.37,5554.28,5548.35,5553.28,3805
2025-01-29 10:10:00-03:00,5552.82,5558.82,5552.82,5557.87,6204
2025-01-29 10:15:00-03:00,5559.95,5562.36,5554.14,5557.72,4012
2025-01-29 10:20:00-03:00,5557.81,5561.83,5557.81,5560.24,3821
2025-01-29 10:25:00-03:00,5561.98,5561.98,5558.31,5559.31,3100
2025-01-29 10:30:00-03:00,5559.51,5560.45,5557.51,5557.68,3270
2025-01-29 10:35:00-03:00,5557.92,5557.92,5547.67,5550.99,3785
2025-01-29 10:40:00-03:00,5550.7,5550.7,5540.69,5541.6,4521
2025-01-29 10:45:00-03:00,5542.5,5543.7,5540.34,5540.36,3514
2025-01-29 10:50:00-03:00,5541.65,5543.55,5536.09,5540.63,3879
2025-01-29 10:55:00-03:00,5539.65,5539.65,5533.94,5534.54,3238
2025-01-29 11:00:00-03:00,5534.2,5534.86,5531.61,5534.37,3786
2025-01-29 11:05:00-03:00,5535.24,5535.24,5531.63,5534.63,3687
2025-01-29 11:10:00-03:00,5534.5,5534.5,5521.99,5524.42,4392
2025-01-29 11:15:00-03:00,5523.96,5523.96,5518.39,5520.1,3559
2025-01-29 11:20:00-03:00,5521.05,5522.1,5519.46,5522.02,4187
2025-01-29 11:25:00-03:00,5523.07,5525.86,5521.59,5523.85,4732
2025-01-29 11:30:00-03:00,5523.43,5523.43,5518.34,5518.4,3624
2025-01-29 11:35:00-03:00,5518.6,5520.92,5515.88,5519.15,4447
2025-01-29 11:40:00-03:00,5518.01,5524.51,5518.01,5523.98,4216
2025-01-29 11:45:00-03:00,5523.13,5527.72,5523.13,5527.66,3652
2025-01-29 11:50:00-03:00,5527.77,5527.77,5526.18,5527.2,3284
2025-01-29 11:55:00-03:00,5527.23,5527.23,5524.4,5524.99,3183
2025-01-29 12:00:00-03:00,5524.08,5524.08,5519.35,5522.02,4685
2025-01-29 12:05:00-03:00,5521.34,5527.69,5521.34,5524.23,4694
2025-01-29 12:10:00-03:00,5523.22,5525.78,5520.99,5525.15,6147
2025-01-29 12:15:00-03:00,5525.58,5529.15,5525.58,5528.13,7679
2025-01-29 12:20:00-03:00,5526.26,5529.89,5526.26,5528.75,3197
2025-01-29 12:25:00-03:00,5527.79,5536.98,5527.79,5532.63,6480
2025-01-29 12:30:00-03:00,5530.86,5534.95,5529.29,5533.08,5695
2025-01-29 12:35:00-03:00,5533.47,5539.12,5533.47,5536.79,4467
2025-01-29 12:40:00-03:00,5535.08,5545.04,5535.08,5540.92,3224
2025-01-29 12:45:00-03:00,5540.95,5540.95,5536.77,5537.11,5196
2025-01-29 12:50:00-03:00,5538.66,5538.66,5524.07,5528.54,4968
2025-01-29 12:55:00-03:00,5530.13,5536.73,5530.13,5535.85,4796
2025-01-29 13:00:00-03:00,5534.14,5537.76,5534.14,5537.07,3338
2025-01-29 13:05:00-03:00,5537.35,5537.35,5527.43,5528.95,3273
2025-01-29 13:10:00-03:00,5528.01,5528.01,5519.25,5525.57,3379
2025-01-29 13:15:00-03:00,5524.44,5531.28,5524.44,5529.22,3994
2025-01-29 13:20:00-03:00,5529.12,5529.49,5527.78,5527.9,3505
2025-01-29 13:25:00-03:00,5529.06,5529.06,5521.96,5525.48,3054
2025-01-29 13:30:00-03:00,5526.05,5534.0,5526.05,5532.11,4640
2025-01-29 13:35:00-03:00,5531.43,5531.43,5524.47,5527.15,5016
2025-01-29 13:40:00-03:00,5527.82,5527.82,5520.44,5523.38,5248
2025-01-29 13:45:00-03:00,5521.25,5524.81,5521.25,5524.38,3973
2025-01-29 13:50:00-03:00,5523.66,5529.23,5523.66,5526.22,3506
2025-01-29 13:55:00-03:00,5525.44,5531.13,5525.44,5528.57,5806
2025-01-29 14:00:00-03:00,5528.64,5533.82,5528.64,5532.88,3094
2025-01-29 14:05:00-03:00,5532.69,5538.19,5530.18,5533.82,4873
2025-01-29 14:10:00-03:00,5533.69,5537.08,5533.69,5536.14,5490
2025-01-29 14:15:00-03:00,5535.98,5535.98,5534.43,5534.92,3868
2025-01-29 14:20:00-03:00,5534.94,5537.03,5533.08,5535.21,4022
2025-01-29 14:25:00-03:00,5535.72,5536.29,5533.13,5535.72,4633
2025-01-29 14:30:00-03:00,5535.86,5537.64,5534.88,5536.74,4432
2025-01-29 14:35:00-03:00,5536.47,5542.68,5536.47,5540.4,3114
2025-01-29 14:40:00-03:00,5540.78,5546.38,5540.78,5543.04,3830
2025-01-29 14:45:00-03:00,5543.82,5549.27,5542.85,5543.25,3173
2025-01-29 14:50:00-03:00,5542.72,5542.72,5536.47,5539.41,3541
2025-01-29 14:55:00-03:00,5539.35,5540.83,5539.35,5539.73,4994
2025-01-29 15:00:00-03:00,5540.83,5540.83,5539.52,5539.6,3831
2025-01-29 15:05:00-03:00,5538.55,5544.53,5536.43,5540.51,3729
2025-01-29 15:10:00-03:00,5542.23,5552.68,5542.23,5550.99,3524
2025-01-29 15:15:00-03:00,5549.71,5550.11,5548.48,5548.5,4379
2025-01-29 15:20:00-03:00,5548.17,5550.81,5548.17,5550.5,4003
2025-01-29 15:25:00-03:00,5549.6,5556.57,5549.6,5555.58,3523
2025-01-29 15:30:00-03:00,5557.66,5557.66,5554.15,5556.05,3963
2025-01-29 15:35:00-03:00,5555.57,5570.93,5555.57,5567.18,4032
2025-01-29 15:40:00-03:00,5566.7,5567.44,5564.61,5565.38,5243
2025-01-29 15:45:00-03:00,5565.02,5569.97,5565.02,5566.92,3051
2025-01-29 15:50:00-03:00,5567.01,5567.01,5563.06,5563.12,3245
2025-01-29 15:55:00-03:00,5562.8,5562.8,5559.86,5561.44,4398
2025-01-29 16:00:00-03:00,5561.32,5563.25,5561.32,5562.63,3735
2025-01-29 16:05:00-03:00,5559.26,5568.23,5559.26,5566.66,5002
2025-01-29 16:10:00-03:00,5566.71,5572.18,5566.71,5568.18,3739
2025-01-29 16:15:00-03:00,5568.2,5574.63,5568.2,5574.18,3309
2025-01-29 16:20:00-03:00,5575.17,5575.17,5570.66,5573.73,4811
2025-01-29 16:25:00-03:00,5574.98,5574.98,5569.83,5572.14,3750
2025-01-29 16:30:00-03:00,5571.97,5586.78,5571.97,5585.06,5146
2025-01-29 16:35:00-03:00,5585.84,5588.36,5585.13,5586.94,5444
2025-01-29 16:40:00-03:00,5585.89,5585.89,5583.32,5583.5,4533
2025-01-29 16:45:00-03:00,5584.23,5584.23,5577.23,5580.18,6805
2025-01-29 16:50:00-03:00,5579.64,5579.64,5574.08,5575.68,3600
2025-01-29 16:55:00-03:00,5574.55,5585.15,5574.55,5580.16,5760
2025-01-29 17:00:00-03:00,5579.98,5579.98,5572.22,5578.42,3492
2025-01-29 17:05:00-03:00,5579.75,5584.7,5575.54,5579.02,3134
2025-01-29 17:10:00-03:00,5579.2,5579.5,5577.02,5578.72,4144
2025-01-29 17:15:00-03:00,5580.15,5582.3,5580.15,5582.21,5574
2025-01-29 17:20:00-03:00,5581.5,5581.5,5577.78,5578.17,3108
2025-01-29 17:25:00-03:00,5579.17,5579.17,5570.64,5573.04,3096
2025-01-29 17:30:00-03:00,5572.41,5574.18,5569.96,5574.11,5793
2025-01-29 17:35:00-03:00,5574.32,5577.1,5574.32,5576.97,4853
2025-01-29 17:40:00-03:00,5577.18,5580.03,5577.18,5578.56,3572
2025-01-29 17:45:00-03:00,5579.19,5579.19,5569.68,5574.7,4392
2025-01-29 17:50:00-03:00,5574.94,5580.19,5574.94,5577.93,4551
2025-01-29 17:55:00-03:00,5577.23,5581.6,5573.79,5574.38,4691
