timestamp,open,high,low,close,volume
1/10/2025 12:50,5374.5,5376.5,5373.5,5375.0,1000.0
1/10/2025 12:55,5375.5,5376.0,5372.5,5374.5,1000.0
1/10/2025 13:00,5374.5,5376.5,5373.0,5374.5,1000.0
1/10/2025 13:05,5374.5,5375.0,5369.5,5370.0,1000.0
1/10/2025 13:10,5370.5,5372.5,5369.5,5371.5,1000.0
1/10/2025 13:15,5371.0,5372.0,5369.5,5371.0,1000.0
1/10/2025 13:20,5371.5,5372.5,5371.0,5371.5,1000.0
1/10/2025 13:25,5371.0,5372.0,5369.0,5369.5,1000.0
1/10/2025 13:30,5369.5,5371.0,5369.0,5369.0,1000.0
1/10/2025 13:35,5369.5,5372.5,5369.0,5371.5,1000.0
1/10/2025 13:40,5371.5,5373.0,5370.5,5372.5,1000.0
1/10/2025 13:45,5372.5,5372.5,5370.5,5371.5,1000.0
1/10/2025 13:50,5371.5,5375.0,5371.0,5375.0,1000.0
1/10/2025 13:55,5375.0,5376.5,5373.5,5373.5,1000.0
1/10/2025 14:00,5374.0,5374.5,5372.5,5373.5,1000.0
1/10/2025 14:05,5373.5,5374.0,5372.0,5373.5,1000.0
1/10/2025 14:10,5373.5,5374.0,5372.0,5372.0,1000.0
1/10/2025 14:15,5372.0,5372.5,5371.0,5371.5,1000.0
1/10/2025 14:20,5372.0,5372.0,5369.0,5370.0,1000.0
1/10/2025 14:25,5369.5,5371.0,5369.0,5371.0,1000.0
1/10/2025 14:30,5371.0,5372.0,5370.5,5371.5,1000.0
1/10/2025 14:35,5372.0,5374.0,5371.5,5374.0,1000.0
1/10/2025 14:40,5374.0,5374.0,5372.5,5372.5,1000.0
1/10/2025 14:45,5372.5,5374.0,5372.0,5372.5,1000.0
1/10/2025 14:50,5373.0,5374.0,5372.5,5373.5,1000.0
1/10/2025 14:55,5374.0,5374.5,5373.5,5374.0,1000.0
1/10/2025 15:00,5374.0,5376.0,5372.5,5374.5,1000.0
1/10/2025 15:05,5375.0,5375.0,5372.0,5372.0,1000.0
1/10/2025 15:10,5372.0,5372.5,5369.0,5369.0,1000.0
1/10/2025 15:15,5369.0,5369.5,5367.5,5368.0,1000.0
1/10/2025 15:20,5368.5,5369.0,5364.0,5364.0,1000.0
1/10/2025 15:25,5364.0,5365.5,5362.5,5364.5,1000.0
1/10/2025 15:30,5364.5,5365.0,5361.0,5361.0,1000.0
1/10/2025 15:35,5361.0,5362.5,5359.0,5360.5,1000.0
1/10/2025 15:40,5360.0,5361.0,5359.5,5360.5,1000.0
1/10/2025 15:45,5360.0,5362.5,5360.0,5361.0,1000.0
1/10/2025 15:50,5361.5,5362.0,5360.5,5361.0,1000.0
1/10/2025 15:55,5361.5,5363.0,5361.0,5362.0,1000.0
1/10/2025 16:00,5362.0,5362.5,5360.0,5360.5,1000.0
1/10/2025 16:05,5360.5,5362.0,5360.0,5361.5,1000.0
1/10/2025 16:10,5361.5,5363.5,5361.0,5362.0,1000.0
1/10/2025 16:15,5362.0,5362.5,5361.5,5362.5,1000.0
1/10/2025 16:20,5362.5,5362.5,5361.5,5362.0,1000.0
1/10/2025 16:25,5361.5,5362.5,5360.5,5362.0,1000.0
1/10/2025 16:30,5361.5,5363.0,5360.0,5362.5,1000.0
1/10/2025 16:35,5362.0,5364.0,5362.0,5364.0,1000.0
1/10/2025 16:40,5364.0,5364.0,5362.0,5362.5,1000.0
1/10/2025 16:45,5362.0,5362.5,5360.5,5362.0,1000.0
1/10/2025 16:50,5362.0,5364.0,5362.0,5363.0,1000.0
1/10/2025 16:55,5363.0,5368.5,5363.0,5368.5,1000.0
1/10/2025 17:00,5368.0,5370.0,5368.0,5369.5,1000.0
1/10/2025 17:05,5370.0,5371.5,5369.0,5371.0,1000.0
1/10/2025 17:10,5371.0,5372.5,5370.0,5371.0,1000.0
1/10/2025 17:15,5370.5,5373.0,5370.5,5371.0,1000.0
1/10/2025 17:20,5371.5,5371.5,5370.5,5371.0,1000.0
1/10/2025 17:25,5371.5,5373.5,5370.0,5372.5,1000.0
1/10/2025 17:30,5372.5,5374.0,5371.0,5371.5,1000.0
1/10/2025 17:35,5371.5,5373.0,5371.0,5372.5,1000.0
1/10/2025 17:40,5372.5,5373.0,5370.0,5370.0,1000.0
1/10/2025 17:45,5370.0,5372.0,5370.0,5372.0,1000.0
1/10/2025 17:50,5371.5,5372.0,5370.0,5370.5,1000.0
1/10/2025 17:55,5371.0,5371.0,5369.0,5369.5,1000.0
1/10/2025 18:00,5369.5,5371.0,5369.5,5370.5,1000.0
1/10/2025 18:05,5370.5,5370.5,5369.5,5370.5,1000.0
1/10/2025 18:10,5370.0,5370.0,5368.0,5368.5,1000.0
1/10/2025 18:15,5368.5,5370.0,5368.0,5369.0,1000.0
1/10/2025 18:20,5368.5,5369.5,5366.0,5368.5,1000.0
1/10/2025 18:25,5368.5,5369.5,5366.0,5368.0,1000.0
1/12/2025 10:00,5376.5,5384.0,5375.5,5383.0,1000.0
1/12/2025 10:05,5383.0,5385.5,5379.5,5380.5,1000.0
1/12/2025 10:10,5380.0,5381.5,5376.5,5381.5,1000.0
1/12/2025 10:15,5381.5,5382.5,5378.5,5380.5,1000.0
1/12/2025 10:20,5380.5,5382.0,5379.0,5380.0,1000.0
1/12/2025 10:25,5380.0,5383.5,5379.5,5383.0,1000.0
1/12/2025 10:30,5383.0,5384.5,5381.0,5382.0,1000.0
1/12/2025 10:35,5382.5,5383.5,5379.5,5382.5,1000.0
1/12/2025 10:40,5382.0,5383.5,5381.0,5381.0,1000.0
1/12/2025 10:45,5381.0,5382.5,5378.5,5381.5,1000.0
1/12/2025 10:50,5381.5,5384.0,5381.0,5382.5,1000.0
1/12/2025 10:55,5382.0,5383.0,5377.0,5380.0,1000.0
1/12/2025 11:00,5380.5,5382.0,5379.0,5382.0,1000.0
1/12/2025 11:05,5381.5,5385.5,5380.5,5380.5,1000.0
1/12/2025 11:10,5380.5,5381.0,5377.0,5379.5,1000.0
1/12/2025 11:15,5379.5,5380.5,5376.5,5378.0,1000.0
1/12/2025 11:20,5378.0,5381.0,5378.0,5380.5,1000.0
1/12/2025 11:25,5380.5,5380.5,5378.0,5380.0,1000.0
1/12/2025 11:30,5380.0,5380.5,5375.0,5375.5,1000.0
1/12/2025 11:35,5375.0,5377.5,5373.0,5377.5,1000.0
1/12/2025 11:40,5377.0,5379.0,5375.5,5378.5,1000.0
1/12/2025 11:45,5378.5,5381.0,5378.0,5380.0,1000.0
1/12/2025 11:50,5380.0,5381.0,5374.5,5374.5,1000.0
1/12/2025 11:55,5374.5,5377.5,5372.5,5377.5,1000.0
1/12/2025 12:00,5377.5,5378.5,5372.5,5378.5,1000.0
1/12/2025 12:05,5378.0,5380.0,5373.0,5373.5,1000.0
1/12/2025 12:10,5373.5,5375.0,5371.5,5372.0,1000.0
1/12/2025 12:15,5372.0,5374.0,5370.5,5371.0,1000.0
1/12/2025 12:20,5371.5,5374.0,5370.5,5372.5,1000.0
1/12/2025 12:25,5372.5,5374.0,5371.5,5373.5,1000.0
1/12/2025 12:30,5373.5,5382.0,5372.5,5380.5,1000.0
1/12/2025 12:35,5380.5,5383.0,5376.0,5381.5,1000.0
1/12/2025 12:40,5382.0,5383.0,5378.5,5380.0,1000.0
1/12/2025 12:45,5380.0,5382.0,5379.5,5381.0,1000.0
1/12/2025 12:50,5381.0,5383.0,5378.0,5381.5,1000.0
1/12/2025 12:55,5381.5,5382.0,5379.0,5380.0,1000.0
1/12/2025 13:00,5380.0,5384.0,5379.0,5381.0,1000.0
1/12/2025 13:05,5381.0,5381.5,5377.0,5378.5,1000.0
1/12/2025 13:10,5378.5,5379.5,5377.5,5379.5,1000.0
1/12/2025 13:15,5379.5,5381.5,5378.5,5380.0,1000.0
1/12/2025 13:20,5380.0,5384.0,5379.5,5383.5,1000.0
1/12/2025 13:25,5383.5,5384.0,5381.5,5382.0,1000.0
1/12/2025 13:30,5382.0,5383.0,5379.5,5381.0,1000.0
1/12/2025 13:35,5381.0,5383.0,5379.5,5383.0,1000.0
1/12/2025 13:40,5382.5,5385.0,5382.0,5384.5,1000.0
1/12/2025 13:45,5385.0,5388.5,5384.0,5388.0,1000.0
1/12/2025 13:50,5388.5,5390.0,5387.5,5388.0,1000.0
1/12/2025 13:55,5387.5,5389.5,5385.5,5389.0,1000.0
1/12/2025 14:00,5389.0,5389.5,5386.5,5387.5,1000.0
1/12/2025 14:05,5387.0,5388.5,5386.5,5388.0,1000.0
1/12/2025 14:10,5387.5,5387.5,5384.5,5386.5,1000.0
1/12/2025 14:15,5386.5,5387.5,5384.5,5384.5,1000.0
1/12/2025 14:20,5384.5,5386.5,5384.0,5385.5,1000.0
1/12/2025 14:25,5385.5,5386.0,5384.0,5385.5,1000.0
1/12/2025 14:30,5385.0,5386.0,5384.5,5385.5,1000.0
1/12/2025 14:35,5385.5,5387.0,5385.0,5385.0,1000.0
1/12/2025 14:40,5385.5,5385.5,5383.5,5384.5,1000.0
1/12/2025 14:45,5384.5,5386.5,5384.0,5385.5,1000.0
1/12/2025 14:50,5385.5,5392.5,5385.0,5390.0,1000.0
1/12/2025 14:55,5390.0,5391.5,5388.0,5389.0,1000.0
1/12/2025 15:00,5388.5,5389.5,5388.0,5388.5,1000.0
1/12/2025 15:05,5388.5,5389.0,5387.0,5388.0,1000.0
1/12/2025 15:10,5388.0,5388.5,5387.0,5387.5,1000.0
1/12/2025 15:15,5387.5,5389.0,5387.0,5389.0,1000.0
1/12/2025 15:20,5389.0,5392.0,5388.5,5391.0,1000.0
1/12/2025 15:25,5390.5,5391.5,5389.5,5391.0,1000.0
1/12/2025 15:30,5391.0,5395.5,5390.0,5395.0,1000.0
1/12/2025 15:35,5395.0,5395.5,5392.5,5392.5,1000.0
1/12/2025 15:40,5393.0,5394.0,5391.0,5392.0,1000.0
1/12/2025 15:45,5392.0,5394.0,5392.0,5392.5,1000.0
1/12/2025 15:50,5392.5,5393.5,5392.0,5393.0,1000.0
1/12/2025 15:55,5393.0,5393.5,5392.0,5393.0,1000.0
1/12/2025 16:00,5393.0,5394.5,5392.5,5394.0,1000.0
1/12/2025 16:05,5394.5,5395.5,5393.0,5394.0,1000.0
1/12/2025 16:10,5394.5,5395.5,5393.5,5394.5,1000.0
1/12/2025 16:15,5394.5,5395.5,5394.0,5394.5,1000.0
1/12/2025 16:20,5395.0,5395.5,5394.0,5394.0,1000.0
1/12/2025 16:25,5394.0,5395.0,5393.0,5394.5,1000.0
1/12/2025 16:30,5394.0,5396.5,5394.0,5395.0,1000.0
1/12/2025 16:35,5395.0,5395.5,5393.0,5393.0,1000.0
1/12/2025 16:40,5393.0,5394.5,5393.0,5394.5,1000.0
1/12/2025 16:45,5394.5,5394.5,5393.5,5394.0,1000.0
1/12/2025 16:50,5394.0,5394.5,5393.5,5394.0,1000.0
1/12/2025 16:55,5394.0,5394.5,5393.0,5394.0,1000.0
1/12/2025 17:00,5394.5,5394.5,5392.5,5393.0,1000.0
1/12/2025 17:05,5393.0,5400.0,5393.0,5398.5,1000.0
1/12/2025 17:10,5398.0,5398.0,5392.5,5394.0,1000.0
1/12/2025 17:15,5394.0,5395.5,5392.5,5394.0,1000.0
1/12/2025 17:20,5394.0,5394.0,5392.5,5393.5,1000.0
1/12/2025 17:25,5393.5,5393.5,5392.5,5392.5,1000.0
1/12/2025 17:30,5392.5,5393.0,5391.0,5392.0,1000.0
1/12/2025 17:35,5391.5,5391.5,5390.0,5390.5,1000.0
1/12/2025 17:40,5390.0,5391.0,5389.5,5390.0,1000.0
1/12/2025 17:45,5390.0,5391.0,5389.0,5390.0,1000.0
1/12/2025 17:50,5390.0,5391.0,5389.0,5390.5,1000.0
1/12/2025 17:55,5390.5,5392.0,5389.5,5391.0,1000.0
1/12/2025 18:00,5391.5,5392.0,5390.5,5391.0,1000.0
1/12/2025 18:05,5391.0,5391.5,5390.5,5390.5,1000.0
1/12/2025 18:10,5390.5,5391.0,5390.0,5391.0,1000.0
1/12/2025 18:15,5391.0,5391.0,5388.0,5389.5,1000.0
1/12/2025 18:20,5389.0,5389.5,5386.0,5386.5,1000.0
1/12/2025 18:25,5387.0,5388.0,5385.5,5386.0,1000.0
1/12/2025 9:00,5371.5,5375.0,5369.5,5370.5,1000.0
1/12/2025 9:05,5371.0,5371.0,5363.0,5367.5,1000.0
1/12/2025 9:10,5368.0,5370.5,5365.5,5365.5,1000.0
1/12/2025 9:15,5365.5,5368.5,5364.5,5367.0,1000.0
1/12/2025 9:20,5366.5,5367.5,5362.0,5365.0,1000.0
1/12/2025 9:25,5365.0,5371.0,5365.0,5369.0,1000.0
1/12/2025 9:30,5369.0,5374.0,5368.5,5373.0,1000.0
1/12/2025 9:35,5373.5,5373.5,5366.5,5371.5,1000.0
1/12/2025 9:40,5371.0,5373.5,5370.0,5372.0,1000.0
1/12/2025 9:45,5372.0,5374.5,5370.0,5373.5,1000.0
1/12/2025 9:50,5373.5,5376.5,5371.5,5375.0,1000.0
1/12/2025 9:55,5375.5,5378.0,5373.0,5377.0,1000.0
1/4/2026 10:00,5202.5,5204.5,5196.0,5201.5,1000.0
1/4/2026 10:05,5201.0,5205.5,5198.5,5198.5,1000.0
1/4/2026 10:10,5199.0,5200.0,5194.0,5197.0,1000.0
1/4/2026 10:15,5196.5,5205.5,5196.0,5201.5,1000.0
1/4/2026 10:20,5201.5,5207.5,5200.5,5202.5,1000.0
1/4/2026 10:25,5202.5,5203.5,5197.5,5201.0,1000.0
1/4/2026 10:30,5201.0,5202.0,5195.0,5198.0,1000.0
1/4/2026 10:35,5197.5,5201.0,5193.5,5194.0,1000.0
1/4/2026 10:40,5194.0,5209.5,5192.5,5204.5,1000.0
1/4/2026 10:45,5204.0,5206.0,5198.5,5198.5,1000.0
1/4/2026 10:50,5198.5,5200.0,5194.5,5200.0,1000.0
1/4/2026 10:55,5199.5,5202.0,5196.5,5200.5,1000.0
1/4/2026 11:00,5200.5,5204.0,5198.5,5201.0,1000.0
1/4/2026 11:05,5200.5,5203.0,5199.0,5202.5,1000.0
1/4/2026 11:10,5202.5,5206.5,5199.0,5200.0,1000.0
1/4/2026 11:15,5200.0,5200.5,5193.0,5193.0,1000.0
1/4/2026 11:20,5193.0,5196.5,5190.0,5194.5,1000.0
1/4/2026 11:25,5194.5,5196.0,5191.5,5191.5,1000.0
1/4/2026 11:30,5191.5,5195.5,5190.5,5194.5,1000.0
1/4/2026 11:35,5194.0,5195.5,5186.5,5190.5,1000.0
1/4/2026 11:40,5190.0,5195.0,5187.5,5191.5,1000.0
1/4/2026 11:45,5191.5,5195.0,5187.0,5188.0,1000.0
1/4/2026 11:50,5188.0,5190.0,5184.0,5186.0,1000.0
1/4/2026 11:55,5186.0,5188.0,5184.0,5186.0,1000.0
1/4/2026 12:00,5185.5,5186.0,5181.5,5183.5,1000.0
1/4/2026 12:05,5183.5,5186.5,5182.0,5183.5,1000.0
1/4/2026 12:10,5184.0,5188.5,5184.0,5186.5,1000.0
1/4/2026 12:15,5186.5,5188.0,5183.5,5185.0,1000.0
1/4/2026 12:20,5184.5,5189.0,5184.0,5187.5,1000.0
1/4/2026 12:25,5187.5,5190.5,5187.0,5190.0,1000.0
1/4/2026 12:30,5189.5,5191.0,5187.5,5188.5,1000.0
1/4/2026 12:35,5188.5,5190.5,5187.5,5188.0,1000.0
1/4/2026 12:40,5188.0,5190.0,5187.5,5188.5,1000.0
1/4/2026 12:45,5188.5,5189.0,5186.0,5187.0,1000.0
1/4/2026 12:50,5187.5,5187.5,5184.0,5185.0,1000.0
1/4/2026 12:55,5185.0,5185.5,5182.5,5183.0,1000.0
1/4/2026 13:00,5182.5,5186.5,5181.5,5185.0,1000.0
1/4/2026 13:05,5185.0,5186.0,5183.5,5184.5,1000.0
1/4/2026 13:10,5184.0,5188.5,5183.0,5187.5,1000.0
1/4/2026 13:15,5187.0,5189.5,5186.0,5186.0,1000.0
1/4/2026 13:20,5186.0,5188.0,5186.0,5188.0,1000.0
1/4/2026 13:25,5188.0,5188.0,5183.0,5187.0,1000.0
1/4/2026 13:30,5186.5,5189.0,5185.0,5187.0,1000.0
1/4/2026 13:35,5187.0,5187.5,5184.5,5185.5,1000.0
1/4/2026 13:40,5186.0,5186.0,5183.5,5184.0,1000.0
1/4/2026 13:45,5184.0,5184.5,5181.5,5183.0,1000.0
1/4/2026 13:50,5183.0,5183.5,5180.0,5181.0,1000.0
1/4/2026 13:55,5181.0,5182.0,5180.0,5181.5,1000.0
1/4/2026 14:00,5181.5,5182.0,5179.5,5181.0,1000.0
1/4/2026 14:05,5181.0,5185.0,5179.5,5184.5,1000.0
1/4/2026 14:10,5184.5,5185.5,5182.5,5183.5,1000.0
1/4/2026 14:15,5183.0,5185.0,5182.5,5183.5,1000.0
1/4/2026 14:20,5184.0,5184.0,5182.0,5183.5,1000.0
1/4/2026 14:25,5183.5,5185.5,5183.0,5185.5,1000.0
1/4/2026 14:30,5185.0,5186.5,5182.5,5186.0,1000.0
1/4/2026 14:35,5185.5,5188.0,5184.0,5184.5,1000.0
1/4/2026 14:40,5184.5,5185.5,5183.5,5185.0,1000.0
1/4/2026 14:45,5185.0,5186.0,5184.0,5184.5,1000.0
1/4/2026 14:50,5185.0,5185.5,5183.0,5184.0,1000.0
1/4/2026 14:55,5184.0,5188.5,5183.5,5187.0,1000.0
1/4/2026 15:00,5187.5,5191.0,5186.5,5188.0,1000.0
1/4/2026 15:05,5188.0,5191.0,5186.0,5189.5,1000.0
1/4/2026 15:10,5189.0,5193.0,5188.5,5192.5,1000.0
1/4/2026 15:15,5193.0,5196.0,5192.0,5194.0,1000.0
1/4/2026 15:20,5194.0,5195.5,5191.5,5194.0,1000.0
1/4/2026 15:25,5194.0,5195.5,5192.0,5194.0,1000.0
1/4/2026 15:30,5194.5,5194.5,5189.0,5192.5,1000.0
1/4/2026 15:35,5192.0,5195.0,5190.5,5191.5,1000.0
1/4/2026 15:40,5191.5,5192.0,5184.5,5188.5,1000.0
1/4/2026 15:45,5188.5,5192.0,5187.5,5189.0,1000.0
1/4/2026 15:50,5189.0,5191.0,5188.0,5189.5,1000.0
1/4/2026 15:55,5189.5,5192.5,5188.5,5191.5,1000.0
1/4/2026 16:00,5192.0,5195.5,5191.5,5193.5,1000.0
1/4/2026 16:05,5194.0,5195.0,5191.5,5193.0,1000.0
1/4/2026 16:10,5192.5,5193.5,5190.0,5190.5,1000.0
1/4/2026 16:15,5190.5,5191.0,5188.5,5191.0,1000.0
1/4/2026 16:20,5190.5,5193.0,5190.0,5191.5,1000.0
1/4/2026 16:25,5191.0,5191.5,5189.0,5189.0,1000.0
1/4/2026 16:30,5189.0,5190.5,5187.0,5187.0,1000.0
1/4/2026 16:35,5187.5,5188.5,5185.5,5186.0,1000.0
1/4/2026 16:40,5186.5,5187.5,5185.0,5186.5,1000.0
1/4/2026 16:45,5187.0,5187.0,5185.0,5186.5,1000.0
1/4/2026 16:50,5186.0,5190.0,5186.0,5189.0,1000.0
1/4/2026 16:55,5189.5,5190.5,5187.5,5189.5,1000.0
1/4/2026 17:00,5189.5,5190.0,5187.5,5187.5,1000.0
1/4/2026 17:05,5188.0,5189.0,5186.5,5186.5,1000.0
1/4/2026 17:10,5187.0,5187.0,5185.0,5186.0,1000.0
1/4/2026 17:15,5186.0,5186.0,5184.5,5184.5,1000.0
1/4/2026 17:20,5185.0,5185.0,5182.0,5184.5,1000.0
1/4/2026 17:25,5184.0,5184.5,5183.5,5184.0,1000.0
1/4/2026 17:30,5184.0,5185.5,5184.0,5185.5,1000.0
1/4/2026 17:35,5185.0,5186.0,5185.0,5185.0,1000.0
1/4/2026 17:40,5185.5,5187.5,5185.0,5187.0,1000.0
1/4/2026 17:45,5187.0,5188.0,5184.5,5185.5,1000.0
1/4/2026 17:50,5185.5,5186.5,5184.0,5186.0,1000.0
1/4/2026 17:55,5186.0,5187.5,5185.5,5186.5,1000.0
1/4/2026 18:00,5187.0,5187.5,5186.5,5186.5,1000.0
1/4/2026 18:05,5186.5,5186.5,5184.5,5185.5,1000.0
1/4/2026 18:10,5186.0,5186.0,5185.0,5185.5,1000.0
1/4/2026 18:15,5186.0,5186.5,5185.5,5186.5,1000.0
1/4/2026 18:20,5186.0,5187.5,5185.5,5187.0,1000.0
1/4/2026 18:25,5187.5,5187.5,5185.0,5186.0,1000.0
1/4/2026 9:00,5188.0,5195.5,5185.5,5193.5,1000.0
1/4/2026 9:05,5193.5,5196.5,5188.5,5192.0,1000.0
1/4/2026 9:10,5192.0,5193.0,5183.0,5184.5,1000.0
1/4/2026 9:15,5185.0,5194.0,5183.0,5189.0,1000.0
1/4/2026 9:20,5189.0,5195.5,5187.0,5193.5,1000.0
1/4/2026 9:25,5193.5,5195.0,5190.5,5193.0,1000.0
1/4/2026 9:30,5193.0,5196.5,5192.5,5194.5,1000.0
1/4/2026 9:35,5194.5,5195.0,5190.5,5193.0,1000.0
1/4/2026 9:40,5193.5,5197.5,5187.0,5189.0,1000.0
1/4/2026 9:45,5189.0,5204.0,5182.0,5203.5,1000.0
1/4/2026 9:50,5203.5,5205.0,5198.5,5204.0,1000.0
1/4/2026 9:55,5204.0,5206.5,5200.0,5202.5,1000.0
10/10/2025 10:00,5416.0,5420.5,5415.0,5418.0,1000.0
10/10/2025 10:05,5418.0,5419.5,5415.5,5416.5,1000.0
10/10/2025 10:10,5416.0,5423.5,5416.0,5421.0,1000.0
10/10/2025 10:15,5421.5,5422.0,5415.5,5416.0,1000.0
10/10/2025 10:20,5416.0,5423.5,5415.5,5422.0,1000.0
10/10/2025 10:25,5422.5,5426.0,5421.5,5425.5,1000.0
10/10/2025 10:30,5426.0,5433.5,5424.5,5432.5,1000.0
10/10/2025 10:35,5432.5,5440.5,5431.0,5438.0,1000.0
10/10/2025 10:40,5438.0,5439.5,5434.5,5435.0,1000.0
10/10/2025 10:45,5435.5,5444.0,5435.0,5440.5,1000.0
10/10/2025 10:50,5440.5,5476.5,5438.0,5466.0,1000.0
10/10/2025 10:55,5466.0,5523.0,5465.5,5487.5,1000.0
10/10/2025 11:00,5487.0,5489.0,5467.5,5483.0,1000.0
10/10/2025 11:05,5483.5,5484.0,5459.0,5461.0,1000.0
10/10/2025 11:10,5460.5,5468.5,5455.5,5457.5,1000.0
10/10/2025 11:15,5457.5,5463.0,5450.5,5462.0,1000.0
10/10/2025 11:20,5462.0,5481.0,5461.0,5475.0,1000.0
10/10/2025 11:25,5474.5,5480.5,5467.0,5478.0,1000.0
10/10/2025 11:30,5478.0,5489.0,5476.0,5480.5,1000.0
10/10/2025 11:35,5480.5,5493.5,5471.0,5471.5,1000.0
10/10/2025 11:40,5471.5,5479.0,5471.5,5474.5,1000.0
10/10/2025 11:45,5474.5,5477.5,5468.5,5471.0,1000.0
10/10/2025 11:50,5471.0,5474.5,5468.0,5472.5,1000.0
10/10/2025 11:55,5472.5,5482.0,5467.5,5481.5,1000.0
10/10/2025 12:00,5481.0,5502.5,5477.0,5497.0,1000.0
10/10/2025 12:05,5497.0,5502.0,5484.0,5488.0,1000.0
10/10/2025 12:10,5488.0,5499.0,5485.5,5490.5,1000.0
10/10/2025 12:15,5490.5,5502.0,5489.5,5497.5,1000.0
10/10/2025 12:20,5497.5,5501.0,5490.5,5501.0,1000.0
10/10/2025 12:25,5500.5,5508.5,5499.5,5507.0,1000.0
10/10/2025 12:30,5507.0,5517.5,5507.0,5514.0,1000.0
10/10/2025 12:35,5514.5,5515.0,5503.5,5509.5,1000.0
10/10/2025 12:40,5509.5,5515.5,5508.5,5509.0,1000.0
10/10/2025 12:45,5509.5,5509.5,5503.0,5503.5,1000.0
10/10/2025 12:50,5503.5,5504.5,5497.5,5500.5,1000.0
10/10/2025 12:55,5501.0,5515.5,5500.5,5511.0,1000.0
10/10/2025 13:00,5511.0,5512.5,5503.5,5506.0,1000.0
10/10/2025 13:05,5506.0,5509.0,5503.0,5504.5,1000.0
10/10/2025 13:10,5505.0,5510.5,5504.0,5509.5,1000.0
10/10/2025 13:15,5510.0,5513.5,5508.5,5512.5,1000.0
10/10/2025 13:20,5513.0,5514.5,5510.0,5514.0,1000.0
10/10/2025 13:25,5513.5,5515.5,5506.5,5512.0,1000.0
10/10/2025 13:30,5512.0,5515.0,5505.0,5513.0,1000.0
10/10/2025 13:35,5513.0,5514.0,5507.5,5511.0,1000.0
10/10/2025 13:40,5511.0,5514.0,5507.0,5513.0,1000.0
10/10/2025 13:45,5513.0,5515.0,5510.5,5514.5,1000.0
10/10/2025 13:50,5514.0,5516.5,5508.5,5508.5,1000.0
10/10/2025 13:55,5508.5,5517.5,5508.0,5516.5,1000.0
10/10/2025 14:00,5516.5,5518.5,5515.5,5516.5,1000.0
10/10/2025 14:05,5517.0,5545.5,5516.5,5538.5,1000.0
10/10/2025 14:10,5538.5,5541.5,5529.5,5537.0,1000.0
10/10/2025 14:15,5537.5,5540.0,5528.5,5530.5,1000.0
10/10/2025 14:20,5530.0,5533.0,5527.0,5530.0,1000.0
10/10/2025 14:25,5530.5,5534.5,5527.5,5532.0,1000.0
10/10/2025 14:30,5532.0,5533.5,5523.0,5523.0,1000.0
10/10/2025 14:35,5523.0,5524.5,5517.5,5520.0,1000.0
10/10/2025 14:40,5519.5,5522.0,5514.5,5521.5,1000.0
10/10/2025 14:45,5521.5,5526.5,5518.0,5525.5,1000.0
10/10/2025 14:50,5525.5,5529.5,5517.5,5518.5,1000.0
10/10/2025 14:55,5519.0,5521.0,5516.5,5517.5,1000.0
10/10/2025 15:00,5517.5,5522.0,5517.0,5520.5,1000.0
10/10/2025 15:05,5520.5,5521.0,5516.0,5518.5,1000.0
10/10/2025 15:10,5518.0,5521.5,5515.0,5515.5,1000.0
10/10/2025 15:15,5515.0,5517.0,5513.5,5516.0,1000.0
10/10/2025 15:20,5516.0,5522.0,5515.0,5518.0,1000.0
10/10/2025 15:25,5518.0,5526.5,5517.0,5526.5,1000.0
10/10/2025 15:30,5526.0,5529.0,5523.5,5525.5,1000.0
10/10/2025 15:35,5525.5,5527.0,5522.0,5524.0,1000.0
10/10/2025 15:40,5524.0,5525.5,5521.5,5523.0,1000.0
10/10/2025 15:45,5523.5,5527.5,5522.5,5525.0,1000.0
10/10/2025 15:50,5525.0,5531.5,5525.0,5528.5,1000.0
10/10/2025 15:55,5529.0,5530.5,5526.5,5529.0,1000.0
10/10/2025 16:00,5528.5,5529.0,5521.5,5522.5,1000.0
10/10/2025 16:05,5522.5,5527.0,5522.0,5526.0,1000.0
10/10/2025 16:10,5525.5,5528.5,5525.5,5527.0,1000.0
10/10/2025 16:15,5527.0,5528.0,5523.5,5524.0,1000.0
10/10/2025 16:20,5524.5,5525.5,5523.5,5524.5,1000.0
10/10/2025 16:25,5524.5,5526.0,5524.0,5525.0,1000.0
10/10/2025 16:30,5524.5,5526.5,5522.5,5526.0,1000.0
10/10/2025 16:35,5525.5,5529.5,5525.0,5529.0,1000.0
10/10/2025 16:40,5528.5,5529.5,5523.5,5524.0,1000.0
10/10/2025 16:45,5524.5,5527.5,5522.5,5523.0,1000.0
10/10/2025 16:50,5523.0,5524.5,5520.5,5522.5,1000.0
10/10/2025 16:55,5522.5,5530.5,5521.5,5529.5,1000.0
10/10/2025 17:00,5529.0,5531.5,5528.5,5530.0,1000.0
10/10/2025 17:05,5530.0,5537.0,5530.0,5536.5,1000.0
10/10/2025 17:10,5537.0,5537.5,5532.0,5533.0,1000.0
10/10/2025 17:15,5532.5,5538.0,5531.5,5536.5,1000.0
10/10/2025 17:20,5536.5,5536.5,5531.0,5533.0,1000.0
10/10/2025 17:25,5532.5,5536.5,5529.5,5529.5,1000.0
10/10/2025 17:30,5530.0,5533.5,5529.0,5531.0,1000.0
10/10/2025 17:35,5531.0,5531.5,5529.0,5530.5,1000.0
10/10/2025 17:40,5530.5,5531.5,5529.5,5530.5,1000.0
10/10/2025 17:45,5530.0,5532.5,5529.5,5530.5,1000.0
10/10/2025 17:50,5531.0,5544.0,5527.5,5543.0,1000.0
10/10/2025 17:55,5543.0,5549.5,5541.5,5548.0,1000.0
10/10/2025 18:00,5548.0,5548.5,5540.0,5545.0,1000.0
10/10/2025 18:05,5545.0,5547.0,5543.0,5545.5,1000.0
10/10/2025 18:10,5546.0,5553.0,5545.0,5551.5,1000.0
10/10/2025 18:15,5551.0,5560.0,5549.0,5550.5,1000.0
10/10/2025 18:20,5550.0,5555.0,5550.0,5550.5,1000.0
10/10/2025 18:25,5550.5,5560.0,5550.0,5559.5,1000.0
10/10/2025 9:00,5399.5,5400.0,5387.5,5390.0,1000.0
10/10/2025 9:05,5390.0,5394.5,5387.5,5393.5,1000.0
10/10/2025 9:10,5393.5,5398.5,5390.0,5391.0,1000.0
10/10/2025 9:15,5391.0,5393.0,5388.0,5392.0,1000.0
10/10/2025 9:20,5391.5,5395.5,5391.0,5394.5,1000.0
10/10/2025 9:25,5395.0,5401.5,5394.0,5401.5,1000.0
10/10/2025 9:30,5401.5,5403.0,5398.5,5401.0,1000.0
10/10/2025 9:35,5400.5,5411.5,5400.0,5409.0,1000.0
10/10/2025 9:40,5409.0,5414.5,5407.5,5413.0,1000.0
10/10/2025 9:45,5413.5,5413.5,5410.5,5411.0,1000.0
10/10/2025 9:50,5411.5,5416.0,5409.5,5413.0,1000.0
10/10/2025 9:55,5412.5,5416.0,5409.5,5415.5,1000.0
10/11/2025 10:00,5338.5,5341.0,5335.0,5337.5,1000.0
10/11/2025 10:05,5337.5,5337.5,5335.0,5335.0,1000.0
10/11/2025 10:10,5335.5,5337.0,5332.0,5336.0,1000.0
10/11/2025 10:15,5335.5,5338.0,5334.0,5336.0,1000.0
10/11/2025 10:20,5336.0,5337.0,5335.0,5335.5,1000.0
10/11/2025 10:25,5336.0,5338.0,5334.5,5335.0,1000.0
10/11/2025 10:30,5335.5,5338.0,5335.0,5337.5,1000.0
10/11/2025 10:35,5338.0,5345.5,5337.5,5344.5,1000.0
10/11/2025 10:40,5345.0,5347.0,5340.5,5343.0,1000.0
10/11/2025 10:45,5342.5,5344.5,5340.0,5340.0,1000.0
10/11/2025 10:50,5340.5,5341.0,5338.5,5340.5,1000.0
10/11/2025 10:55,5340.0,5341.5,5338.0,5341.0,1000.0
10/11/2025 11:00,5340.5,5345.5,5338.0,5343.5,1000.0
10/11/2025 11:05,5343.5,5344.5,5341.0,5342.0,1000.0
10/11/2025 11:10,5342.5,5342.5,5338.0,5339.5,1000.0
10/11/2025 11:15,5339.5,5339.5,5336.5,5337.0,1000.0
10/11/2025 11:20,5337.5,5339.0,5336.5,5338.5,1000.0
10/11/2025 11:25,5338.5,5340.0,5338.0,5338.0,1000.0
10/11/2025 11:30,5338.5,5338.5,5335.5,5336.5,1000.0
10/11/2025 11:35,5336.0,5338.5,5335.5,5338.0,1000.0
10/11/2025 11:40,5338.0,5340.0,5337.0,5339.5,1000.0
10/11/2025 11:45,5339.5,5341.0,5338.5,5341.0,1000.0
10/11/2025 11:50,5341.0,5341.0,5338.5,5340.0,1000.0
10/11/2025 11:55,5340.0,5340.5,5337.5,5338.5,1000.0
10/11/2025 12:00,5339.0,5340.5,5338.5,5340.0,1000.0
10/11/2025 12:05,5339.5,5341.0,5339.0,5341.0,1000.0
10/11/2025 12:10,5341.0,5341.5,5339.0,5339.5,1000.0
10/11/2025 12:15,5339.5,5340.0,5336.0,5338.0,1000.0
10/11/2025 12:20,5338.0,5338.5,5336.5,5338.0,1000.0
10/11/2025 12:25,5338.0,5339.5,5337.0,5339.5,1000.0
10/11/2025 12:30,5339.5,5340.0,5338.0,5338.5,1000.0
10/11/2025 12:35,5339.0,5339.5,5337.0,5337.0,1000.0
10/11/2025 12:40,5337.5,5339.5,5337.0,5339.5,1000.0
10/11/2025 12:45,5339.5,5343.0,5339.0,5342.5,1000.0
10/11/2025 12:50,5342.5,5345.0,5342.0,5343.5,1000.0
10/11/2025 12:55,5343.0,5345.0,5340.5,5340.5,1000.0
10/11/2025 13:00,5341.0,5342.5,5340.5,5341.0,1000.0
10/11/2025 13:05,5341.5,5343.0,5340.0,5341.0,1000.0
10/11/2025 13:10,5341.0,5343.0,5340.0,5342.0,1000.0
10/11/2025 13:15,5342.0,5343.5,5341.0,5342.0,1000.0
10/11/2025 13:20,5342.5,5343.5,5342.0,5343.0,1000.0
10/11/2025 13:25,5343.0,5344.5,5343.0,5344.0,1000.0
10/11/2025 13:30,5344.0,5345.0,5343.5,5344.0,1000.0
10/11/2025 13:35,5344.0,5344.5,5342.5,5343.0,1000.0
10/11/2025 13:40,5343.5,5344.5,5342.0,5342.0,1000.0
10/11/2025 13:45,5342.5,5345.0,5341.5,5343.5,1000.0
10/11/2025 13:50,5343.5,5344.0,5343.0,5343.5,1000.0
10/11/2025 13:55,5343.0,5343.5,5341.5,5342.0,1000.0
10/11/2025 14:00,5342.0,5342.5,5338.5,5339.0,1000.0
10/11/2025 14:05,5339.0,5339.0,5337.5,5338.5,1000.0
10/11/2025 14:10,5339.0,5340.0,5338.0,5340.0,1000.0
10/11/2025 14:15,5339.5,5340.5,5339.0,5339.5,1000.0
10/11/2025 14:20,5339.5,5339.5,5337.5,5339.0,1000.0
10/11/2025 14:25,5339.0,5339.0,5337.0,5337.5,1000.0
10/11/2025 14:30,5338.0,5338.5,5333.5,5334.0,1000.0
10/11/2025 14:35,5333.5,5334.5,5332.5,5333.0,1000.0
10/11/2025 14:40,5333.0,5333.5,5331.5,5332.5,1000.0
10/11/2025 14:45,5333.0,5333.5,5330.5,5331.0,1000.0
10/11/2025 14:50,5331.0,5332.0,5328.0,5329.0,1000.0
10/11/2025 14:55,5329.0,5330.0,5328.0,5329.5,1000.0
10/11/2025 15:00,5329.0,5330.0,5327.5,5329.0,1000.0
10/11/2025 15:05,5329.0,5329.0,5326.0,5327.0,1000.0
10/11/2025 15:10,5326.5,5329.0,5326.0,5328.0,1000.0
10/11/2025 15:15,5328.5,5329.0,5327.5,5328.5,1000.0
10/11/2025 15:20,5328.5,5329.5,5328.0,5329.0,1000.0
10/11/2025 15:25,5329.0,5330.0,5327.0,5329.0,1000.0
10/11/2025 15:30,5329.0,5329.5,5328.0,5329.0,1000.0
10/11/2025 15:35,5329.5,5330.5,5329.0,5329.0,1000.0
10/11/2025 15:40,5329.0,5330.0,5328.0,5329.0,1000.0
10/11/2025 15:45,5329.0,5330.0,5328.0,5329.5,1000.0
10/11/2025 15:50,5329.5,5331.0,5329.0,5329.5,1000.0
10/11/2025 15:55,5329.5,5331.0,5326.5,5327.5,1000.0
10/11/2025 16:00,5327.5,5329.0,5326.5,5329.0,1000.0
10/11/2025 16:05,5329.0,5330.0,5328.0,5329.0,1000.0
10/11/2025 16:10,5329.5,5330.0,5328.5,5328.5,1000.0
10/11/2025 16:15,5328.5,5329.0,5328.0,5329.0,1000.0
10/11/2025 16:20,5329.0,5329.5,5328.0,5328.5,1000.0
10/11/2025 16:25,5328.5,5329.0,5328.0,5328.5,1000.0
10/11/2025 16:30,5329.0,5329.5,5328.0,5328.5,1000.0
10/11/2025 16:35,5329.0,5330.0,5328.5,5329.0,1000.0
10/11/2025 16:40,5329.0,5330.5,5329.0,5330.5,1000.0
10/11/2025 16:45,5330.0,5331.5,5329.5,5330.5,1000.0
10/11/2025 16:50,5330.5,5330.5,5329.5,5329.5,1000.0
10/11/2025 16:55,5329.5,5330.5,5329.0,5329.0,1000.0
10/11/2025 17:00,5329.0,5329.5,5328.0,5328.5,1000.0
10/11/2025 17:05,5328.5,5328.5,5325.0,5326.5,1000.0
10/11/2025 17:10,5327.0,5327.0,5324.5,5325.5,1000.0
10/11/2025 17:15,5326.0,5328.0,5325.5,5328.0,1000.0
10/11/2025 17:20,5327.5,5329.0,5327.0,5327.5,1000.0
10/11/2025 17:25,5327.0,5328.0,5327.0,5327.0,1000.0
10/11/2025 17:30,5327.5,5328.5,5327.0,5327.0,1000.0
10/11/2025 17:35,5327.5,5327.5,5324.5,5325.0,1000.0
10/11/2025 17:40,5325.0,5325.0,5322.5,5323.0,1000.0
10/11/2025 17:45,5323.0,5324.0,5322.0,5324.0,1000.0
10/11/2025 17:50,5323.5,5324.5,5323.0,5324.5,1000.0
10/11/2025 17:55,5324.5,5324.5,5321.5,5322.0,1000.0
10/11/2025 18:00,5321.5,5322.0,5318.5,5320.5,1000.0
10/11/2025 18:05,5320.0,5320.5,5318.0,5318.5,1000.0
10/11/2025 18:10,5318.5,5318.5,5308.5,5312.5,1000.0
10/11/2025 18:15,5313.0,5314.0,5311.0,5312.0,1000.0
10/11/2025 18:20,5312.0,5313.5,5310.5,5312.0,1000.0
10/11/2025 18:25,5312.5,5315.5,5310.5,5314.5,1000.0
10/11/2025 9:00,5340.0,5344.5,5334.5,5339.5,1000.0
10/11/2025 9:05,5340.0,5342.0,5333.5,5335.0,1000.0
10/11/2025 9:10,5335.0,5339.5,5334.0,5338.0,1000.0
10/11/2025 9:15,5337.5,5338.0,5330.0,5331.5,1000.0
10/11/2025 9:20,5331.5,5333.0,5327.0,5333.0,1000.0
10/11/2025 9:25,5333.0,5333.5,5329.5,5331.0,1000.0
10/11/2025 9:30,5331.0,5332.0,5329.0,5331.5,1000.0
10/11/2025 9:35,5331.5,5332.0,5329.0,5331.0,1000.0
10/11/2025 9:40,5331.0,5335.5,5330.0,5334.0,1000.0
10/11/2025 9:45,5334.0,5337.0,5333.5,5336.0,1000.0
10/11/2025 9:50,5336.0,5338.5,5335.0,5336.5,1000.0
10/11/2025 9:55,5336.5,5339.0,5335.0,5338.0,1000.0
10/12/2025 10:00,5468.0,5482.5,5467.0,5477.5,1000.0
10/12/2025 10:05,5477.5,5481.5,5476.5,5481.0,1000.0
10/12/2025 10:10,5481.0,5483.0,5478.0,5482.0,1000.0
10/12/2025 10:15,5481.5,5492.5,5480.0,5491.5,1000.0
10/12/2025 10:20,5491.5,5493.0,5484.5,5484.5,1000.0
10/12/2025 10:25,5484.5,5487.0,5482.0,5483.5,1000.0
10/12/2025 10:30,5483.5,5487.5,5483.0,5487.5,1000.0
10/12/2025 10:35,5487.5,5492.5,5487.0,5490.5,1000.0
10/12/2025 10:40,5490.5,5491.0,5484.5,5485.5,1000.0
10/12/2025 10:45,5485.5,5488.0,5478.5,5484.5,1000.0
10/12/2025 10:50,5485.0,5486.5,5480.0,5482.5,1000.0
10/12/2025 10:55,5482.0,5486.5,5481.0,5486.0,1000.0
10/12/2025 11:00,5486.5,5491.0,5484.5,5485.5,1000.0
10/12/2025 11:05,5485.0,5487.5,5482.5,5483.0,1000.0
10/12/2025 11:10,5483.0,5488.0,5482.5,5487.0,1000.0
10/12/2025 11:15,5487.5,5489.5,5484.5,5487.5,1000.0
10/12/2025 11:20,5488.0,5490.5,5486.5,5489.0,1000.0
10/12/2025 11:25,5489.0,5490.5,5483.5,5485.0,1000.0
10/12/2025 11:30,5485.0,5486.0,5481.0,5484.5,1000.0
10/12/2025 11:35,5484.0,5487.5,5481.5,5487.0,1000.0
10/12/2025 11:40,5487.0,5490.0,5484.5,5487.0,1000.0
10/12/2025 11:45,5487.0,5491.0,5485.5,5486.5,1000.0
10/12/2025 11:50,5487.0,5489.0,5484.5,5486.5,1000.0
10/12/2025 11:55,5486.5,5493.0,5485.5,5491.0,1000.0
10/12/2025 12:00,5491.0,5491.0,5484.5,5486.5,1000.0
10/12/2025 12:05,5486.5,5488.5,5483.5,5488.0,1000.0
10/12/2025 12:10,5488.0,5488.5,5483.0,5486.0,1000.0
10/12/2025 12:15,5486.0,5492.0,5485.5,5491.0,1000.0
10/12/2025 12:20,5491.5,5498.5,5490.0,5498.5,1000.0
10/12/2025 12:25,5498.5,5504.0,5497.5,5503.5,1000.0
10/12/2025 12:30,5503.5,5505.5,5499.0,5503.0,1000.0
10/12/2025 12:35,5503.0,5515.0,5503.0,5512.5,1000.0
10/12/2025 12:40,5512.5,5513.0,5507.5,5508.5,1000.0
10/12/2025 12:45,5508.0,5508.0,5502.5,5502.5,1000.0
10/12/2025 12:50,5502.5,5505.5,5501.5,5504.5,1000.0
10/12/2025 12:55,5504.0,5507.0,5503.5,5504.0,1000.0
10/12/2025 13:00,5504.5,5507.0,5503.5,5506.5,1000.0
10/12/2025 13:05,5506.5,5509.0,5504.0,5507.0,1000.0
10/12/2025 13:10,5507.5,5507.5,5503.5,5505.0,1000.0
10/12/2025 13:15,5504.5,5507.0,5503.5,5503.5,1000.0
10/12/2025 13:20,5503.5,5505.0,5503.5,5505.0,1000.0
10/12/2025 13:25,5505.0,5505.5,5501.5,5504.5,1000.0
10/12/2025 13:30,5505.0,5506.0,5503.5,5504.0,1000.0
10/12/2025 13:35,5504.0,5504.0,5498.5,5499.0,1000.0
10/12/2025 13:40,5499.0,5499.5,5495.0,5496.5,1000.0
10/12/2025 13:45,5496.0,5499.5,5495.5,5498.5,1000.0
10/12/2025 13:50,5498.5,5500.0,5495.0,5497.0,1000.0
10/12/2025 13:55,5497.0,5498.0,5495.5,5497.5,1000.0
10/12/2025 14:00,5497.0,5502.5,5496.5,5500.5,1000.0
10/12/2025 14:05,5501.0,5505.5,5499.5,5505.0,1000.0
10/12/2025 14:10,5505.0,5505.5,5503.5,5504.0,1000.0
10/12/2025 14:15,5503.5,5506.0,5503.0,5506.0,1000.0
10/12/2025 14:20,5506.0,5506.0,5503.0,5503.0,1000.0
10/12/2025 14:25,5503.0,5508.0,5501.0,5505.0,1000.0
10/12/2025 14:30,5505.0,5506.0,5501.5,5504.0,1000.0
10/12/2025 14:35,5503.5,5504.0,5500.0,5502.0,1000.0
10/12/2025 14:40,5502.0,5504.5,5500.0,5503.0,1000.0
10/12/2025 14:45,5502.5,5505.5,5502.0,5504.0,1000.0
10/12/2025 14:50,5504.5,5507.0,5503.5,5505.5,1000.0
10/12/2025 14:55,5505.5,5507.5,5504.0,5506.0,1000.0
10/12/2025 15:00,5506.0,5508.0,5504.0,5506.5,1000.0
10/12/2025 15:05,5506.5,5506.5,5502.0,5502.5,1000.0
10/12/2025 15:10,5502.5,5502.5,5499.0,5500.5,1000.0
10/12/2025 15:15,5500.5,5501.5,5500.0,5501.0,1000.0
10/12/2025 15:20,5500.5,5506.0,5500.5,5505.0,1000.0
10/12/2025 15:25,5505.0,5506.5,5504.5,5505.0,1000.0
10/12/2025 15:30,5505.0,5506.0,5503.0,5503.5,1000.0
10/12/2025 15:35,5503.5,5505.5,5501.5,5504.0,1000.0
10/12/2025 15:40,5504.5,5513.0,5503.5,5510.5,1000.0
10/12/2025 15:45,5510.5,5512.0,5508.0,5509.0,1000.0
10/12/2025 15:50,5509.0,5510.0,5505.5,5506.5,1000.0
10/12/2025 15:55,5506.0,5510.0,5506.0,5509.0,1000.0
10/12/2025 16:00,5509.5,5510.0,5496.5,5501.5,1000.0
10/12/2025 16:05,5501.0,5502.5,5494.0,5496.5,1000.0
10/12/2025 16:10,5496.5,5498.5,5493.5,5496.0,1000.0
10/12/2025 16:15,5495.5,5498.5,5494.5,5496.0,1000.0
10/12/2025 16:20,5496.0,5503.0,5495.0,5501.5,1000.0
10/12/2025 16:25,5501.5,5504.0,5500.0,5500.5,1000.0
10/12/2025 16:30,5500.5,5504.0,5491.5,5494.5,1000.0
10/12/2025 16:35,5494.5,5503.0,5488.5,5494.5,1000.0
10/12/2025 16:40,5494.5,5506.0,5494.0,5501.0,1000.0
10/12/2025 16:45,5501.0,5503.0,5496.0,5499.5,1000.0
10/12/2025 16:50,5499.5,5501.5,5489.0,5492.0,1000.0
10/12/2025 16:55,5492.0,5494.0,5488.5,5491.5,1000.0
10/12/2025 17:00,5491.5,5494.0,5489.0,5490.5,1000.0
10/12/2025 17:05,5490.5,5491.0,5485.0,5485.0,1000.0
10/12/2025 17:10,5484.5,5485.5,5481.0,5483.5,1000.0
10/12/2025 17:15,5484.0,5485.5,5479.5,5485.0,1000.0
10/12/2025 17:20,5485.0,5492.0,5484.5,5491.5,1000.0
10/12/2025 17:25,5492.0,5493.5,5488.0,5489.0,1000.0
10/12/2025 17:30,5489.5,5495.5,5488.0,5489.5,1000.0
10/12/2025 17:35,5489.5,5490.0,5487.0,5488.5,1000.0
10/12/2025 17:40,5488.5,5490.5,5487.5,5489.5,1000.0
10/12/2025 17:45,5490.0,5497.5,5489.5,5494.5,1000.0
10/12/2025 17:50,5494.5,5496.5,5493.0,5495.5,1000.0
10/12/2025 17:55,5495.5,5498.5,5494.5,5497.0,1000.0
10/12/2025 18:00,5497.0,5498.5,5495.0,5497.0,1000.0
10/12/2025 18:05,5497.5,5499.5,5494.5,5497.0,1000.0
10/12/2025 18:10,5497.5,5498.5,5494.0,5497.0,1000.0
10/12/2025 18:15,5497.0,5500.0,5493.5,5497.0,1000.0
10/12/2025 18:20,5496.5,5498.5,5495.0,5496.0,1000.0
10/12/2025 18:25,5496.0,5499.0,5495.5,5497.0,1000.0
10/12/2025 9:00,5449.5,5452.0,5442.5,5447.0,1000.0
10/12/2025 9:05,5447.0,5451.5,5442.5,5448.0,1000.0
10/12/2025 9:10,5447.5,5452.0,5445.0,5448.0,1000.0
10/12/2025 9:15,5448.0,5455.0,5445.5,5452.5,1000.0
10/12/2025 9:20,5452.5,5457.5,5452.0,5454.0,1000.0
10/12/2025 9:25,5453.5,5456.0,5451.0,5452.0,1000.0
10/12/2025 9:30,5452.0,5462.0,5450.5,5461.0,1000.0
10/12/2025 9:35,5461.0,5461.5,5454.0,5454.5,1000.0
10/12/2025 9:40,5455.0,5459.5,5453.5,5456.5,1000.0
10/12/2025 9:45,5457.0,5466.5,5455.0,5465.5,1000.0
10/12/2025 9:50,5466.0,5469.0,5464.5,5466.5,1000.0
10/12/2025 9:55,5466.5,5470.0,5465.0,5468.5,1000.0
10/2/2026 10:00,5223.0,5224.0,5221.0,5224.0,1000.0
10/2/2026 10:05,5223.5,5226.5,5222.5,5225.5,1000.0
10/2/2026 10:10,5225.0,5228.5,5222.5,5223.5,1000.0
10/2/2026 10:15,5223.5,5224.5,5221.5,5224.5,1000.0
10/2/2026 10:20,5224.5,5226.5,5223.5,5224.5,1000.0
10/2/2026 10:25,5224.5,5228.0,5224.5,5225.0,1000.0
10/2/2026 10:30,5225.0,5226.0,5220.0,5222.0,1000.0
10/2/2026 10:35,5222.0,5224.0,5218.0,5223.5,1000.0
10/2/2026 10:40,5223.5,5225.5,5221.5,5222.0,1000.0
10/2/2026 10:45,5221.5,5223.5,5219.0,5221.0,1000.0
10/2/2026 10:50,5221.5,5226.5,5219.5,5221.5,1000.0
10/2/2026 10:55,5221.5,5222.5,5218.5,5218.5,1000.0
10/2/2026 11:00,5219.0,5222.5,5215.5,5222.0,1000.0
10/2/2026 11:05,5221.5,5222.0,5213.5,5215.0,1000.0
10/2/2026 11:10,5215.0,5216.0,5207.5,5208.0,1000.0
10/2/2026 11:15,5208.5,5210.0,5204.0,5205.5,1000.0
10/2/2026 11:20,5205.5,5208.5,5203.5,5206.5,1000.0
10/2/2026 11:25,5206.5,5209.5,5205.5,5207.0,1000.0
10/2/2026 11:30,5207.0,5209.0,5202.0,5203.5,1000.0
10/2/2026 11:35,5203.5,5213.0,5203.5,5209.0,1000.0
10/2/2026 11:40,5209.0,5215.5,5208.0,5211.5,1000.0
10/2/2026 11:45,5212.0,5224.0,5210.5,5221.5,1000.0
10/2/2026 11:50,5221.5,5221.5,5214.5,5214.5,1000.0
10/2/2026 11:55,5215.0,5216.0,5211.5,5216.0,1000.0
10/2/2026 12:00,5215.5,5220.5,5215.5,5218.0,1000.0
10/2/2026 12:05,5218.0,5220.5,5215.5,5219.5,1000.0
10/2/2026 12:10,5219.5,5227.0,5219.0,5224.5,1000.0
10/2/2026 12:15,5224.0,5231.0,5223.5,5224.5,1000.0
10/2/2026 12:20,5224.5,5226.0,5223.0,5225.5,1000.0
10/2/2026 12:25,5225.5,5231.5,5225.0,5230.5,1000.0
10/2/2026 12:30,5230.5,5231.5,5227.0,5228.0,1000.0
10/2/2026 12:35,5228.0,5229.5,5225.0,5226.5,1000.0
10/2/2026 12:40,5226.5,5227.0,5221.5,5222.5,1000.0
10/2/2026 12:45,5222.5,5224.0,5218.0,5219.0,1000.0
10/2/2026 12:50,5219.0,5220.5,5218.0,5218.0,1000.0
10/2/2026 12:55,5218.5,5224.5,5217.5,5224.5,1000.0
10/2/2026 13:00,5224.0,5224.5,5220.0,5223.5,1000.0
10/2/2026 13:05,5223.5,5225.5,5221.0,5222.0,1000.0
10/2/2026 13:10,5222.0,5222.0,5217.5,5220.0,1000.0
10/2/2026 13:15,5220.0,5223.0,5219.0,5220.5,1000.0
10/2/2026 13:20,5220.5,5224.5,5219.5,5224.0,1000.0
10/2/2026 13:25,5224.0,5225.5,5217.5,5217.5,1000.0
10/2/2026 13:30,5217.5,5218.5,5215.5,5218.0,1000.0
10/2/2026 13:35,5217.5,5219.0,5213.5,5216.0,1000.0
10/2/2026 13:40,5216.0,5218.5,5215.5,5216.5,1000.0
10/2/2026 13:45,5216.0,5219.0,5215.0,5218.5,1000.0
10/2/2026 13:50,5219.0,5220.0,5216.0,5217.0,1000.0
10/2/2026 13:55,5217.0,5218.5,5215.5,5218.5,1000.0
10/2/2026 14:00,5218.0,5221.5,5217.5,5219.5,1000.0
10/2/2026 14:05,5219.5,5219.5,5216.5,5217.5,1000.0
10/2/2026 14:10,5217.0,5218.0,5216.5,5217.5,1000.0
10/2/2026 14:15,5218.0,5220.5,5217.0,5220.5,1000.0
10/2/2026 14:20,5220.5,5222.5,5219.5,5222.0,1000.0
10/2/2026 14:25,5222.5,5222.5,5219.0,5220.0,1000.0
10/2/2026 14:30,5220.0,5221.5,5216.5,5217.0,1000.0
10/2/2026 14:35,5217.0,5219.5,5216.5,5219.0,1000.0
10/2/2026 14:40,5219.0,5219.5,5216.5,5218.5,1000.0
10/2/2026 14:45,5219.0,5222.0,5219.0,5221.0,1000.0
10/2/2026 14:50,5221.5,5222.0,5220.0,5221.5,1000.0
10/2/2026 14:55,5221.5,5224.5,5221.0,5223.0,1000.0
10/2/2026 15:00,5223.0,5224.0,5220.0,5221.5,1000.0
10/2/2026 15:05,5221.0,5222.0,5220.5,5220.5,1000.0
10/2/2026 15:10,5221.0,5222.0,5220.0,5221.5,1000.0
10/2/2026 15:15,5221.5,5222.0,5219.5,5221.0,1000.0
10/2/2026 15:20,5220.5,5222.5,5220.0,5221.0,1000.0
10/2/2026 15:25,5221.5,5226.5,5220.0,5225.5,1000.0
10/2/2026 15:30,5225.0,5227.0,5223.5,5226.0,1000.0
10/2/2026 15:35,5226.0,5226.5,5223.5,5224.0,1000.0
10/2/2026 15:40,5223.5,5225.5,5223.5,5224.5,1000.0
10/2/2026 15:45,5225.0,5225.5,5222.5,5224.0,1000.0
10/2/2026 15:50,5223.5,5225.5,5222.5,5223.5,1000.0
10/2/2026 15:55,5223.5,5224.0,5221.0,5221.5,1000.0
10/2/2026 16:00,5222.0,5224.5,5221.5,5224.0,1000.0
10/2/2026 16:05,5224.0,5224.5,5221.5,5222.5,1000.0
10/2/2026 16:10,5223.0,5223.0,5222.0,5222.5,1000.0
10/2/2026 16:15,5222.0,5223.0,5220.5,5221.0,1000.0
10/2/2026 16:20,5221.0,5222.5,5220.0,5221.0,1000.0
10/2/2026 16:25,5221.0,5222.0,5218.5,5219.5,1000.0
10/2/2026 16:30,5219.5,5221.0,5217.0,5218.0,1000.0
10/2/2026 16:35,5217.5,5218.5,5216.0,5216.0,1000.0
10/2/2026 16:40,5216.0,5218.0,5216.0,5217.5,1000.0
10/2/2026 16:45,5218.0,5218.0,5214.5,5217.0,1000.0
10/2/2026 16:50,5216.5,5217.5,5215.5,5216.0,1000.0
10/2/2026 16:55,5216.0,5216.5,5214.0,5215.5,1000.0
10/2/2026 17:00,5215.5,5216.0,5213.5,5215.5,1000.0
10/2/2026 17:05,5215.0,5216.5,5214.0,5215.5,1000.0
10/2/2026 17:10,5216.0,5216.5,5215.0,5215.0,1000.0
10/2/2026 17:15,5215.5,5216.0,5214.5,5214.5,1000.0
10/2/2026 17:20,5215.0,5215.5,5213.5,5215.0,1000.0
10/2/2026 17:25,5215.5,5216.0,5214.5,5216.0,1000.0
10/2/2026 17:30,5215.5,5216.0,5213.5,5214.0,1000.0
10/2/2026 17:35,5214.0,5214.5,5213.0,5214.0,1000.0
10/2/2026 17:40,5214.5,5216.0,5213.5,5215.5,1000.0
10/2/2026 17:45,5215.5,5215.5,5214.0,5215.0,1000.0
10/2/2026 17:50,5215.0,5216.5,5214.5,5215.0,1000.0
10/2/2026 17:55,5215.0,5216.5,5214.5,5215.5,1000.0
10/2/2026 18:00,5215.5,5216.5,5214.0,5215.0,1000.0
10/2/2026 18:05,5215.5,5216.0,5214.0,5215.0,1000.0
10/2/2026 18:10,5214.5,5215.0,5212.0,5212.0,1000.0
10/2/2026 18:15,5212.0,5213.5,5212.0,5212.5,1000.0
10/2/2026 18:20,5212.5,5213.0,5210.0,5212.5,1000.0
10/2/2026 18:25,5212.5,5213.5,5210.0,5210.0,1000.0
10/2/2026 9:00,5214.0,5221.0,5210.0,5210.5,1000.0
10/2/2026 9:05,5210.5,5216.0,5209.0,5214.0,1000.0
10/2/2026 9:10,5214.0,5216.0,5208.0,5209.5,1000.0
10/2/2026 9:15,5209.5,5212.0,5208.0,5211.5,1000.0
10/2/2026 9:20,5211.0,5213.5,5210.5,5212.5,1000.0
10/2/2026 9:25,5212.0,5216.5,5212.0,5215.0,1000.0
10/2/2026 9:30,5215.0,5218.5,5213.5,5216.0,1000.0
10/2/2026 9:35,5216.5,5221.0,5214.0,5219.5,1000.0
10/2/2026 9:40,5219.5,5223.5,5218.0,5223.5,1000.0
10/2/2026 9:45,5223.5,5226.5,5220.5,5222.0,1000.0
10/2/2026 9:50,5222.0,5226.5,5221.0,5222.0,1000.0
10/2/2026 9:55,5222.0,5225.5,5219.0,5223.5,1000.0
10/3/2026 10:00,5204.0,5205.0,5196.0,5199.0,1000.0
10/3/2026 10:05,5198.5,5207.5,5196.5,5206.5,1000.0
10/3/2026 10:10,5206.5,5212.5,5204.0,5209.5,1000.0
10/3/2026 10:15,5209.5,5213.5,5207.5,5208.5,1000.0
10/3/2026 10:20,5208.0,5210.5,5203.0,5206.0,1000.0
10/3/2026 10:25,5206.0,5207.5,5203.5,5206.0,1000.0
10/3/2026 10:30,5205.5,5214.5,5202.0,5210.0,1000.0
10/3/2026 10:35,5209.5,5214.0,5206.0,5207.5,1000.0
10/3/2026 10:40,5207.5,5215.5,5206.0,5207.0,1000.0
10/3/2026 10:45,5207.5,5210.5,5199.0,5200.5,1000.0
10/3/2026 10:50,5200.5,5208.0,5200.0,5203.5,1000.0
10/3/2026 10:55,5203.5,5206.0,5201.5,5203.5,1000.0
10/3/2026 11:00,5203.5,5205.5,5201.0,5203.0,1000.0
10/3/2026 11:05,5203.5,5211.5,5201.0,5209.5,1000.0
10/3/2026 11:10,5210.0,5211.0,5203.5,5204.5,1000.0
10/3/2026 11:15,5204.5,5206.5,5194.5,5195.5,1000.0
10/3/2026 11:20,5195.5,5196.0,5190.5,5192.5,1000.0
10/3/2026 11:25,5193.0,5195.0,5190.5,5191.5,1000.0
10/3/2026 11:30,5191.5,5194.0,5186.5,5188.0,1000.0
10/3/2026 11:35,5188.0,5189.5,5183.0,5184.0,1000.0
10/3/2026 11:40,5183.5,5187.0,5179.5,5181.5,1000.0
10/3/2026 11:45,5181.5,5182.5,5178.5,5178.5,1000.0
10/3/2026 11:50,5178.5,5184.0,5178.5,5180.5,1000.0
10/3/2026 11:55,5180.5,5182.0,5179.0,5181.0,1000.0
10/3/2026 12:00,5181.0,5182.5,5178.5,5179.5,1000.0
10/3/2026 12:05,5180.0,5183.0,5179.5,5182.0,1000.0
10/3/2026 12:10,5182.0,5183.0,5179.0,5180.5,1000.0
10/3/2026 12:15,5180.0,5182.0,5177.0,5177.0,1000.0
10/3/2026 12:20,5177.0,5178.5,5173.5,5176.0,1000.0
10/3/2026 12:25,5175.5,5178.5,5174.5,5178.0,1000.0
10/3/2026 12:30,5177.5,5179.5,5175.0,5177.0,1000.0
10/3/2026 12:35,5176.5,5177.5,5171.5,5172.0,1000.0
10/3/2026 12:40,5172.0,5173.5,5168.5,5171.5,1000.0
10/3/2026 12:45,5172.0,5174.5,5171.0,5172.0,1000.0
10/3/2026 12:50,5172.0,5175.5,5171.0,5173.5,1000.0
10/3/2026 12:55,5173.0,5174.0,5168.5,5169.5,1000.0
10/3/2026 13:00,5169.0,5173.5,5168.5,5173.5,1000.0
10/3/2026 13:05,5173.5,5178.5,5173.0,5174.0,1000.0
10/3/2026 13:10,5174.0,5179.5,5173.5,5177.5,1000.0
10/3/2026 13:15,5178.0,5179.0,5176.5,5178.5,1000.0
10/3/2026 13:20,5178.5,5181.5,5178.0,5179.0,1000.0
10/3/2026 13:25,5179.5,5180.5,5178.0,5178.5,1000.0
10/3/2026 13:30,5179.0,5179.5,5172.0,5172.5,1000.0
10/3/2026 13:35,5172.0,5175.0,5170.0,5173.0,1000.0
10/3/2026 13:40,5173.5,5174.5,5172.0,5173.0,1000.0
10/3/2026 13:45,5172.5,5178.0,5172.5,5177.0,1000.0
10/3/2026 13:50,5177.0,5178.5,5170.0,5171.5,1000.0
10/3/2026 13:55,5171.5,5172.5,5169.0,5169.5,1000.0
10/3/2026 14:00,5170.0,5170.5,5166.0,5169.5,1000.0
10/3/2026 14:05,5169.5,5170.0,5166.0,5167.0,1000.0
10/3/2026 14:10,5167.5,5169.0,5164.5,5165.0,1000.0
10/3/2026 14:15,5165.0,5167.0,5158.5,5160.5,1000.0
10/3/2026 14:20,5160.5,5163.5,5159.5,5163.5,1000.0
10/3/2026 14:25,5163.0,5165.5,5161.0,5161.5,1000.0
10/3/2026 14:30,5161.5,5168.0,5161.5,5167.5,1000.0
10/3/2026 14:35,5167.5,5172.0,5165.0,5169.5,1000.0
10/3/2026 14:40,5169.5,5175.0,5169.0,5173.5,1000.0
10/3/2026 14:45,5173.5,5174.0,5169.5,5171.5,1000.0
10/3/2026 14:50,5171.5,5171.5,5167.0,5169.5,1000.0
10/3/2026 14:55,5169.5,5172.5,5169.0,5171.5,1000.0
10/3/2026 15:00,5171.5,5174.0,5170.5,5172.0,1000.0
10/3/2026 15:05,5172.0,5175.0,5171.5,5174.5,1000.0
10/3/2026 15:10,5174.5,5187.5,5171.5,5185.5,1000.0
10/3/2026 15:15,5185.5,5193.5,5182.5,5184.5,1000.0
10/3/2026 15:20,5184.5,5187.5,5175.5,5179.0,1000.0
10/3/2026 15:25,5179.5,5181.5,5169.0,5174.0,1000.0
10/3/2026 15:30,5174.5,5176.0,5170.5,5171.5,1000.0
10/3/2026 15:35,5171.5,5179.5,5170.5,5177.0,1000.0
10/3/2026 15:40,5177.5,5180.5,5175.5,5179.0,1000.0
10/3/2026 15:45,5179.0,5180.5,5174.5,5177.5,1000.0
10/3/2026 15:50,5177.5,5180.0,5175.0,5176.5,1000.0
10/3/2026 15:55,5176.5,5181.5,5174.5,5180.5,1000.0
10/3/2026 16:00,5180.5,5183.0,5178.5,5180.0,1000.0
10/3/2026 16:05,5180.0,5181.0,5178.0,5179.5,1000.0
10/3/2026 16:10,5179.0,5182.5,5178.5,5179.0,1000.0
10/3/2026 16:15,5179.0,5180.0,5176.5,5177.0,1000.0
10/3/2026 16:20,5177.0,5181.5,5175.5,5178.0,1000.0
10/3/2026 16:25,5178.5,5188.5,5178.5,5188.0,1000.0
10/3/2026 16:30,5187.5,5197.0,5187.0,5194.5,1000.0
10/3/2026 16:35,5194.5,5197.0,5187.0,5187.5,1000.0
10/3/2026 16:40,5188.0,5192.5,5182.0,5187.0,1000.0
10/3/2026 16:45,5187.0,5190.0,5185.5,5187.5,1000.0
10/3/2026 16:50,5187.0,5190.0,5186.0,5188.0,1000.0
10/3/2026 16:55,5188.5,5191.0,5184.5,5185.0,1000.0
10/3/2026 17:00,5185.0,5188.5,5183.5,5185.0,1000.0
10/3/2026 17:05,5185.0,5185.5,5182.5,5184.0,1000.0
10/3/2026 17:10,5183.5,5186.0,5182.5,5184.0,1000.0
10/3/2026 17:15,5184.5,5188.5,5184.0,5187.5,1000.0
10/3/2026 17:20,5187.5,5188.0,5183.5,5184.0,1000.0
10/3/2026 17:25,5184.0,5186.0,5184.0,5184.5,1000.0
10/3/2026 17:30,5185.0,5187.5,5184.0,5185.0,1000.0
10/3/2026 17:35,5184.5,5187.0,5184.0,5187.0,1000.0
10/3/2026 17:40,5186.5,5187.5,5185.0,5186.5,1000.0
10/3/2026 17:45,5186.5,5190.0,5186.5,5189.0,1000.0
10/3/2026 17:50,5189.0,5190.0,5186.5,5186.5,1000.0
10/3/2026 17:55,5187.0,5188.0,5184.5,5187.5,1000.0
10/3/2026 18:00,5187.5,5192.5,5187.0,5190.0,1000.0
10/3/2026 18:05,5190.5,5193.0,5190.5,5192.5,1000.0
10/3/2026 18:10,5192.5,5195.0,5190.5,5192.0,1000.0
10/3/2026 18:15,5192.0,5194.0,5189.5,5193.0,1000.0
10/3/2026 18:20,5192.5,5193.5,5191.5,5192.0,1000.0
10/3/2026 18:25,5192.5,5193.5,5190.0,5191.0,1000.0
10/3/2026 9:00,5185.0,5194.5,5179.5,5192.5,1000.0
10/3/2026 9:05,5192.5,5205.0,5192.0,5200.5,1000.0
10/3/2026 9:10,5200.5,5204.5,5194.5,5196.0,1000.0
10/3/2026 9:15,5196.0,5201.5,5194.0,5196.0,1000.0
10/3/2026 9:20,5196.0,5199.0,5192.5,5196.0,1000.0
10/3/2026 9:25,5196.0,5210.0,5194.0,5209.5,1000.0
10/3/2026 9:30,5209.0,5213.0,5204.5,5208.0,1000.0
10/3/2026 9:35,5207.5,5208.0,5201.5,5205.0,1000.0
10/3/2026 9:40,5205.5,5206.0,5196.0,5199.5,1000.0
10/3/2026 9:45,5199.5,5203.5,5193.0,5196.0,1000.0
10/3/2026 9:50,5196.0,5200.0,5190.0,5195.5,1000.0
10/3/2026 9:55,5195.0,5204.5,5193.0,5204.0,1000.0
11/11/2025 10:00,5310.5,5312.0,5308.0,5309.5,1000.0
11/11/2025 10:05,5309.5,5312.0,5308.0,5309.0,1000.0
11/11/2025 10:10,5309.5,5312.5,5309.0,5312.5,1000.0
11/11/2025 10:15,5312.0,5313.0,5307.0,5307.5,1000.0
11/11/2025 10:20,5307.5,5308.5,5303.0,5304.0,1000.0
11/11/2025 10:25,5304.5,5304.5,5300.5,5304.5,1000.0
11/11/2025 10:30,5304.5,5305.0,5301.5,5301.5,1000.0
11/11/2025 10:35,5302.0,5304.5,5300.0,5300.5,1000.0
11/11/2025 10:40,5300.5,5301.5,5298.0,5298.0,1000.0
11/11/2025 10:45,5298.0,5301.0,5297.5,5298.5,1000.0
11/11/2025 10:50,5298.5,5300.0,5293.0,5293.0,1000.0
11/11/2025 10:55,5293.5,5297.0,5293.0,5294.0,1000.0
11/11/2025 11:00,5294.0,5294.0,5288.0,5288.5,1000.0
11/11/2025 11:05,5288.0,5291.5,5286.5,5291.0,1000.0
11/11/2025 11:10,5290.5,5296.0,5290.5,5295.0,1000.0
11/11/2025 11:15,5294.5,5297.0,5294.5,5294.5,1000.0
11/11/2025 11:20,5295.0,5295.0,5291.5,5291.5,1000.0
11/11/2025 11:25,5291.5,5295.0,5290.5,5292.5,1000.0
11/11/2025 11:30,5292.5,5295.0,5291.0,5291.0,1000.0
11/11/2025 11:35,5291.5,5293.0,5289.5,5292.5,1000.0
11/11/2025 11:40,5292.0,5294.0,5289.5,5291.0,1000.0
11/11/2025 11:45,5291.0,5292.5,5290.5,5291.5,1000.0
11/11/2025 11:50,5292.0,5292.0,5287.5,5290.0,1000.0
11/11/2025 11:55,5289.5,5290.5,5286.5,5287.5,1000.0
11/11/2025 12:00,5287.0,5288.5,5286.0,5288.0,1000.0
11/11/2025 12:05,5287.5,5291.0,5287.0,5289.5,1000.0
11/11/2025 12:10,5289.5,5293.0,5289.5,5293.0,1000.0
11/11/2025 12:15,5293.0,5295.5,5291.5,5295.5,1000.0
11/11/2025 12:20,5295.5,5296.0,5293.5,5294.5,1000.0
11/11/2025 12:25,5295.0,5296.0,5294.0,5294.5,1000.0
11/11/2025 12:30,5294.0,5296.5,5294.0,5296.0,1000.0
11/11/2025 12:35,5295.5,5302.0,5295.5,5302.0,1000.0
11/11/2025 12:40,5302.0,5302.0,5296.5,5300.0,1000.0
11/11/2025 12:45,5300.0,5302.5,5300.0,5302.0,1000.0
11/11/2025 12:50,5302.0,5303.0,5300.0,5300.0,1000.0
11/11/2025 12:55,5300.0,5300.0,5296.0,5298.0,1000.0
11/11/2025 13:00,5297.5,5299.0,5294.5,5295.5,1000.0
11/11/2025 13:05,5295.5,5296.5,5293.5,5295.0,1000.0
11/11/2025 13:10,5295.5,5295.5,5291.5,5293.0,1000.0
11/11/2025 13:15,5293.0,5293.5,5292.0,5292.5,1000.0
11/11/2025 13:20,5293.0,5294.0,5292.5,5293.0,1000.0
11/11/2025 13:25,5293.5,5297.0,5293.0,5296.0,1000.0
11/11/2025 13:30,5296.5,5297.5,5295.5,5296.0,1000.0
11/11/2025 13:35,5296.0,5296.5,5294.0,5295.5,1000.0
11/11/2025 13:40,5295.5,5295.5,5293.0,5293.5,1000.0
11/11/2025 13:45,5293.0,5294.5,5293.0,5294.0,1000.0
11/11/2025 13:50,5293.5,5294.0,5292.5,5293.5,1000.0
11/11/2025 13:55,5293.0,5301.0,5293.0,5300.5,1000.0
11/11/2025 14:00,5300.0,5300.5,5295.5,5296.0,1000.0
11/11/2025 14:05,5296.0,5296.5,5294.5,5295.5,1000.0
11/11/2025 14:10,5295.5,5295.5,5292.5,5295.0,1000.0
11/11/2025 14:15,5295.0,5295.0,5292.5,5293.0,1000.0
11/11/2025 14:20,5293.5,5294.5,5292.5,5294.0,1000.0
11/11/2025 14:25,5294.0,5298.0,5294.0,5297.5,1000.0
11/11/2025 14:30,5298.0,5299.5,5297.5,5299.0,1000.0
11/11/2025 14:35,5299.0,5301.0,5298.5,5300.0,1000.0
11/11/2025 14:40,5299.5,5301.0,5299.0,5299.0,1000.0
11/11/2025 14:45,5299.0,5299.5,5297.5,5298.5,1000.0
11/11/2025 14:50,5298.5,5299.0,5297.0,5298.0,1000.0
11/11/2025 14:55,5298.0,5298.0,5295.5,5296.5,1000.0
11/11/2025 15:00,5296.5,5296.5,5293.5,5294.0,1000.0
11/11/2025 15:05,5294.0,5295.5,5294.0,5295.0,1000.0
11/11/2025 15:10,5295.0,5295.5,5293.5,5294.0,1000.0
11/11/2025 15:15,5294.0,5295.0,5293.0,5294.5,1000.0
11/11/2025 15:20,5294.5,5296.5,5293.5,5296.5,1000.0
11/11/2025 15:25,5296.5,5296.5,5295.0,5295.5,1000.0
11/11/2025 15:30,5295.5,5296.5,5294.0,5296.0,1000.0
11/11/2025 15:35,5295.5,5297.0,5295.5,5296.0,1000.0
11/11/2025 15:40,5295.5,5297.0,5295.0,5296.5,1000.0
11/11/2025 15:45,5296.0,5296.5,5295.0,5295.5,1000.0
11/11/2025 15:50,5295.0,5295.5,5293.0,5295.5,1000.0
11/11/2025 15:55,5295.0,5295.5,5293.5,5293.5,1000.0
11/11/2025 16:00,5294.0,5295.5,5292.5,5293.0,1000.0
11/11/2025 16:05,5292.5,5295.0,5292.5,5295.0,1000.0
11/11/2025 16:10,5295.5,5295.5,5293.0,5293.5,1000.0
11/11/2025 16:15,5293.5,5294.0,5292.0,5293.5,1000.0
11/11/2025 16:20,5293.5,5294.0,5292.5,5293.5,1000.0
11/11/2025 16:25,5293.5,5294.0,5292.0,5292.5,1000.0
11/11/2025 16:30,5293.0,5294.5,5292.0,5294.0,1000.0
11/11/2025 16:35,5294.5,5294.5,5293.5,5294.0,1000.0
11/11/2025 16:40,5294.0,5295.5,5293.5,5295.0,1000.0
11/11/2025 16:45,5295.0,5296.5,5294.5,5296.5,1000.0
11/11/2025 16:50,5296.0,5296.5,5295.0,5296.0,1000.0
11/11/2025 16:55,5295.5,5297.0,5294.0,5295.5,1000.0
11/11/2025 17:00,5295.0,5296.5,5294.5,5295.5,1000.0
11/11/2025 17:05,5296.0,5296.5,5295.0,5296.0,1000.0
11/11/2025 17:10,5296.0,5296.0,5293.5,5294.5,1000.0
11/11/2025 17:15,5294.0,5295.0,5293.0,5295.0,1000.0
11/11/2025 17:20,5295.0,5296.0,5294.5,5294.5,1000.0
11/11/2025 17:25,5294.5,5296.0,5294.5,5295.0,1000.0
11/11/2025 17:30,5295.0,5296.0,5295.0,5295.0,1000.0
11/11/2025 17:35,5295.0,5296.0,5294.5,5295.5,1000.0
11/11/2025 17:40,5295.0,5295.5,5294.0,5295.0,1000.0
11/11/2025 17:45,5294.5,5295.5,5294.0,5295.0,1000.0
11/11/2025 17:50,5294.5,5295.5,5294.0,5295.0,1000.0
11/11/2025 17:55,5295.0,5296.0,5293.5,5294.0,1000.0
11/11/2025 18:00,5293.5,5294.5,5293.0,5294.5,1000.0
11/11/2025 18:05,5294.5,5296.0,5293.0,5295.5,1000.0
11/11/2025 18:10,5295.5,5295.5,5292.5,5294.0,1000.0
11/11/2025 18:15,5294.0,5296.0,5292.5,5295.0,1000.0
11/11/2025 18:20,5295.0,5295.0,5293.0,5295.0,1000.0
11/11/2025 18:25,5295.0,5297.5,5293.5,5295.5,1000.0
11/11/2025 9:00,5313.5,5318.0,5303.0,5303.5,1000.0
11/11/2025 9:05,5303.5,5311.0,5303.5,5309.5,1000.0
11/11/2025 9:10,5309.5,5314.0,5308.0,5313.0,1000.0
11/11/2025 9:15,5313.0,5314.0,5308.5,5312.5,1000.0
11/11/2025 9:20,5312.5,5314.5,5310.0,5313.5,1000.0
11/11/2025 9:25,5313.5,5320.0,5313.0,5319.0,1000.0
11/11/2025 9:30,5319.0,5321.5,5318.0,5319.0,1000.0
11/11/2025 9:35,5319.0,5319.5,5316.0,5317.0,1000.0
11/11/2025 9:40,5317.0,5318.0,5313.5,5316.5,1000.0
11/11/2025 9:45,5316.0,5319.0,5314.5,5318.0,1000.0
11/11/2025 9:50,5318.0,5318.5,5315.5,5316.0,1000.0
11/11/2025 9:55,5316.5,5319.0,5309.5,5310.0,1000.0
11/12/2025 10:00,5467.5,5469.0,5463.5,5465.0,1000.0
11/12/2025 10:05,5465.0,5473.5,5465.0,5468.0,1000.0
11/12/2025 10:10,5468.0,5468.5,5458.0,5459.0,1000.0
11/12/2025 10:15,5458.5,5461.5,5451.5,5457.5,1000.0
11/12/2025 10:20,5457.5,5458.0,5454.0,5455.5,1000.0
11/12/2025 10:25,5455.0,5458.5,5454.0,5457.0,1000.0
11/12/2025 10:30,5456.5,5457.5,5453.0,5457.0,1000.0
11/12/2025 10:35,5457.0,5457.5,5448.5,5450.0,1000.0
11/12/2025 10:40,5449.5,5452.0,5448.5,5451.0,1000.0
11/12/2025 10:45,5451.0,5455.0,5449.5,5453.5,1000.0
11/12/2025 10:50,5454.0,5455.5,5452.0,5454.0,1000.0
11/12/2025 10:55,5454.0,5455.0,5450.0,5451.5,1000.0
11/12/2025 11:00,5451.5,5453.0,5449.0,5451.5,1000.0
11/12/2025 11:05,5451.5,5452.0,5446.0,5446.0,1000.0
11/12/2025 11:10,5446.5,5448.5,5443.0,5448.5,1000.0
11/12/2025 11:15,5448.5,5450.0,5446.5,5449.0,1000.0
11/12/2025 11:20,5449.5,5452.5,5447.5,5450.5,1000.0
11/12/2025 11:25,5450.5,5454.0,5450.0,5452.0,1000.0
11/12/2025 11:30,5452.0,5452.5,5444.0,5445.0,1000.0
11/12/2025 11:35,5445.0,5451.5,5445.0,5450.0,1000.0
11/12/2025 11:40,5450.0,5450.5,5444.5,5445.0,1000.0
11/12/2025 11:45,5445.5,5448.5,5444.5,5447.0,1000.0
11/12/2025 11:50,5447.0,5450.5,5446.5,5450.0,1000.0
11/12/2025 11:55,5450.5,5451.0,5441.5,5443.0,1000.0
11/12/2025 12:00,5443.0,5444.5,5441.0,5443.5,1000.0
11/12/2025 12:05,5443.5,5443.5,5436.0,5439.0,1000.0
11/12/2025 12:10,5439.0,5441.5,5437.0,5438.0,1000.0
11/12/2025 12:15,5438.0,5441.0,5435.0,5435.0,1000.0
11/12/2025 12:20,5435.0,5435.5,5428.5,5431.5,1000.0
11/12/2025 12:25,5431.0,5432.0,5428.5,5430.5,1000.0
11/12/2025 12:30,5430.5,5434.0,5429.5,5433.5,1000.0
11/12/2025 12:35,5433.5,5434.0,5430.5,5431.0,1000.0
11/12/2025 12:40,5430.5,5434.5,5429.0,5431.5,1000.0
11/12/2025 12:45,5431.5,5431.5,5424.5,5426.0,1000.0
11/12/2025 12:50,5426.5,5429.5,5424.5,5428.5,1000.0
11/12/2025 12:55,5428.0,5431.5,5426.5,5427.5,1000.0
11/12/2025 13:00,5427.0,5430.0,5426.0,5428.0,1000.0
11/12/2025 13:05,5428.5,5428.5,5423.0,5426.5,1000.0
11/12/2025 13:10,5427.0,5429.0,5424.5,5428.0,1000.0
11/12/2025 13:15,5428.0,5430.0,5427.5,5430.0,1000.0
11/12/2025 13:20,5429.5,5431.0,5427.0,5427.5,1000.0
11/12/2025 13:25,5427.5,5430.0,5427.0,5429.0,1000.0
11/12/2025 13:30,5429.0,5429.0,5425.5,5425.5,1000.0
11/12/2025 13:35,5425.5,5426.5,5423.5,5425.0,1000.0
11/12/2025 13:40,5425.0,5426.0,5421.0,5422.5,1000.0
11/12/2025 13:45,5423.0,5424.5,5420.5,5423.5,1000.0
11/12/2025 13:50,5423.0,5425.5,5421.5,5424.5,1000.0
11/12/2025 13:55,5424.0,5428.5,5423.5,5427.5,1000.0
11/12/2025 14:00,5427.5,5428.0,5424.0,5425.5,1000.0
11/12/2025 14:05,5425.5,5428.0,5424.0,5427.5,1000.0
11/12/2025 14:10,5427.0,5427.5,5425.0,5426.5,1000.0
11/12/2025 14:15,5426.5,5427.5,5425.0,5427.0,1000.0
11/12/2025 14:20,5427.0,5430.0,5426.0,5429.0,1000.0
11/12/2025 14:25,5429.0,5430.0,5427.0,5430.0,1000.0
11/12/2025 14:30,5430.0,5431.5,5429.5,5431.5,1000.0
11/12/2025 14:35,5431.5,5432.5,5430.0,5431.0,1000.0
11/12/2025 14:40,5431.0,5437.0,5430.5,5436.0,1000.0
11/12/2025 14:45,5436.0,5436.0,5431.5,5434.5,1000.0
11/12/2025 14:50,5434.0,5436.5,5433.5,5436.5,1000.0
11/12/2025 14:55,5436.5,5439.0,5434.0,5434.5,1000.0
11/12/2025 15:00,5434.5,5434.5,5429.0,5430.0,1000.0
11/12/2025 15:05,5430.5,5431.0,5428.0,5429.5,1000.0
11/12/2025 15:10,5430.0,5431.0,5428.5,5429.0,1000.0
11/12/2025 15:15,5429.5,5429.5,5426.0,5429.0,1000.0
11/12/2025 15:20,5429.0,5436.5,5428.5,5434.0,1000.0
11/12/2025 15:25,5433.5,5438.5,5429.5,5431.0,1000.0
11/12/2025 15:30,5431.0,5432.0,5427.0,5428.0,1000.0
11/12/2025 15:35,5428.0,5429.0,5426.0,5428.5,1000.0
11/12/2025 15:40,5429.0,5430.0,5426.0,5427.0,1000.0
11/12/2025 15:45,5427.0,5427.0,5422.5,5422.5,1000.0
11/12/2025 15:50,5422.5,5423.5,5417.5,5422.0,1000.0
11/12/2025 15:55,5421.5,5423.0,5420.5,5421.0,1000.0
11/12/2025 16:00,5421.0,5422.0,5418.5,5421.0,1000.0
11/12/2025 16:05,5421.5,5427.5,5421.0,5425.0,1000.0
11/12/2025 16:10,5425.0,5426.0,5421.5,5422.5,1000.0
11/12/2025 16:15,5422.5,5423.0,5421.5,5422.0,1000.0
11/12/2025 16:20,5422.5,5424.0,5421.5,5422.5,1000.0
11/12/2025 16:25,5422.5,5424.0,5421.5,5424.0,1000.0
11/12/2025 16:30,5424.0,5424.5,5422.5,5423.0,1000.0
11/12/2025 16:35,5422.5,5424.0,5422.5,5424.0,1000.0
11/12/2025 16:40,5424.0,5426.0,5423.5,5425.5,1000.0
11/12/2025 16:45,5425.5,5426.0,5425.0,5425.5,1000.0
11/12/2025 16:50,5425.5,5427.5,5424.5,5427.0,1000.0
11/12/2025 16:55,5426.5,5427.0,5425.5,5426.5,1000.0
11/12/2025 17:00,5426.5,5427.5,5426.0,5427.5,1000.0
11/12/2025 17:05,5427.0,5429.0,5427.0,5427.0,1000.0
11/12/2025 17:10,5427.0,5428.0,5426.0,5426.0,1000.0
11/12/2025 17:15,5426.0,5428.0,5426.0,5427.0,1000.0
11/12/2025 17:20,5426.5,5427.5,5426.0,5427.0,1000.0
11/12/2025 17:25,5427.0,5428.5,5426.5,5428.0,1000.0
11/12/2025 17:30,5428.5,5429.5,5427.5,5428.5,1000.0
11/12/2025 17:35,5428.5,5429.0,5427.5,5428.5,1000.0
11/12/2025 17:40,5428.5,5430.0,5428.5,5429.0,1000.0
11/12/2025 17:45,5429.0,5431.0,5428.0,5429.0,1000.0
11/12/2025 17:50,5428.5,5429.5,5427.5,5429.0,1000.0
11/12/2025 17:55,5429.0,5429.5,5428.0,5428.0,1000.0
11/12/2025 18:00,5428.5,5429.5,5425.5,5427.0,1000.0
11/12/2025 18:05,5426.5,5429.0,5425.5,5429.0,1000.0
11/12/2025 18:10,5429.0,5429.5,5427.0,5429.5,1000.0
11/12/2025 18:15,5429.0,5431.0,5426.5,5429.5,1000.0
11/12/2025 18:20,5430.0,5430.5,5427.5,5429.0,1000.0
11/12/2025 18:25,5429.5,5432.0,5428.0,5431.5,1000.0
11/12/2025 9:00,5499.5,5500.0,5485.0,5490.5,1000.0
11/12/2025 9:05,5490.5,5493.0,5486.5,5491.5,1000.0
11/12/2025 9:10,5491.5,5496.0,5490.0,5495.0,1000.0
11/12/2025 9:15,5494.5,5497.0,5484.5,5486.0,1000.0
11/12/2025 9:20,5485.5,5487.5,5484.0,5487.0,1000.0
11/12/2025 9:25,5487.0,5488.0,5483.5,5486.0,1000.0
11/12/2025 9:30,5486.0,5488.5,5477.5,5478.0,1000.0
11/12/2025 9:35,5478.5,5481.5,5477.0,5480.0,1000.0
11/12/2025 9:40,5480.0,5482.0,5474.0,5476.0,1000.0
11/12/2025 9:45,5476.5,5479.5,5475.5,5477.0,1000.0
11/12/2025 9:50,5477.0,5478.5,5472.0,5472.5,1000.0
11/12/2025 9:55,5472.5,5473.5,5465.5,5467.5,1000.0
11/2/2026 10:00,5199.0,5204.0,5197.5,5202.5,1000.0
11/2/2026 10:05,5202.0,5206.0,5202.0,5205.5,1000.0
11/2/2026 10:10,5205.5,5209.5,5202.5,5202.5,1000.0
11/2/2026 10:15,5202.5,5205.5,5201.0,5202.0,1000.0
11/2/2026 10:20,5202.5,5203.5,5201.0,5201.5,1000.0
11/2/2026 10:25,5202.0,5204.0,5199.5,5202.0,1000.0
11/2/2026 10:30,5202.0,5220.5,5201.5,5214.5,1000.0
11/2/2026 10:35,5214.5,5216.0,5206.0,5207.5,1000.0
11/2/2026 10:40,5207.0,5214.0,5204.5,5208.0,1000.0
11/2/2026 10:45,5208.5,5209.5,5198.0,5199.0,1000.0
11/2/2026 10:50,5198.5,5202.5,5195.0,5201.0,1000.0
11/2/2026 10:55,5200.5,5201.0,5196.0,5199.5,1000.0
11/2/2026 11:00,5199.5,5203.0,5193.0,5193.5,1000.0
11/2/2026 11:05,5193.5,5193.5,5185.0,5187.5,1000.0
11/2/2026 11:10,5187.5,5193.5,5187.0,5191.5,1000.0
11/2/2026 11:15,5191.5,5192.0,5186.5,5190.0,1000.0
11/2/2026 11:20,5190.0,5201.5,5189.0,5200.0,1000.0
11/2/2026 11:25,5200.0,5201.0,5194.5,5198.0,1000.0
11/2/2026 11:30,5198.0,5202.0,5196.0,5198.5,1000.0
11/2/2026 11:35,5199.0,5202.0,5194.5,5201.0,1000.0
11/2/2026 11:40,5201.0,5203.0,5196.5,5198.5,1000.0
11/2/2026 11:45,5199.0,5200.0,5192.5,5200.0,1000.0
11/2/2026 11:50,5200.0,5203.0,5198.5,5199.0,1000.0
11/2/2026 11:55,5199.5,5202.5,5198.5,5200.0,1000.0
11/2/2026 12:00,5200.5,5200.5,5192.5,5197.5,1000.0
11/2/2026 12:05,5197.5,5198.0,5195.0,5197.5,1000.0
11/2/2026 12:10,5197.5,5206.0,5197.5,5201.5,1000.0
11/2/2026 12:15,5201.5,5207.5,5201.0,5207.0,1000.0
11/2/2026 12:20,5207.5,5208.5,5200.0,5204.5,1000.0
11/2/2026 12:25,5205.0,5209.0,5204.0,5208.0,1000.0
11/2/2026 12:30,5208.5,5212.0,5207.5,5210.0,1000.0
11/2/2026 12:35,5209.5,5211.0,5206.5,5208.5,1000.0
11/2/2026 12:40,5208.5,5208.5,5203.0,5207.0,1000.0
11/2/2026 12:45,5206.5,5207.5,5203.5,5206.0,1000.0
11/2/2026 12:50,5206.0,5207.5,5201.5,5202.5,1000.0
11/2/2026 12:55,5202.0,5205.0,5201.5,5204.0,1000.0
11/2/2026 13:00,5204.0,5204.5,5200.5,5200.5,1000.0
11/2/2026 13:05,5201.0,5203.0,5199.5,5202.5,1000.0
11/2/2026 13:10,5202.5,5203.0,5195.5,5197.0,1000.0
11/2/2026 13:15,5197.0,5200.0,5196.5,5198.5,1000.0
11/2/2026 13:20,5199.0,5200.5,5197.0,5198.5,1000.0
11/2/2026 13:25,5198.0,5201.0,5198.0,5200.0,1000.0
11/2/2026 13:30,5200.0,5201.0,5198.5,5200.0,1000.0
11/2/2026 13:35,5199.5,5200.5,5194.0,5194.0,1000.0
11/2/2026 13:40,5194.0,5195.5,5192.0,5193.5,1000.0
11/2/2026 13:45,5193.5,5194.5,5191.5,5194.0,1000.0
11/2/2026 13:50,5194.0,5194.0,5191.5,5193.5,1000.0
11/2/2026 13:55,5193.5,5194.0,5192.0,5192.5,1000.0
11/2/2026 14:00,5192.5,5196.0,5190.5,5194.5,1000.0
11/2/2026 14:05,5194.5,5196.0,5192.5,5194.0,1000.0
11/2/2026 14:10,5193.5,5194.5,5190.0,5192.5,1000.0
11/2/2026 14:15,5192.0,5195.5,5190.0,5194.5,1000.0
11/2/2026 14:20,5194.0,5196.0,5193.0,5195.0,1000.0
11/2/2026 14:25,5195.0,5195.0,5192.5,5193.5,1000.0
11/2/2026 14:30,5193.5,5196.5,5193.5,5195.5,1000.0
11/2/2026 14:35,5195.0,5197.5,5195.0,5196.5,1000.0
11/2/2026 14:40,5196.5,5196.5,5192.5,5194.0,1000.0
11/2/2026 14:45,5193.5,5194.5,5193.0,5194.0,1000.0
11/2/2026 14:50,5194.0,5195.5,5194.0,5194.5,1000.0
11/2/2026 14:55,5194.5,5196.5,5194.0,5195.0,1000.0
11/2/2026 15:00,5194.5,5197.0,5193.0,5196.0,1000.0
11/2/2026 15:05,5195.5,5200.5,5195.5,5198.5,1000.0
11/2/2026 15:10,5199.0,5202.5,5198.5,5201.0,1000.0
11/2/2026 15:15,5201.0,5202.5,5197.0,5198.0,1000.0
11/2/2026 15:20,5198.5,5201.5,5198.0,5200.5,1000.0
11/2/2026 15:25,5200.0,5201.0,5198.0,5200.0,1000.0
11/2/2026 15:30,5199.5,5202.0,5199.0,5200.0,1000.0
11/2/2026 15:35,5200.0,5200.5,5197.5,5199.5,1000.0
11/2/2026 15:40,5199.5,5201.5,5199.0,5199.0,1000.0
11/2/2026 15:45,5199.0,5199.5,5197.5,5198.5,1000.0
11/2/2026 15:50,5198.5,5202.0,5198.5,5199.0,1000.0
11/2/2026 15:55,5199.5,5202.0,5198.0,5201.5,1000.0
11/2/2026 16:00,5202.0,5202.5,5199.5,5199.5,1000.0
11/2/2026 16:05,5200.0,5201.0,5198.0,5199.0,1000.0
11/2/2026 16:10,5199.5,5203.5,5198.5,5201.5,1000.0
11/2/2026 16:15,5201.5,5203.5,5201.5,5202.5,1000.0
11/2/2026 16:20,5202.5,5202.5,5199.5,5200.0,1000.0
11/2/2026 16:25,5199.5,5201.5,5199.0,5201.5,1000.0
11/2/2026 16:30,5201.5,5205.0,5200.5,5204.0,1000.0
11/2/2026 16:35,5204.0,5205.0,5203.0,5205.0,1000.0
11/2/2026 16:40,5205.0,5205.5,5202.5,5203.5,1000.0
11/2/2026 16:45,5204.0,5205.5,5202.0,5203.0,1000.0
11/2/2026 16:50,5203.0,5205.0,5203.0,5204.5,1000.0
11/2/2026 16:55,5204.5,5204.5,5202.5,5203.0,1000.0
11/2/2026 17:00,5203.0,5204.0,5202.5,5202.5,1000.0
11/2/2026 17:05,5202.5,5203.5,5202.0,5203.0,1000.0
11/2/2026 17:10,5202.5,5203.0,5201.5,5202.0,1000.0
11/2/2026 17:15,5202.0,5203.5,5201.0,5203.0,1000.0
11/2/2026 17:20,5203.0,5205.0,5203.0,5204.0,1000.0
11/2/2026 17:25,5204.0,5204.5,5201.5,5202.0,1000.0
11/2/2026 17:30,5202.0,5202.5,5201.0,5201.0,1000.0
11/2/2026 17:35,5201.5,5202.0,5200.0,5201.5,1000.0
11/2/2026 17:40,5201.5,5201.5,5199.5,5199.5,1000.0
11/2/2026 17:45,5199.5,5201.5,5199.5,5200.5,1000.0
11/2/2026 17:50,5200.5,5202.0,5198.0,5199.5,1000.0
11/2/2026 17:55,5199.0,5201.5,5199.0,5200.5,1000.0
11/2/2026 18:00,5200.5,5202.5,5200.5,5202.0,1000.0
11/2/2026 18:05,5202.0,5202.0,5199.0,5200.5,1000.0
11/2/2026 18:10,5200.5,5201.0,5198.0,5199.0,1000.0
11/2/2026 18:15,5199.0,5199.0,5197.5,5198.5,1000.0
11/2/2026 18:20,5198.5,5201.0,5197.5,5199.0,1000.0
11/2/2026 18:25,5198.5,5199.5,5195.5,5198.5,1000.0
11/2/2026 9:00,5204.5,5205.5,5194.5,5198.0,1000.0
11/2/2026 9:05,5197.5,5199.0,5190.5,5197.0,1000.0
11/2/2026 9:10,5197.5,5198.0,5193.0,5195.5,1000.0
11/2/2026 9:15,5195.5,5200.5,5195.5,5198.5,1000.0
11/2/2026 9:20,5198.0,5202.0,5198.0,5201.5,1000.0
11/2/2026 9:25,5201.0,5204.5,5198.0,5204.5,1000.0
11/2/2026 9:30,5204.5,5207.0,5201.0,5206.0,1000.0
11/2/2026 9:35,5206.0,5207.5,5200.5,5202.0,1000.0
11/2/2026 9:40,5202.0,5204.5,5201.0,5203.0,1000.0
11/2/2026 9:45,5203.0,5204.5,5199.0,5202.0,1000.0
11/2/2026 9:50,5201.5,5202.5,5196.0,5199.5,1000.0
11/2/2026 9:55,5200.0,5203.0,5198.0,5198.5,1000.0
11/3/2026 10:00,5206.5,5207.0,5197.5,5201.0,1000.0
11/3/2026 10:05,5201.0,5201.5,5193.5,5195.5,1000.0
11/3/2026 10:10,5196.0,5197.5,5187.5,5188.5,1000.0
11/3/2026 10:15,5188.5,5191.0,5185.5,5190.0,1000.0
11/3/2026 10:20,5189.5,5190.5,5183.5,5184.5,1000.0
11/3/2026 10:25,5184.5,5188.5,5182.5,5188.5,1000.0
11/3/2026 10:30,5188.0,5195.0,5187.0,5191.5,1000.0
11/3/2026 10:35,5192.0,5196.0,5187.5,5187.5,1000.0
11/3/2026 10:40,5187.5,5195.0,5185.0,5193.0,1000.0
11/3/2026 10:45,5192.5,5196.0,5189.5,5190.0,1000.0
11/3/2026 10:50,5190.0,5191.5,5182.5,5189.0,1000.0
11/3/2026 10:55,5188.5,5190.5,5179.0,5180.0,1000.0
11/3/2026 11:00,5179.5,5188.0,5171.5,5181.0,1000.0
11/3/2026 11:05,5181.5,5182.0,5176.0,5177.0,1000.0
11/3/2026 11:10,5177.0,5181.5,5174.0,5176.0,1000.0
11/3/2026 11:15,5176.0,5183.5,5175.0,5180.0,1000.0
11/3/2026 11:20,5180.5,5184.0,5178.0,5183.0,1000.0
11/3/2026 11:25,5182.5,5188.0,5181.5,5182.5,1000.0
11/3/2026 11:30,5182.5,5184.0,5179.0,5181.5,1000.0
11/3/2026 11:35,5181.5,5182.5,5177.0,5181.5,1000.0
11/3/2026 11:40,5181.5,5185.5,5179.0,5181.5,1000.0
11/3/2026 11:45,5181.0,5183.5,5178.0,5181.0,1000.0
11/3/2026 11:50,5181.0,5184.5,5179.0,5179.0,1000.0
11/3/2026 11:55,5179.0,5182.0,5177.5,5178.5,1000.0
11/3/2026 12:00,5179.0,5184.0,5175.5,5179.0,1000.0
11/3/2026 12:05,5179.0,5182.0,5176.5,5177.0,1000.0
11/3/2026 12:10,5177.5,5179.5,5173.5,5175.0,1000.0
11/3/2026 12:15,5175.0,5177.5,5172.5,5177.0,1000.0
11/3/2026 12:20,5176.5,5180.0,5171.5,5177.0,1000.0
11/3/2026 12:25,5177.0,5183.0,5175.0,5182.5,1000.0
11/3/2026 12:30,5182.5,5183.0,5179.0,5180.0,1000.0
11/3/2026 12:35,5180.0,5180.5,5172.5,5173.0,1000.0
11/3/2026 12:40,5173.5,5180.0,5172.0,5180.0,1000.0
11/3/2026 12:45,5179.5,5185.5,5179.5,5185.0,1000.0
11/3/2026 12:50,5185.0,5185.0,5181.0,5181.5,1000.0
11/3/2026 12:55,5181.5,5185.5,5181.0,5182.0,1000.0
11/3/2026 13:00,5182.5,5188.0,5182.5,5187.0,1000.0
11/3/2026 13:05,5187.5,5188.0,5184.5,5185.5,1000.0
11/3/2026 13:10,5185.5,5187.0,5182.0,5182.0,1000.0
11/3/2026 13:15,5182.5,5187.0,5181.0,5186.5,1000.0
11/3/2026 13:20,5186.5,5186.5,5183.0,5184.0,1000.0
11/3/2026 13:25,5184.0,5186.0,5181.5,5184.5,1000.0
11/3/2026 13:30,5184.0,5184.0,5177.0,5178.5,1000.0
11/3/2026 13:35,5178.0,5182.0,5177.5,5181.5,1000.0
11/3/2026 13:40,5181.5,5184.5,5179.5,5183.5,1000.0
11/3/2026 13:45,5183.0,5186.0,5182.5,5185.5,1000.0
11/3/2026 13:50,5185.0,5185.5,5183.0,5184.5,1000.0
11/3/2026 13:55,5184.5,5186.5,5184.5,5185.5,1000.0
11/3/2026 14:00,5186.0,5186.5,5183.5,5184.0,1000.0
11/3/2026 14:05,5184.5,5186.0,5183.0,5185.0,1000.0
11/3/2026 14:10,5185.0,5191.0,5184.5,5188.0,1000.0
11/3/2026 14:15,5188.5,5190.5,5186.0,5189.5,1000.0
11/3/2026 14:20,5190.0,5190.5,5187.0,5187.5,1000.0
11/3/2026 14:25,5188.0,5188.5,5185.0,5186.0,1000.0
11/3/2026 14:30,5185.5,5188.5,5184.5,5187.5,1000.0
11/3/2026 14:35,5187.0,5198.0,5187.0,5194.5,1000.0
11/3/2026 14:40,5194.5,5195.5,5189.5,5190.5,1000.0
11/3/2026 14:45,5191.0,5194.0,5190.0,5192.0,1000.0
11/3/2026 14:50,5192.0,5193.5,5186.5,5192.0,1000.0
11/3/2026 14:55,5192.0,5196.0,5190.0,5192.0,1000.0
11/3/2026 15:00,5191.5,5193.0,5190.5,5192.5,1000.0
11/3/2026 15:05,5192.5,5198.0,5191.5,5198.0,1000.0
11/3/2026 15:10,5197.5,5200.0,5193.0,5193.0,1000.0
11/3/2026 15:15,5193.0,5193.5,5186.5,5191.0,1000.0
11/3/2026 15:20,5191.5,5195.5,5190.0,5193.5,1000.0
11/3/2026 15:25,5193.5,5194.5,5188.0,5190.0,1000.0
11/3/2026 15:30,5190.0,5191.5,5188.0,5189.5,1000.0
11/3/2026 15:35,5189.0,5190.0,5186.5,5188.0,1000.0
11/3/2026 15:40,5188.0,5189.0,5185.5,5188.0,1000.0
11/3/2026 15:45,5188.0,5190.0,5186.5,5190.0,1000.0
11/3/2026 15:50,5190.0,5190.0,5181.0,5182.5,1000.0
11/3/2026 15:55,5182.0,5183.5,5180.5,5181.5,1000.0
11/3/2026 16:00,5181.5,5186.5,5181.0,5185.5,1000.0
11/3/2026 16:05,5185.5,5191.0,5185.0,5190.0,1000.0
11/3/2026 16:10,5190.5,5192.5,5188.5,5191.0,1000.0
11/3/2026 16:15,5191.5,5192.5,5188.5,5188.5,1000.0
11/3/2026 16:20,5188.5,5191.5,5188.0,5190.0,1000.0
11/3/2026 16:25,5190.0,5190.0,5186.5,5187.0,1000.0
11/3/2026 16:30,5187.0,5188.5,5185.0,5185.0,1000.0
11/3/2026 16:35,5185.5,5186.5,5184.5,5185.5,1000.0
11/3/2026 16:40,5185.5,5186.5,5184.0,5184.5,1000.0
11/3/2026 16:45,5184.0,5186.0,5184.0,5186.0,1000.0
11/3/2026 16:50,5185.5,5187.5,5182.5,5184.5,1000.0
11/3/2026 16:55,5184.5,5187.0,5183.5,5184.0,1000.0
11/3/2026 17:00,5184.0,5185.0,5182.0,5183.0,1000.0
11/3/2026 17:05,5183.5,5186.0,5183.0,5185.0,1000.0
11/3/2026 17:10,5184.5,5185.0,5183.5,5185.0,1000.0
11/3/2026 17:15,5185.0,5186.5,5184.5,5186.0,1000.0
11/3/2026 17:20,5186.0,5186.0,5184.0,5184.5,1000.0
11/3/2026 17:25,5184.5,5185.5,5183.0,5183.5,1000.0
11/3/2026 17:30,5183.0,5183.5,5181.0,5183.5,1000.0
11/3/2026 17:35,5183.5,5184.0,5183.0,5183.5,1000.0
11/3/2026 17:40,5183.5,5184.5,5183.0,5184.0,1000.0
11/3/2026 17:45,5183.5,5184.0,5183.0,5184.0,1000.0
11/3/2026 17:50,5184.0,5184.5,5181.0,5181.0,1000.0
11/3/2026 17:55,5181.5,5183.0,5180.5,5182.5,1000.0
11/3/2026 18:00,5182.0,5183.5,5181.5,5183.0,1000.0
11/3/2026 18:05,5182.5,5184.0,5182.5,5183.5,1000.0
11/3/2026 18:10,5183.5,5184.5,5182.5,5183.0,1000.0
11/3/2026 18:15,5183.5,5185.0,5183.0,5183.5,1000.0
11/3/2026 18:20,5183.5,5184.5,5182.0,5183.0,1000.0
11/3/2026 18:25,5183.5,5184.5,5180.5,5180.5,1000.0
11/3/2026 9:00,5192.5,5195.5,5182.0,5187.0,1000.0
11/3/2026 9:05,5187.0,5187.0,5178.0,5185.0,1000.0
11/3/2026 9:10,5185.0,5188.0,5183.5,5188.0,1000.0
11/3/2026 9:15,5188.0,5190.5,5181.0,5185.5,1000.0
11/3/2026 9:20,5185.0,5190.0,5184.5,5188.5,1000.0
11/3/2026 9:25,5188.5,5189.5,5182.0,5182.5,1000.0
11/3/2026 9:30,5182.5,5198.5,5180.0,5198.5,1000.0
11/3/2026 9:35,5198.5,5201.5,5193.0,5199.5,1000.0
11/3/2026 9:40,5200.0,5202.5,5195.0,5200.5,1000.0
11/3/2026 9:45,5200.5,5204.0,5196.5,5200.0,1000.0
11/3/2026 9:50,5199.5,5206.0,5199.5,5202.5,1000.0
11/3/2026 9:55,5202.5,5208.0,5198.5,5207.0,1000.0
12/1/2026 10:00,5408.0,5412.0,5405.5,5409.5,1000.0
12/1/2026 10:05,5409.0,5410.5,5400.0,5403.0,1000.0
12/1/2026 10:10,5403.0,5403.0,5392.0,5394.5,1000.0
12/1/2026 10:15,5394.0,5394.5,5389.0,5389.0,1000.0
12/1/2026 10:20,5389.0,5398.0,5388.0,5398.0,1000.0
12/1/2026 10:25,5397.5,5398.5,5393.0,5395.5,1000.0
12/1/2026 10:30,5395.5,5396.5,5393.5,5395.5,1000.0
12/1/2026 10:35,5395.5,5401.0,5394.5,5400.0,1000.0
12/1/2026 10:40,5399.5,5411.0,5399.5,5406.0,1000.0
12/1/2026 10:45,5406.0,5409.5,5404.5,5405.0,1000.0
12/1/2026 10:50,5405.0,5409.0,5403.5,5405.5,1000.0
12/1/2026 10:55,5405.5,5407.5,5403.5,5405.5,1000.0
12/1/2026 11:00,5406.0,5412.5,5403.0,5411.0,1000.0
12/1/2026 11:05,5411.5,5413.0,5405.5,5409.0,1000.0
12/1/2026 11:10,5408.5,5410.5,5398.5,5400.0,1000.0
12/1/2026 11:15,5400.5,5402.5,5399.0,5400.0,1000.0
12/1/2026 11:20,5400.5,5402.0,5396.0,5399.0,1000.0
12/1/2026 11:25,5399.0,5401.0,5398.0,5399.0,1000.0
12/1/2026 11:30,5399.5,5401.5,5397.5,5400.5,1000.0
12/1/2026 11:35,5400.5,5401.5,5395.5,5396.5,1000.0
12/1/2026 11:40,5396.5,5399.5,5392.5,5398.0,1000.0
12/1/2026 11:45,5398.0,5404.0,5398.0,5401.5,1000.0
12/1/2026 11:50,5402.0,5402.5,5400.0,5400.0,1000.0
12/1/2026 11:55,5400.0,5401.5,5398.0,5400.5,1000.0
12/1/2026 12:00,5401.0,5405.0,5400.5,5404.0,1000.0
12/1/2026 12:05,5404.0,5405.5,5403.5,5405.0,1000.0
12/1/2026 12:10,5405.0,5405.0,5397.5,5398.5,1000.0
12/1/2026 12:15,5398.5,5399.5,5396.0,5397.5,1000.0
12/1/2026 12:20,5397.5,5398.5,5396.5,5396.5,1000.0
12/1/2026 12:25,5396.5,5401.0,5396.0,5400.5,1000.0
12/1/2026 12:30,5400.5,5401.0,5398.5,5398.5,1000.0
12/1/2026 12:35,5399.0,5401.5,5398.0,5400.5,1000.0
12/1/2026 12:40,5400.0,5401.0,5399.0,5400.0,1000.0
12/1/2026 12:45,5399.5,5400.0,5393.5,5394.0,1000.0
12/1/2026 12:50,5394.0,5398.0,5393.5,5396.0,1000.0
12/1/2026 12:55,5396.0,5397.0,5394.0,5396.0,1000.0
12/1/2026 13:00,5396.0,5398.0,5395.0,5396.0,1000.0
12/1/2026 13:05,5396.5,5398.0,5389.5,5391.0,1000.0
12/1/2026 13:10,5391.0,5392.0,5388.0,5389.5,1000.0
12/1/2026 13:15,5390.0,5394.0,5389.5,5393.5,1000.0
12/1/2026 13:20,5394.0,5394.0,5389.5,5389.5,1000.0
12/1/2026 13:25,5389.5,5392.5,5388.0,5392.5,1000.0
12/1/2026 13:30,5392.5,5394.0,5392.0,5392.5,1000.0
12/1/2026 13:35,5393.0,5393.5,5391.0,5392.0,1000.0
12/1/2026 13:40,5392.0,5393.0,5390.5,5391.0,1000.0
12/1/2026 13:45,5391.0,5392.5,5390.5,5391.5,1000.0
12/1/2026 13:50,5392.0,5394.0,5391.0,5394.0,1000.0
12/1/2026 13:55,5394.0,5396.0,5393.5,5395.0,1000.0
12/1/2026 14:00,5395.0,5395.5,5392.5,5393.5,1000.0
12/1/2026 14:05,5393.0,5393.0,5390.5,5392.5,1000.0
12/1/2026 14:10,5393.0,5396.0,5392.0,5396.0,1000.0
12/1/2026 14:15,5395.5,5397.5,5395.0,5397.0,1000.0
12/1/2026 14:20,5397.0,5398.0,5396.0,5397.0,1000.0
12/1/2026 14:25,5397.5,5400.0,5397.0,5397.5,1000.0
12/1/2026 14:30,5397.5,5398.5,5395.0,5395.0,1000.0
12/1/2026 14:35,5395.5,5397.0,5394.5,5395.5,1000.0
12/1/2026 14:40,5395.5,5396.0,5394.5,5395.5,1000.0
12/1/2026 14:45,5395.5,5396.0,5393.5,5394.5,1000.0
12/1/2026 14:50,5394.5,5395.5,5394.0,5395.5,1000.0
12/1/2026 14:55,5395.5,5396.5,5394.5,5396.5,1000.0
12/1/2026 15:00,5396.0,5398.5,5395.5,5398.5,1000.0
12/1/2026 15:05,5398.5,5399.0,5396.5,5399.0,1000.0
12/1/2026 15:10,5399.0,5399.0,5395.5,5396.5,1000.0
12/1/2026 15:15,5396.0,5397.5,5395.0,5395.5,1000.0
12/1/2026 15:20,5396.0,5396.5,5395.0,5396.5,1000.0
12/1/2026 15:25,5396.5,5398.0,5396.0,5397.5,1000.0
12/1/2026 15:30,5397.0,5398.0,5396.5,5397.0,1000.0
12/1/2026 15:35,5397.0,5397.5,5396.0,5396.0,1000.0
12/1/2026 15:40,5396.0,5399.0,5396.0,5398.5,1000.0
12/1/2026 15:45,5398.5,5399.0,5396.5,5396.5,1000.0
12/1/2026 15:50,5397.0,5398.5,5396.5,5397.5,1000.0
12/1/2026 15:55,5397.5,5399.0,5396.5,5399.0,1000.0
12/1/2026 16:00,5399.0,5399.0,5397.0,5398.0,1000.0
12/1/2026 16:05,5398.0,5398.5,5396.5,5397.0,1000.0
12/1/2026 16:10,5397.0,5397.5,5396.0,5396.5,1000.0
12/1/2026 16:15,5396.5,5396.5,5396.0,5396.5,1000.0
12/1/2026 16:20,5396.0,5398.0,5396.0,5397.0,1000.0
12/1/2026 16:25,5397.0,5397.5,5395.5,5396.0,1000.0
12/1/2026 16:30,5396.0,5396.5,5395.0,5395.0,1000.0
12/1/2026 16:35,5395.0,5397.5,5395.0,5397.0,1000.0
12/1/2026 16:40,5397.5,5397.5,5396.0,5396.0,1000.0
12/1/2026 16:45,5396.5,5396.5,5395.5,5396.0,1000.0
12/1/2026 16:50,5395.5,5397.0,5395.5,5396.0,1000.0
12/1/2026 16:55,5396.0,5398.5,5395.5,5398.0,1000.0
12/1/2026 17:00,5398.5,5399.0,5397.5,5397.5,1000.0
12/1/2026 17:05,5397.5,5398.5,5397.5,5398.5,1000.0
12/1/2026 17:10,5398.0,5399.0,5398.0,5398.5,1000.0
12/1/2026 17:15,5399.0,5401.5,5398.5,5399.5,1000.0
12/1/2026 17:20,5399.5,5400.0,5398.5,5400.0,1000.0
12/1/2026 17:25,5400.0,5400.0,5398.5,5399.5,1000.0
12/1/2026 17:30,5399.5,5399.5,5398.5,5399.0,1000.0
12/1/2026 17:35,5399.0,5400.0,5398.5,5399.5,1000.0
12/1/2026 17:40,5400.0,5400.0,5399.0,5400.0,1000.0
12/1/2026 17:45,5399.5,5400.0,5398.5,5400.0,1000.0
12/1/2026 17:50,5400.0,5400.0,5399.0,5400.0,1000.0
12/1/2026 17:55,5399.5,5401.5,5399.5,5401.5,1000.0
12/1/2026 18:00,5401.5,5403.0,5401.0,5402.0,1000.0
12/1/2026 18:05,5402.0,5402.5,5399.5,5400.5,1000.0
12/1/2026 18:10,5400.5,5401.5,5399.5,5399.5,1000.0
12/1/2026 18:15,5399.5,5402.0,5399.0,5400.5,1000.0
12/1/2026 18:20,5401.0,5404.0,5400.0,5402.0,1000.0
12/1/2026 18:25,5402.0,5403.5,5401.0,5401.5,1000.0
12/1/2026 9:00,5388.0,5389.5,5377.0,5383.0,1000.0
12/1/2026 9:05,5383.5,5386.5,5381.5,5381.5,1000.0
12/1/2026 9:10,5382.0,5385.5,5379.0,5383.5,1000.0
12/1/2026 9:15,5383.5,5386.5,5382.0,5382.5,1000.0
12/1/2026 9:20,5382.5,5387.0,5381.0,5386.0,1000.0
12/1/2026 9:25,5385.5,5388.0,5385.5,5386.5,1000.0
12/1/2026 9:30,5386.5,5389.0,5385.0,5387.0,1000.0
12/1/2026 9:35,5387.0,5388.0,5381.5,5382.5,1000.0
12/1/2026 9:40,5382.0,5384.5,5382.0,5383.5,1000.0
12/1/2026 9:45,5383.5,5387.5,5383.0,5384.5,1000.0
12/1/2026 9:50,5384.5,5385.5,5381.5,5383.0,1000.0
12/1/2026 9:55,5383.5,5408.5,5381.0,5408.0,1000.0
12/11/2025 10:00,5287.0,5289.0,5286.0,5287.0,1000.0
12/11/2025 10:05,5286.5,5290.0,5286.5,5290.0,1000.0
12/11/2025 10:10,5290.0,5293.5,5289.0,5293.0,1000.0
12/11/2025 10:15,5293.0,5295.5,5291.5,5294.5,1000.0
12/11/2025 10:20,5294.5,5300.5,5294.0,5300.0,1000.0
12/11/2025 10:25,5300.0,5300.0,5296.5,5297.0,1000.0
12/11/2025 10:30,5297.0,5300.5,5297.0,5300.5,1000.0
12/11/2025 10:35,5300.5,5300.5,5297.5,5298.0,1000.0
12/11/2025 10:40,5298.5,5302.5,5298.0,5302.5,1000.0
12/11/2025 10:45,5302.0,5303.5,5301.5,5302.0,1000.0
12/11/2025 10:50,5302.5,5308.5,5302.0,5308.0,1000.0
12/11/2025 10:55,5307.5,5310.5,5306.0,5309.0,1000.0
12/11/2025 11:00,5309.5,5312.0,5307.0,5309.5,1000.0
12/11/2025 11:05,5309.5,5311.0,5309.0,5309.5,1000.0
12/11/2025 11:10,5309.5,5313.5,5309.0,5312.0,1000.0
12/11/2025 11:15,5312.5,5314.0,5309.5,5310.5,1000.0
12/11/2025 11:20,5310.5,5315.0,5310.5,5313.0,1000.0
12/11/2025 11:25,5313.5,5315.5,5311.5,5313.5,1000.0
12/11/2025 11:30,5314.0,5317.0,5312.5,5317.0,1000.0
12/11/2025 11:35,5317.0,5317.5,5314.5,5315.5,1000.0
12/11/2025 11:40,5315.5,5318.5,5315.0,5318.0,1000.0
12/11/2025 11:45,5317.5,5319.5,5316.5,5318.0,1000.0
12/11/2025 11:50,5318.0,5319.0,5315.0,5315.5,1000.0
12/11/2025 11:55,5315.5,5318.5,5315.0,5316.0,1000.0
12/11/2025 12:00,5315.5,5317.0,5312.0,5315.0,1000.0
12/11/2025 12:05,5315.0,5316.0,5314.0,5315.0,1000.0
12/11/2025 12:10,5315.0,5316.0,5311.0,5311.5,1000.0
12/11/2025 12:15,5312.0,5314.0,5311.0,5314.0,1000.0
12/11/2025 12:20,5313.5,5316.0,5312.5,5315.5,1000.0
12/11/2025 12:25,5315.5,5317.0,5313.5,5314.5,1000.0
12/11/2025 12:30,5314.0,5317.5,5314.0,5317.0,1000.0
12/11/2025 12:35,5317.5,5321.5,5317.0,5317.0,1000.0
12/11/2025 12:40,5317.0,5319.0,5316.5,5316.5,1000.0
12/11/2025 12:45,5316.5,5319.0,5316.0,5317.5,1000.0
12/11/2025 12:50,5317.0,5321.5,5316.5,5321.0,1000.0
12/11/2025 12:55,5321.0,5322.5,5320.0,5320.5,1000.0
12/11/2025 13:00,5320.5,5322.0,5319.5,5320.0,1000.0
12/11/2025 13:05,5320.0,5321.0,5317.0,5318.0,1000.0
12/11/2025 13:10,5317.5,5319.5,5317.0,5318.5,1000.0
12/11/2025 13:15,5319.0,5319.0,5315.0,5316.0,1000.0
12/11/2025 13:20,5316.5,5319.5,5315.0,5319.0,1000.0
12/11/2025 13:25,5318.5,5319.0,5315.0,5315.0,1000.0
12/11/2025 13:30,5315.0,5317.0,5314.5,5316.0,1000.0
12/11/2025 13:35,5316.0,5317.0,5315.0,5315.5,1000.0
12/11/2025 13:40,5315.5,5316.0,5314.5,5315.0,1000.0
12/11/2025 13:45,5315.0,5319.0,5314.5,5318.0,1000.0
12/11/2025 13:50,5318.5,5318.5,5314.5,5315.5,1000.0
12/11/2025 13:55,5316.0,5316.0,5314.5,5316.0,1000.0
12/11/2025 14:00,5315.5,5317.0,5315.0,5317.0,1000.0
12/11/2025 14:05,5317.0,5317.0,5313.5,5313.5,1000.0
12/11/2025 14:10,5313.5,5315.0,5313.5,5314.5,1000.0
12/11/2025 14:15,5314.5,5316.5,5313.0,5316.5,1000.0
12/11/2025 14:20,5316.0,5317.5,5315.0,5317.5,1000.0
12/11/2025 14:25,5317.0,5318.0,5316.0,5317.5,1000.0
12/11/2025 14:30,5317.5,5318.5,5316.0,5317.5,1000.0
12/11/2025 14:35,5318.0,5318.5,5316.0,5316.5,1000.0
12/11/2025 14:40,5316.5,5317.0,5315.5,5316.5,1000.0
12/11/2025 14:45,5316.5,5317.5,5316.0,5317.0,1000.0
12/11/2025 14:50,5317.0,5317.5,5316.0,5316.0,1000.0
12/11/2025 14:55,5316.0,5316.5,5314.5,5315.5,1000.0
12/11/2025 15:00,5315.5,5317.0,5315.0,5315.0,1000.0
12/11/2025 15:05,5315.0,5315.5,5314.0,5315.0,1000.0
12/11/2025 15:10,5315.0,5315.5,5310.0,5311.0,1000.0
12/11/2025 15:15,5310.5,5313.5,5309.0,5313.0,1000.0
12/11/2025 15:20,5313.0,5313.5,5312.0,5313.5,1000.0
12/11/2025 15:25,5313.0,5314.0,5312.5,5313.5,1000.0
12/11/2025 15:30,5313.5,5314.5,5312.5,5314.0,1000.0
12/11/2025 15:35,5313.5,5314.0,5312.0,5312.0,1000.0
12/11/2025 15:40,5312.0,5313.5,5312.0,5312.0,1000.0
12/11/2025 15:45,5312.5,5313.0,5311.5,5312.0,1000.0
12/11/2025 15:50,5312.0,5313.5,5311.0,5312.5,1000.0
12/11/2025 15:55,5312.5,5314.5,5312.5,5314.5,1000.0
12/11/2025 16:00,5314.0,5315.5,5313.5,5315.5,1000.0
12/11/2025 16:05,5315.5,5316.5,5313.5,5314.5,1000.0
12/11/2025 16:10,5314.5,5315.0,5312.5,5313.0,1000.0
12/11/2025 16:15,5313.5,5313.5,5310.5,5311.5,1000.0
12/11/2025 16:20,5311.5,5312.0,5311.0,5311.0,1000.0
12/11/2025 16:25,5311.5,5313.0,5311.0,5312.0,1000.0
12/11/2025 16:30,5312.0,5313.0,5311.5,5312.0,1000.0
12/11/2025 16:35,5312.0,5312.5,5311.0,5311.5,1000.0
12/11/2025 16:40,5311.5,5312.5,5311.0,5311.5,1000.0
12/11/2025 16:45,5312.0,5313.0,5311.5,5312.5,1000.0
12/11/2025 16:50,5313.0,5313.0,5310.5,5311.0,1000.0
12/11/2025 16:55,5310.5,5313.0,5310.0,5313.0,1000.0
12/11/2025 17:00,5313.0,5313.0,5311.0,5311.0,1000.0
12/11/2025 17:05,5311.0,5312.5,5310.5,5312.0,1000.0
12/11/2025 17:10,5312.0,5312.5,5311.5,5311.5,1000.0
12/11/2025 17:15,5311.5,5312.0,5311.0,5311.5,1000.0
12/11/2025 17:20,5311.5,5312.5,5311.0,5312.5,1000.0
12/11/2025 17:25,5312.0,5312.5,5310.5,5312.5,1000.0
12/11/2025 17:30,5312.0,5314.0,5312.0,5313.5,1000.0
12/11/2025 17:35,5313.5,5313.5,5312.0,5313.0,1000.0
12/11/2025 17:40,5312.5,5313.0,5311.5,5311.5,1000.0
12/11/2025 17:45,5312.0,5312.0,5310.5,5311.0,1000.0
12/11/2025 17:50,5311.0,5311.0,5309.0,5309.0,1000.0
12/11/2025 17:55,5309.0,5313.0,5309.0,5310.0,1000.0
12/11/2025 18:00,5310.0,5312.0,5309.0,5312.0,1000.0
12/11/2025 18:05,5312.0,5313.5,5311.5,5312.5,1000.0
12/11/2025 18:10,5313.0,5315.0,5312.5,5314.5,1000.0
12/11/2025 18:15,5314.5,5315.0,5312.5,5313.0,1000.0
12/11/2025 18:20,5313.0,5314.5,5309.5,5312.0,1000.0
12/11/2025 18:25,5312.0,5314.5,5312.0,5313.0,1000.0
12/11/2025 9:00,5298.5,5300.5,5294.5,5295.0,1000.0
12/11/2025 9:05,5295.0,5295.5,5289.5,5293.0,1000.0
12/11/2025 9:10,5293.0,5295.0,5291.0,5291.5,1000.0
12/11/2025 9:15,5292.0,5293.0,5288.5,5289.0,1000.0
12/11/2025 9:20,5289.5,5294.5,5289.0,5293.0,1000.0
12/11/2025 9:25,5293.0,5293.5,5291.5,5293.0,1000.0
12/11/2025 9:30,5292.5,5294.0,5291.0,5291.0,1000.0
12/11/2025 9:35,5291.0,5293.0,5289.0,5289.5,1000.0
12/11/2025 9:40,5290.0,5291.5,5289.5,5290.0,1000.0
12/11/2025 9:45,5289.5,5291.5,5288.0,5290.5,1000.0
12/11/2025 9:50,5290.0,5291.0,5288.5,5289.5,1000.0
12/11/2025 9:55,5289.5,5292.0,5286.5,5287.5,1000.0
12/12/2025 10:00,5421.0,5424.0,5416.0,5419.0,1000.0
12/12/2025 10:05,5419.0,5421.5,5418.0,5421.5,1000.0
12/12/2025 10:10,5421.5,5423.5,5414.0,5414.0,1000.0
12/12/2025 10:15,5414.0,5416.0,5402.5,5406.0,1000.0
12/12/2025 10:20,5406.0,5408.0,5399.0,5407.5,1000.0
12/12/2025 10:25,5407.0,5409.0,5404.5,5408.5,1000.0
12/12/2025 10:30,5408.0,5412.0,5406.0,5411.0,1000.0
12/12/2025 10:35,5411.0,5415.5,5408.0,5411.5,1000.0
12/12/2025 10:40,5411.5,5412.0,5405.0,5406.0,1000.0
12/12/2025 10:45,5406.0,5410.0,5404.5,5406.5,1000.0
12/12/2025 10:50,5406.5,5409.0,5404.0,5405.5,1000.0
12/12/2025 10:55,5405.5,5409.5,5404.5,5408.0,1000.0
12/12/2025 11:00,5408.0,5416.0,5407.5,5409.5,1000.0
12/12/2025 11:05,5409.5,5414.0,5409.0,5412.5,1000.0
12/12/2025 11:10,5413.0,5414.5,5407.5,5407.5,1000.0
12/12/2025 11:15,5407.5,5410.0,5407.5,5409.5,1000.0
12/12/2025 11:20,5409.0,5412.0,5406.5,5411.0,1000.0
12/12/2025 11:25,5411.0,5413.0,5408.5,5409.0,1000.0
12/12/2025 11:30,5409.0,5411.0,5405.5,5408.0,1000.0
12/12/2025 11:35,5408.5,5411.5,5405.0,5405.0,1000.0
12/12/2025 11:40,5405.0,5409.5,5404.5,5408.5,1000.0
12/12/2025 11:45,5409.0,5409.5,5405.0,5406.5,1000.0
12/12/2025 11:50,5407.0,5407.5,5403.0,5406.5,1000.0
12/12/2025 11:55,5406.5,5406.5,5400.0,5404.0,1000.0
12/12/2025 12:00,5404.0,5415.5,5403.5,5415.0,1000.0
12/12/2025 12:05,5415.0,5417.0,5409.0,5416.5,1000.0
12/12/2025 12:10,5416.0,5419.5,5414.0,5419.5,1000.0
12/12/2025 12:15,5419.0,5422.5,5418.5,5420.0,1000.0
12/12/2025 12:20,5420.0,5436.0,5420.0,5433.5,1000.0
12/12/2025 12:25,5433.5,5444.5,5430.5,5437.5,1000.0
12/12/2025 12:30,5438.0,5440.5,5435.0,5437.5,1000.0
12/12/2025 12:35,5438.0,5446.0,5436.5,5436.5,1000.0
12/12/2025 12:40,5437.0,5439.0,5432.0,5432.0,1000.0
12/12/2025 12:45,5432.0,5433.0,5428.5,5431.5,1000.0
12/12/2025 12:50,5431.5,5433.5,5428.5,5433.0,1000.0
12/12/2025 12:55,5433.0,5440.0,5431.5,5437.0,1000.0
12/12/2025 13:00,5437.5,5443.0,5435.5,5442.0,1000.0
12/12/2025 13:05,5442.5,5444.5,5434.5,5437.5,1000.0
12/12/2025 13:10,5437.0,5437.5,5432.5,5436.0,1000.0
12/12/2025 13:15,5436.5,5437.5,5434.0,5437.0,1000.0
12/12/2025 13:20,5437.0,5439.5,5435.5,5437.0,1000.0
12/12/2025 13:25,5437.0,5439.5,5436.0,5438.5,1000.0
12/12/2025 13:30,5438.5,5440.5,5435.5,5437.0,1000.0
12/12/2025 13:35,5436.5,5441.0,5435.0,5438.5,1000.0
12/12/2025 13:40,5438.0,5439.0,5433.5,5433.5,1000.0
12/12/2025 13:45,5434.0,5435.0,5431.0,5433.0,1000.0
12/12/2025 13:50,5433.5,5435.5,5431.0,5431.5,1000.0
12/12/2025 13:55,5431.0,5431.5,5426.0,5427.5,1000.0
12/12/2025 14:00,5427.5,5428.5,5424.5,5425.5,1000.0
12/12/2025 14:05,5426.0,5428.5,5423.0,5428.5,1000.0
12/12/2025 14:10,5428.0,5429.0,5426.5,5428.5,1000.0
12/12/2025 14:15,5428.5,5429.0,5425.0,5425.5,1000.0
12/12/2025 14:20,5425.0,5429.5,5425.0,5428.5,1000.0
12/12/2025 14:25,5428.0,5430.0,5426.5,5428.5,1000.0
12/12/2025 14:30,5428.0,5430.0,5424.0,5424.5,1000.0
12/12/2025 14:35,5425.0,5429.5,5412.5,5414.5,1000.0
12/12/2025 14:40,5414.5,5418.5,5413.5,5415.0,1000.0
12/12/2025 14:45,5415.5,5418.0,5413.5,5416.0,1000.0
12/12/2025 14:50,5416.5,5418.0,5415.0,5417.5,1000.0
12/12/2025 14:55,5417.0,5423.0,5416.0,5422.0,1000.0
12/12/2025 15:00,5422.5,5423.5,5418.5,5420.0,1000.0
12/12/2025 15:05,5420.0,5421.5,5419.5,5420.0,1000.0
12/12/2025 15:10,5419.5,5420.5,5416.0,5418.5,1000.0
12/12/2025 15:15,5419.0,5423.0,5417.5,5421.5,1000.0
12/12/2025 15:20,5421.0,5426.0,5421.0,5424.5,1000.0
12/12/2025 15:25,5424.0,5424.5,5420.0,5421.5,1000.0
12/12/2025 15:30,5421.0,5422.0,5420.0,5421.0,1000.0
12/12/2025 15:35,5421.0,5422.5,5419.5,5420.0,1000.0
12/12/2025 15:40,5420.5,5423.0,5419.5,5422.5,1000.0
12/12/2025 15:45,5423.0,5423.5,5422.0,5422.0,1000.0
12/12/2025 15:50,5422.5,5423.5,5421.0,5422.5,1000.0
12/12/2025 15:55,5422.5,5428.5,5422.0,5426.0,1000.0
12/12/2025 16:00,5425.5,5432.5,5425.5,5430.5,1000.0
12/12/2025 16:05,5430.0,5431.5,5429.0,5430.5,1000.0
12/12/2025 16:10,5430.0,5432.0,5429.5,5431.0,1000.0
12/12/2025 16:15,5431.0,5431.5,5428.5,5429.5,1000.0
12/12/2025 16:20,5429.5,5434.5,5429.0,5431.5,1000.0
12/12/2025 16:25,5431.5,5434.0,5431.0,5433.0,1000.0
12/12/2025 16:30,5433.0,5433.5,5430.5,5432.0,1000.0
12/12/2025 16:35,5431.5,5433.0,5431.5,5433.0,1000.0
12/12/2025 16:40,5433.0,5433.0,5429.5,5431.5,1000.0
12/12/2025 16:45,5431.5,5433.0,5430.5,5432.0,1000.0
12/12/2025 16:50,5432.0,5434.5,5431.0,5432.5,1000.0
12/12/2025 16:55,5433.0,5433.5,5431.5,5432.0,1000.0
12/12/2025 17:00,5432.0,5432.5,5430.5,5432.0,1000.0
12/12/2025 17:05,5432.0,5432.5,5431.0,5431.5,1000.0
12/12/2025 17:10,5431.0,5431.5,5430.0,5431.0,1000.0
12/12/2025 17:15,5431.0,5432.0,5430.5,5430.5,1000.0
12/12/2025 17:20,5430.5,5434.0,5430.5,5434.0,1000.0
12/12/2025 17:25,5434.0,5440.5,5433.5,5436.5,1000.0
12/12/2025 17:30,5436.0,5438.5,5435.0,5437.0,1000.0
12/12/2025 17:35,5437.5,5440.0,5437.0,5439.0,1000.0
12/12/2025 17:40,5439.0,5439.5,5436.0,5436.5,1000.0
12/12/2025 17:45,5436.5,5441.5,5435.5,5438.5,1000.0
12/12/2025 17:50,5438.0,5440.0,5437.5,5439.5,1000.0
12/12/2025 17:55,5439.0,5440.5,5437.0,5438.5,1000.0
12/12/2025 18:00,5439.0,5441.0,5438.0,5440.5,1000.0
12/12/2025 18:05,5440.5,5445.0,5440.0,5442.5,1000.0
12/12/2025 18:10,5443.0,5443.0,5439.5,5440.0,1000.0
12/12/2025 18:15,5440.5,5441.0,5435.5,5437.0,1000.0
12/12/2025 18:20,5437.0,5439.5,5435.5,5438.5,1000.0
12/12/2025 18:25,5438.5,5443.5,5431.0,5433.0,1000.0
12/12/2025 9:00,5429.5,5436.5,5427.0,5427.5,1000.0
12/12/2025 9:05,5427.5,5437.5,5427.0,5435.0,1000.0
12/12/2025 9:10,5435.0,5437.5,5433.0,5436.5,1000.0
12/12/2025 9:15,5436.0,5440.0,5435.0,5437.5,1000.0
12/12/2025 9:20,5437.5,5438.5,5428.0,5431.5,1000.0
12/12/2025 9:25,5431.0,5434.0,5428.0,5430.5,1000.0
12/12/2025 9:30,5430.0,5432.5,5429.5,5431.5,1000.0
12/12/2025 9:35,5431.0,5436.0,5429.5,5435.0,1000.0
12/12/2025 9:40,5435.0,5436.0,5429.5,5433.5,1000.0
12/12/2025 9:45,5433.5,5434.5,5429.0,5431.5,1000.0
12/12/2025 9:50,5431.0,5431.5,5425.0,5430.5,1000.0
12/12/2025 9:55,5430.5,5430.5,5420.0,5421.5,1000.0
12/2/2026 10:00,5193.5,5196.0,5192.5,5194.0,1000.0
12/2/2026 10:05,5194.5,5194.5,5190.5,5193.0,1000.0
12/2/2026 10:10,5192.5,5194.0,5192.0,5193.0,1000.0
12/2/2026 10:15,5192.5,5195.0,5190.5,5191.5,1000.0
12/2/2026 10:20,5191.0,5194.0,5190.0,5190.5,1000.0
12/2/2026 10:25,5190.5,5194.5,5190.5,5193.0,1000.0
12/2/2026 10:30,5193.0,5195.0,5188.0,5191.0,1000.0
12/2/2026 10:35,5191.0,5192.0,5183.5,5186.5,1000.0
12/2/2026 10:40,5186.5,5189.5,5184.5,5189.0,1000.0
12/2/2026 10:45,5189.0,5191.0,5187.0,5187.5,1000.0
12/2/2026 10:50,5188.0,5192.0,5187.5,5189.5,1000.0
12/2/2026 10:55,5189.5,5189.5,5178.5,5179.5,1000.0
12/2/2026 11:00,5180.0,5181.0,5177.0,5177.5,1000.0
12/2/2026 11:05,5178.0,5181.0,5175.0,5176.0,1000.0
12/2/2026 11:10,5175.5,5178.0,5174.0,5177.5,1000.0
12/2/2026 11:15,5177.0,5179.0,5175.5,5178.0,1000.0
12/2/2026 11:20,5178.5,5181.0,5176.5,5179.0,1000.0
12/2/2026 11:25,5178.5,5182.5,5177.5,5181.5,1000.0
12/2/2026 11:30,5181.5,5183.5,5178.5,5180.0,1000.0
12/2/2026 11:35,5179.5,5180.5,5175.5,5177.0,1000.0
12/2/2026 11:40,5177.0,5181.0,5174.5,5177.0,1000.0
12/2/2026 11:45,5177.5,5179.0,5172.5,5176.0,1000.0
12/2/2026 11:50,5175.5,5178.0,5174.0,5176.5,1000.0
12/2/2026 11:55,5176.0,5178.5,5174.0,5177.5,1000.0
12/2/2026 12:00,5178.0,5178.5,5176.0,5177.0,1000.0
12/2/2026 12:05,5177.0,5178.0,5176.5,5177.5,1000.0
12/2/2026 12:10,5177.5,5181.0,5176.5,5176.5,1000.0
12/2/2026 12:15,5177.0,5177.0,5171.0,5175.5,1000.0
12/2/2026 12:20,5175.0,5178.0,5174.5,5177.5,1000.0
12/2/2026 12:25,5177.5,5181.0,5176.5,5181.0,1000.0
12/2/2026 12:30,5181.0,5185.0,5179.5,5184.0,1000.0
12/2/2026 12:35,5184.5,5185.5,5181.0,5183.0,1000.0
12/2/2026 12:40,5182.5,5187.5,5182.0,5186.0,1000.0
12/2/2026 12:45,5186.0,5186.5,5181.5,5181.5,1000.0
12/2/2026 12:50,5181.5,5184.0,5178.0,5181.0,1000.0
12/2/2026 12:55,5181.0,5189.5,5180.5,5188.0,1000.0
12/2/2026 13:00,5188.0,5189.5,5182.5,5183.5,1000.0
12/2/2026 13:05,5183.5,5189.5,5183.5,5189.5,1000.0
12/2/2026 13:10,5189.0,5197.5,5188.5,5196.5,1000.0
12/2/2026 13:15,5196.0,5210.0,5195.0,5206.5,1000.0
12/2/2026 13:20,5207.0,5211.5,5205.0,5210.0,1000.0
12/2/2026 13:25,5210.0,5219.5,5208.0,5217.0,1000.0
12/2/2026 13:30,5216.5,5217.5,5209.0,5213.5,1000.0
12/2/2026 13:35,5213.5,5214.0,5201.5,5201.5,1000.0
12/2/2026 13:40,5201.5,5204.5,5199.0,5204.0,1000.0
12/2/2026 13:45,5204.0,5213.0,5202.5,5211.5,1000.0
12/2/2026 13:50,5211.5,5213.5,5207.0,5212.5,1000.0
12/2/2026 13:55,5212.5,5215.5,5211.0,5213.0,1000.0
12/2/2026 14:00,5213.0,5219.0,5213.0,5215.5,1000.0
12/2/2026 14:05,5215.5,5219.5,5211.5,5212.0,1000.0
12/2/2026 14:10,5212.5,5218.5,5211.5,5217.0,1000.0
12/2/2026 14:15,5217.0,5222.0,5215.5,5221.0,1000.0
12/2/2026 14:20,5221.0,5221.5,5213.5,5215.0,1000.0
12/2/2026 14:25,5215.0,5218.5,5212.0,5218.0,1000.0
12/2/2026 14:30,5218.0,5219.5,5213.0,5213.5,1000.0
12/2/2026 14:35,5213.5,5214.0,5209.5,5211.0,1000.0
12/2/2026 14:40,5211.0,5212.5,5209.0,5210.5,1000.0
12/2/2026 14:45,5210.5,5213.0,5208.5,5209.5,1000.0
12/2/2026 14:50,5210.0,5215.0,5209.0,5213.5,1000.0
12/2/2026 14:55,5213.5,5214.5,5211.5,5213.5,1000.0
12/2/2026 15:00,5213.5,5219.0,5212.5,5212.5,1000.0
12/2/2026 15:05,5212.5,5218.5,5211.0,5218.0,1000.0
12/2/2026 15:10,5218.0,5220.0,5214.5,5218.5,1000.0
12/2/2026 15:15,5219.0,5220.5,5216.5,5219.5,1000.0
12/2/2026 15:20,5219.5,5223.5,5218.5,5221.0,1000.0
12/2/2026 15:25,5220.5,5224.5,5219.5,5222.0,1000.0
12/2/2026 15:30,5222.0,5224.0,5218.5,5221.0,1000.0
12/2/2026 15:35,5221.5,5227.0,5220.5,5224.5,1000.0
12/2/2026 15:40,5224.5,5225.0,5220.0,5222.0,1000.0
12/2/2026 15:45,5222.0,5224.5,5220.0,5224.0,1000.0
12/2/2026 15:50,5223.5,5224.5,5221.5,5223.5,1000.0
12/2/2026 15:55,5223.0,5225.0,5220.0,5223.0,1000.0
12/2/2026 16:00,5222.5,5223.0,5218.5,5220.0,1000.0
12/2/2026 16:05,5220.5,5220.5,5215.0,5218.5,1000.0
12/2/2026 16:10,5219.0,5225.5,5218.0,5225.0,1000.0
12/2/2026 16:15,5225.0,5225.0,5216.5,5217.0,1000.0
12/2/2026 16:20,5217.0,5219.5,5216.0,5218.0,1000.0
12/2/2026 16:25,5218.5,5220.0,5216.0,5219.5,1000.0
12/2/2026 16:30,5219.0,5220.0,5216.0,5216.5,1000.0
12/2/2026 16:35,5216.5,5217.5,5214.5,5215.5,1000.0
12/2/2026 16:40,5216.0,5216.5,5214.5,5216.0,1000.0
12/2/2026 16:45,5216.0,5216.0,5213.5,5215.0,1000.0
12/2/2026 16:50,5214.5,5215.0,5213.0,5214.5,1000.0
12/2/2026 16:55,5214.5,5217.0,5213.5,5216.0,1000.0
12/2/2026 17:00,5215.5,5217.0,5215.5,5216.0,1000.0
12/2/2026 17:05,5216.0,5218.5,5215.5,5218.5,1000.0
12/2/2026 17:10,5218.0,5221.5,5217.5,5220.0,1000.0
12/2/2026 17:15,5220.5,5221.0,5216.5,5217.0,1000.0
12/2/2026 17:20,5217.5,5218.5,5215.5,5217.5,1000.0
12/2/2026 17:25,5218.0,5221.5,5217.5,5221.5,1000.0
12/2/2026 17:30,5221.0,5224.0,5221.0,5222.0,1000.0
12/2/2026 17:35,5222.0,5222.5,5219.5,5220.0,1000.0
12/2/2026 17:40,5220.0,5222.0,5219.0,5220.5,1000.0
12/2/2026 17:45,5220.0,5222.5,5220.0,5221.5,1000.0
12/2/2026 17:50,5221.5,5226.0,5221.5,5224.0,1000.0
12/2/2026 17:55,5224.5,5236.0,5223.5,5228.5,1000.0
12/2/2026 18:00,5229.0,5230.5,5227.0,5229.0,1000.0
12/2/2026 18:05,5229.5,5231.0,5227.0,5227.5,1000.0
12/2/2026 18:10,5227.5,5230.5,5227.5,5229.5,1000.0
12/2/2026 18:15,5229.0,5230.5,5226.0,5228.0,1000.0
12/2/2026 18:20,5227.5,5235.5,5227.5,5229.0,1000.0
12/2/2026 18:25,5229.0,5233.5,5228.0,5229.0,1000.0
12/2/2026 9:00,5194.0,5196.0,5185.5,5192.5,1000.0
12/2/2026 9:05,5192.5,5194.0,5188.5,5189.5,1000.0
12/2/2026 9:10,5190.0,5195.5,5189.5,5192.5,1000.0
12/2/2026 9:15,5193.0,5194.5,5191.0,5193.5,1000.0
12/2/2026 9:20,5193.5,5194.5,5189.0,5190.5,1000.0
12/2/2026 9:25,5190.0,5192.5,5189.0,5191.5,1000.0
12/2/2026 9:30,5192.0,5195.5,5190.0,5194.5,1000.0
12/2/2026 9:35,5194.5,5201.0,5194.0,5201.0,1000.0
12/2/2026 9:40,5201.0,5201.5,5198.5,5200.0,1000.0
12/2/2026 9:45,5200.5,5200.5,5195.0,5197.0,1000.0
12/2/2026 9:50,5197.5,5199.5,5195.5,5196.5,1000.0
12/2/2026 9:55,5196.0,5197.0,5190.0,5193.0,1000.0
12/3/2026 10:00,5199.0,5201.0,5183.0,5184.0,1000.0
12/3/2026 10:05,5184.0,5186.5,5180.5,5186.5,1000.0
12/3/2026 10:10,5186.0,5192.5,5185.5,5192.0,1000.0
12/3/2026 10:15,5192.0,5204.0,5191.0,5203.5,1000.0
12/3/2026 10:20,5203.0,5215.0,5202.5,5209.0,1000.0
12/3/2026 10:25,5209.5,5213.5,5206.0,5207.0,1000.0
12/3/2026 10:30,5207.0,5215.0,5205.5,5210.0,1000.0
12/3/2026 10:35,5210.0,5218.5,5209.5,5217.0,1000.0
12/3/2026 10:40,5217.0,5225.5,5216.5,5224.0,1000.0
12/3/2026 10:45,5224.0,5232.0,5221.0,5222.5,1000.0
12/3/2026 10:50,5222.0,5234.5,5216.5,5233.0,1000.0
12/3/2026 10:55,5233.0,5243.5,5229.0,5234.0,1000.0
12/3/2026 11:00,5234.0,5235.0,5223.0,5226.5,1000.0
12/3/2026 11:05,5226.0,5233.5,5224.0,5232.0,1000.0
12/3/2026 11:10,5232.0,5232.5,5223.0,5224.0,1000.0
12/3/2026 11:15,5224.5,5230.5,5221.5,5227.5,1000.0
12/3/2026 11:20,5228.0,5233.0,5226.5,5230.0,1000.0
12/3/2026 11:25,5230.0,5234.0,5226.5,5230.0,1000.0
12/3/2026 11:30,5230.0,5240.0,5229.5,5236.0,1000.0
12/3/2026 11:35,5236.0,5241.0,5230.5,5238.0,1000.0
12/3/2026 11:40,5238.0,5240.0,5233.5,5234.5,1000.0
12/3/2026 11:45,5235.0,5249.5,5221.5,5248.5,1000.0
12/3/2026 11:50,5248.5,5250.0,5240.5,5241.5,1000.0
12/3/2026 11:55,5241.5,5242.5,5233.5,5240.0,1000.0
12/3/2026 12:00,5240.5,5252.0,5238.5,5247.5,1000.0
12/3/2026 12:05,5247.0,5256.0,5246.5,5255.0,1000.0
12/3/2026 12:10,5255.0,5263.0,5254.0,5257.0,1000.0
12/3/2026 12:15,5257.0,5260.5,5254.5,5258.5,1000.0
12/3/2026 12:20,5258.5,5259.5,5250.5,5251.5,1000.0
12/3/2026 12:25,5251.0,5252.5,5245.5,5248.0,1000.0
12/3/2026 12:30,5248.5,5250.0,5242.0,5243.0,1000.0
12/3/2026 12:35,5243.0,5251.0,5233.0,5235.0,1000.0
12/3/2026 12:40,5235.0,5245.0,5229.0,5233.0,1000.0
12/3/2026 12:45,5232.5,5243.0,5227.5,5238.0,1000.0
12/3/2026 12:50,5238.0,5239.0,5233.5,5236.5,1000.0
12/3/2026 12:55,5236.0,5246.5,5235.5,5238.0,1000.0
12/3/2026 13:00,5238.0,5243.5,5234.0,5234.0,1000.0
12/3/2026 13:05,5234.5,5245.0,5231.5,5242.5,1000.0
12/3/2026 13:10,5242.0,5243.5,5237.0,5238.5,1000.0
12/3/2026 13:15,5239.0,5241.0,5231.5,5233.0,1000.0
12/3/2026 13:20,5233.0,5236.0,5225.0,5234.0,1000.0
12/3/2026 13:25,5234.0,5238.5,5231.5,5237.5,1000.0
12/3/2026 13:30,5238.0,5239.5,5231.0,5232.5,1000.0
12/3/2026 13:35,5233.0,5234.0,5222.0,5227.0,1000.0
12/3/2026 13:40,5226.5,5229.5,5222.5,5229.5,1000.0
12/3/2026 13:45,5229.0,5233.0,5226.5,5227.0,1000.0
12/3/2026 13:50,5227.0,5229.5,5225.5,5229.0,1000.0
12/3/2026 13:55,5229.0,5233.0,5226.0,5230.5,1000.0
12/3/2026 14:00,5230.5,5231.0,5222.0,5223.5,1000.0
12/3/2026 14:05,5224.0,5230.5,5221.0,5229.5,1000.0
12/3/2026 14:10,5229.5,5232.5,5228.0,5231.5,1000.0
12/3/2026 14:15,5232.0,5233.0,5228.0,5230.5,1000.0
12/3/2026 14:20,5230.5,5232.0,5225.5,5230.0,1000.0
12/3/2026 14:25,5230.0,5240.0,5229.0,5239.5,1000.0
12/3/2026 14:30,5239.0,5243.0,5236.5,5242.0,1000.0
12/3/2026 14:35,5241.5,5242.0,5238.0,5238.0,1000.0
12/3/2026 14:40,5238.0,5242.0,5234.5,5242.0,1000.0
12/3/2026 14:45,5241.5,5247.5,5241.0,5245.0,1000.0
12/3/2026 14:50,5245.0,5247.5,5244.0,5245.5,1000.0
12/3/2026 14:55,5245.5,5249.0,5244.0,5244.5,1000.0
12/3/2026 15:00,5244.0,5244.5,5239.5,5243.5,1000.0
12/3/2026 15:05,5243.5,5247.5,5242.0,5245.0,1000.0
12/3/2026 15:10,5245.0,5247.5,5243.0,5244.5,1000.0
12/3/2026 15:15,5245.0,5247.0,5242.5,5246.0,1000.0
12/3/2026 15:20,5246.5,5256.0,5246.0,5252.0,1000.0
12/3/2026 15:25,5252.5,5258.5,5251.5,5256.0,1000.0
12/3/2026 15:30,5256.5,5259.5,5255.0,5258.0,1000.0
12/3/2026 15:35,5258.5,5258.5,5252.5,5253.5,1000.0
12/3/2026 15:40,5253.5,5255.5,5252.5,5254.5,1000.0
12/3/2026 15:45,5254.5,5257.0,5253.5,5254.5,1000.0
12/3/2026 15:50,5254.5,5255.0,5250.5,5251.5,1000.0
12/3/2026 15:55,5251.5,5259.5,5251.0,5258.5,1000.0
12/3/2026 16:00,5258.5,5262.5,5256.5,5260.5,1000.0
12/3/2026 16:05,5260.5,5260.5,5256.5,5259.0,1000.0
12/3/2026 16:10,5259.5,5265.0,5259.0,5260.0,1000.0
12/3/2026 16:15,5260.0,5263.5,5259.0,5263.5,1000.0
12/3/2026 16:20,5263.0,5264.0,5261.5,5262.0,1000.0
12/3/2026 16:25,5262.0,5263.5,5261.5,5261.5,1000.0
12/3/2026 16:30,5262.0,5262.5,5258.5,5260.0,1000.0
12/3/2026 16:35,5260.0,5261.0,5259.0,5259.5,1000.0
12/3/2026 16:40,5260.0,5269.0,5258.5,5268.0,1000.0
12/3/2026 16:45,5267.5,5269.0,5266.5,5267.5,1000.0
12/3/2026 16:50,5268.0,5274.5,5267.5,5268.5,1000.0
12/3/2026 16:55,5268.5,5271.5,5267.0,5268.0,1000.0
12/3/2026 17:00,5268.0,5268.0,5264.5,5266.0,1000.0
12/3/2026 17:05,5266.5,5269.0,5266.0,5267.0,1000.0
12/3/2026 17:10,5267.0,5273.5,5267.0,5273.5,1000.0
12/3/2026 17:15,5273.5,5274.5,5270.0,5272.0,1000.0
12/3/2026 17:20,5272.0,5272.5,5269.5,5270.5,1000.0
12/3/2026 17:25,5270.5,5271.0,5269.0,5270.5,1000.0
12/3/2026 17:30,5271.0,5275.5,5270.5,5273.0,1000.0
12/3/2026 17:35,5273.0,5273.5,5269.0,5270.0,1000.0
12/3/2026 17:40,5269.5,5271.5,5268.5,5270.0,1000.0
12/3/2026 17:45,5270.0,5270.5,5266.0,5269.5,1000.0
12/3/2026 17:50,5269.5,5270.5,5268.0,5270.5,1000.0
12/3/2026 17:55,5270.0,5272.5,5268.0,5269.0,1000.0
12/3/2026 18:00,5269.0,5271.0,5268.5,5270.0,1000.0
12/3/2026 18:05,5269.5,5271.5,5266.5,5268.5,1000.0
12/3/2026 18:10,5268.5,5276.0,5268.0,5272.5,1000.0
12/3/2026 18:15,5272.5,5282.0,5272.5,5281.0,1000.0
12/3/2026 18:20,5280.5,5286.0,5277.5,5284.0,1000.0
12/3/2026 18:25,5284.5,5287.0,5279.5,5281.0,1000.0
12/3/2026 9:00,5188.5,5196.5,5187.5,5192.5,1000.0
12/3/2026 9:05,5192.5,5197.5,5190.5,5196.0,1000.0
12/3/2026 9:10,5195.5,5197.5,5190.0,5194.0,1000.0
12/3/2026 9:15,5194.5,5199.5,5192.5,5198.5,1000.0
12/3/2026 9:20,5199.0,5206.5,5198.0,5204.0,1000.0
12/3/2026 9:25,5204.5,5205.5,5193.5,5196.0,1000.0
12/3/2026 9:30,5196.0,5203.0,5194.5,5195.5,1000.0
12/3/2026 9:35,5195.5,5197.0,5193.0,5194.5,1000.0
12/3/2026 9:40,5194.5,5200.0,5190.5,5197.0,1000.0
12/3/2026 9:45,5196.5,5198.0,5189.0,5191.0,1000.0
12/3/2026 9:50,5191.0,5200.0,5188.5,5199.0,1000.0
12/3/2026 9:55,5199.0,5202.5,5197.0,5199.0,1000.0
13/01/2026 09:00,5397.5,5400.5,5394.5,5399.0,1000.0
13/01/2026 09:05,5398.5,5407.5,5398.0,5405.0,1000.0
13/01/2026 09:10,5405.0,5407.0,5402.0,5406.0,1000.0
13/01/2026 09:15,5405.5,5406.0,5399.0,5400.0,1000.0
13/01/2026 09:20,5400.0,5402.0,5395.5,5397.0,1000.0
13/01/2026 09:25,5397.5,5400.5,5395.0,5399.0,1000.0
13/01/2026 09:30,5399.5,5403.5,5398.5,5400.5,1000.0
13/01/2026 09:35,5400.5,5404.0,5399.5,5403.5,1000.0
13/01/2026 09:40,5403.5,5406.5,5402.5,5403.5,1000.0
13/01/2026 09:45,5403.5,5409.5,5403.0,5409.5,1000.0
13/01/2026 09:50,5409.0,5411.0,5406.5,5410.5,1000.0
13/01/2026 09:55,5410.5,5410.5,5404.0,5405.0,1000.0
13/01/2026 10:00,5404.5,5406.5,5401.0,5404.5,1000.0
13/01/2026 10:05,5404.0,5408.0,5402.0,5408.0,1000.0
13/01/2026 10:10,5408.0,5408.0,5403.5,5407.5,1000.0
13/01/2026 10:15,5407.5,5410.5,5403.5,5404.5,1000.0
13/01/2026 10:20,5404.5,5405.5,5401.0,5402.5,1000.0
13/01/2026 10:25,5402.5,5403.5,5400.5,5403.0,1000.0
13/01/2026 10:30,5403.0,5403.5,5390.0,5392.0,1000.0
13/01/2026 10:35,5391.5,5399.5,5390.5,5397.0,1000.0
13/01/2026 10:40,5397.5,5400.0,5393.5,5397.0,1000.0
13/01/2026 10:45,5397.5,5402.0,5396.5,5402.0,1000.0
13/01/2026 10:50,5402.0,5406.5,5400.0,5404.5,1000.0
13/01/2026 10:55,5404.5,5406.0,5400.5,5401.0,1000.0
13/01/2026 11:00,5401.5,5403.0,5397.5,5399.0,1000.0
13/01/2026 11:05,5399.0,5399.5,5391.5,5393.5,1000.0
13/01/2026 11:10,5393.5,5396.5,5391.5,5395.0,1000.0
13/01/2026 11:15,5395.0,5397.5,5395.0,5396.0,1000.0
13/01/2026 11:20,5396.5,5397.5,5392.5,5394.5,1000.0
13/01/2026 11:25,5394.0,5395.5,5391.5,5391.5,1000.0
13/01/2026 11:30,5391.5,5394.0,5388.5,5388.5,1000.0
13/01/2026 11:35,5388.5,5393.0,5388.5,5392.5,1000.0
13/01/2026 11:40,5392.5,5397.0,5392.0,5395.5,1000.0
13/01/2026 11:45,5396.0,5400.5,5394.0,5398.0,1000.0
13/01/2026 11:50,5398.0,5404.0,5398.0,5400.0,1000.0
13/01/2026 11:55,5399.5,5402.0,5399.0,5400.0,1000.0
13/01/2026 12:00,5400.5,5402.5,5397.0,5398.0,1000.0
13/01/2026 12:05,5398.5,5399.5,5396.5,5398.5,1000.0
13/01/2026 12:10,5399.0,5403.0,5398.5,5402.5,1000.0
13/01/2026 12:15,5403.0,5407.5,5402.5,5406.5,1000.0
13/01/2026 12:20,5407.0,5410.0,5403.0,5409.0,1000.0
13/01/2026 12:25,5409.0,5414.5,5408.5,5414.0,1000.0
13/01/2026 12:30,5414.0,5414.5,5408.5,5408.5,1000.0
13/01/2026 12:35,5408.5,5409.5,5406.5,5408.0,1000.0
13/01/2026 12:40,5408.0,5409.0,5405.0,5406.0,1000.0
13/01/2026 12:45,5406.5,5407.0,5403.0,5404.0,1000.0
13/01/2026 12:50,5403.5,5405.0,5402.0,5403.5,1000.0
13/01/2026 12:55,5403.5,5405.0,5401.0,5404.5,1000.0
13/01/2026 13:00,5404.0,5405.0,5402.0,5404.0,1000.0
13/01/2026 13:05,5403.5,5406.5,5402.5,5406.0,1000.0
13/01/2026 13:10,5406.0,5411.5,5404.5,5410.5,1000.0
13/01/2026 13:15,5411.0,5418.0,5410.5,5415.5,1000.0
13/01/2026 13:20,5415.5,5418.0,5415.5,5416.0,1000.0
13/01/2026 13:25,5416.0,5419.0,5413.5,5414.0,1000.0
13/01/2026 13:30,5414.0,5415.0,5410.0,5410.5,1000.0
13/01/2026 13:35,5410.5,5411.5,5410.0,5410.5,1000.0
13/01/2026 13:40,5410.5,5411.5,5409.0,5409.0,1000.0
13/01/2026 13:45,5409.0,5411.0,5408.0,5410.0,1000.0
13/01/2026 13:50,5409.5,5411.0,5408.0,5408.5,1000.0
13/01/2026 13:55,5408.5,5410.5,5408.0,5408.5,1000.0
13/01/2026 14:00,5408.5,5410.5,5408.5,5408.5,1000.0
13/01/2026 14:05,5408.5,5409.5,5407.0,5408.5,1000.0
13/01/2026 14:10,5408.5,5409.0,5407.0,5407.5,1000.0
13/01/2026 14:15,5407.5,5408.0,5405.5,5407.5,1000.0
13/01/2026 14:20,5407.5,5408.0,5406.5,5407.5,1000.0
13/01/2026 14:25,5407.5,5408.5,5406.5,5407.5,1000.0
13/01/2026 14:30,5407.5,5409.5,5405.5,5408.0,1000.0
13/01/2026 14:35,5407.5,5409.0,5405.5,5409.0,1000.0
13/01/2026 14:40,5408.5,5413.0,5407.5,5408.0,1000.0
13/01/2026 14:45,5408.0,5408.5,5405.5,5406.5,1000.0
13/01/2026 14:50,5406.0,5407.5,5405.5,5406.0,1000.0
13/01/2026 14:55,5406.0,5409.5,5405.0,5409.5,1000.0
13/01/2026 15:00,5409.5,5413.0,5409.0,5411.5,1000.0
13/01/2026 15:05,5411.0,5412.5,5409.0,5409.0,1000.0
13/01/2026 15:10,5409.5,5410.5,5406.5,5407.0,1000.0
13/01/2026 15:15,5407.5,5408.0,5406.5,5407.0,1000.0
13/01/2026 15:20,5406.5,5408.0,5405.0,5406.5,1000.0
13/01/2026 15:25,5406.5,5407.5,5405.0,5405.5,1000.0
13/01/2026 15:30,5405.0,5406.5,5405.0,5405.5,1000.0
13/01/2026 15:35,5405.5,5405.5,5402.0,5403.0,1000.0
13/01/2026 15:40,5403.0,5403.5,5401.0,5401.5,1000.0
13/01/2026 15:45,5401.5,5404.5,5400.5,5402.0,1000.0
13/01/2026 15:50,5402.0,5403.5,5401.0,5402.5,1000.0
13/01/2026 15:55,5402.0,5403.5,5401.5,5403.5,1000.0
13/01/2026 16:00,5403.5,5405.5,5402.0,5405.0,1000.0
13/01/2026 16:05,5405.5,5405.5,5404.5,5404.5,1000.0
13/01/2026 16:10,5405.0,5405.5,5403.5,5405.5,1000.0
13/01/2026 16:15,5405.5,5405.5,5403.0,5403.0,1000.0
13/01/2026 16:20,5403.5,5404.5,5403.0,5403.5,1000.0
13/01/2026 16:25,5403.5,5404.0,5402.5,5404.0,1000.0
13/01/2026 16:30,5404.0,5405.0,5403.0,5404.0,1000.0
13/01/2026 16:35,5404.0,5404.5,5402.0,5402.0,1000.0
13/01/2026 16:40,5402.0,5403.5,5401.0,5402.5,1000.0
13/01/2026 16:45,5403.0,5403.0,5401.5,5403.0,1000.0
13/01/2026 16:50,5403.0,5403.0,5400.5,5400.5,1000.0
13/01/2026 16:55,5400.5,5401.5,5398.0,5398.5,1000.0
13/01/2026 17:00,5398.5,5400.0,5397.0,5398.5,1000.0
13/01/2026 17:05,5398.5,5399.5,5398.0,5398.5,1000.0
13/01/2026 17:10,5398.5,5401.5,5398.5,5400.5,1000.0
13/01/2026 17:15,5400.5,5402.0,5400.5,5401.5,1000.0
13/01/2026 17:20,5401.5,5401.5,5399.5,5399.5,1000.0
13/01/2026 17:25,5399.5,5400.0,5399.0,5399.5,1000.0
13/01/2026 17:30,5399.5,5399.5,5397.5,5399.0,1000.0
13/01/2026 17:35,5398.5,5399.5,5397.5,5397.5,1000.0
13/01/2026 17:40,5398.0,5398.0,5396.0,5396.0,1000.0
13/01/2026 17:45,5396.0,5397.5,5396.0,5396.0,1000.0
13/01/2026 17:50,5396.5,5398.5,5396.0,5397.0,1000.0
13/01/2026 17:55,5397.5,5398.0,5396.5,5398.0,1000.0
13/01/2026 18:00,5398.0,5398.0,5396.0,5396.5,1000.0
13/01/2026 18:05,5396.0,5397.5,5396.0,5397.0,1000.0
13/01/2026 18:10,5397.0,5398.0,5396.5,5397.0,1000.0
13/01/2026 18:15,5396.5,5397.5,5396.0,5397.0,1000.0
13/01/2026 18:20,5397.0,5399.0,5397.0,5397.0,1000.0
13/01/2026 18:25,5397.0,5398.5,5396.0,5396.0,1000.0
13/02/2026 09:00,5234.0,5241.0,5227.5,5235.0,1000.0
13/02/2026 09:05,5234.5,5244.5,5234.0,5244.0,1000.0
13/02/2026 09:10,5244.0,5245.5,5235.0,5235.0,1000.0
13/02/2026 09:15,5235.0,5239.5,5230.5,5236.0,1000.0
13/02/2026 09:20,5235.5,5236.0,5230.5,5233.0,1000.0
13/02/2026 09:25,5233.5,5236.0,5231.5,5234.5,1000.0
13/02/2026 09:30,5234.5,5235.0,5229.0,5234.0,1000.0
13/02/2026 09:35,5234.0,5234.5,5230.5,5232.0,1000.0
13/02/2026 09:40,5232.5,5232.5,5227.5,5231.0,1000.0
13/02/2026 09:45,5231.0,5239.0,5229.5,5237.5,1000.0
13/02/2026 09:50,5237.5,5242.5,5234.0,5235.0,1000.0
13/02/2026 09:55,5234.5,5235.0,5226.0,5227.5,1000.0
13/02/2026 10:00,5227.5,5235.5,5226.5,5232.5,1000.0
13/02/2026 10:05,5232.0,5234.0,5228.0,5233.5,1000.0
13/02/2026 10:10,5233.0,5235.5,5231.0,5232.0,1000.0
13/02/2026 10:15,5232.0,5237.5,5231.5,5236.0,1000.0
13/02/2026 10:20,5236.0,5236.5,5229.5,5231.0,1000.0
13/02/2026 10:25,5231.0,5232.0,5228.0,5228.5,1000.0
13/02/2026 10:30,5228.0,5229.0,5217.5,5224.0,1000.0
13/02/2026 10:35,5224.0,5231.0,5222.0,5231.0,1000.0
13/02/2026 10:40,5231.0,5231.5,5222.0,5228.0,1000.0
13/02/2026 10:45,5228.0,5237.0,5227.0,5233.0,1000.0
13/02/2026 10:50,5233.0,5241.5,5231.0,5232.5,1000.0
13/02/2026 10:55,5232.5,5236.5,5230.5,5234.0,1000.0
13/02/2026 11:00,5234.5,5238.0,5231.5,5233.0,1000.0
13/02/2026 11:05,5233.0,5233.5,5225.0,5229.0,1000.0
13/02/2026 11:10,5229.0,5233.5,5228.0,5231.5,1000.0
13/02/2026 11:15,5231.0,5232.5,5225.5,5229.0,1000.0
13/02/2026 11:20,5228.5,5234.5,5226.0,5234.5,1000.0
13/02/2026 11:25,5234.5,5234.5,5228.0,5230.0,1000.0
13/02/2026 11:30,5229.5,5238.0,5229.0,5237.0,1000.0
13/02/2026 11:35,5237.5,5255.0,5237.5,5254.5,1000.0
13/02/2026 11:40,5254.5,5264.0,5249.5,5250.0,1000.0
13/02/2026 11:45,5250.5,5251.0,5242.5,5247.5,1000.0
13/02/2026 11:50,5248.0,5256.5,5247.5,5256.5,1000.0
13/02/2026 11:55,5256.5,5264.0,5253.0,5254.0,1000.0
13/02/2026 12:00,5254.5,5264.5,5252.0,5262.0,1000.0
13/02/2026 12:05,5261.5,5264.0,5249.0,5251.5,1000.0
13/02/2026 12:10,5251.0,5253.5,5247.5,5251.5,1000.0
13/02/2026 12:15,5251.5,5261.5,5251.0,5259.5,1000.0
13/02/2026 12:20,5260.0,5261.5,5255.0,5257.0,1000.0
13/02/2026 12:25,5256.5,5257.5,5246.0,5248.0,1000.0
13/02/2026 12:30,5248.5,5249.5,5244.0,5246.0,1000.0
13/02/2026 12:35,5245.5,5247.5,5242.0,5244.0,1000.0
13/02/2026 12:40,5244.5,5248.0,5241.5,5247.0,1000.0
13/02/2026 12:45,5247.0,5254.0,5246.0,5253.0,1000.0
13/02/2026 12:50,5252.5,5253.0,5245.0,5248.5,1000.0
13/02/2026 12:55,5248.5,5254.0,5247.0,5250.5,1000.0
13/02/2026 13:00,5250.5,5254.0,5246.0,5246.5,1000.0
13/02/2026 13:05,5246.5,5248.0,5243.0,5246.0,1000.0
13/02/2026 13:10,5246.0,5249.0,5244.5,5246.0,1000.0
13/02/2026 13:15,5246.0,5247.0,5242.0,5244.5,1000.0
13/02/2026 13:20,5244.5,5247.0,5243.0,5244.5,1000.0
13/02/2026 13:25,5244.5,5245.5,5241.0,5243.0,1000.0
13/02/2026 13:30,5243.5,5247.5,5242.0,5243.5,1000.0
13/02/2026 13:35,5244.0,5245.5,5240.0,5241.0,1000.0
13/02/2026 13:40,5241.0,5244.5,5240.5,5244.5,1000.0
13/02/2026 13:45,5244.5,5248.5,5242.0,5248.0,1000.0
13/02/2026 13:50,5248.0,5249.5,5243.5,5243.5,1000.0
13/02/2026 13:55,5244.0,5245.0,5241.5,5245.0,1000.0
13/02/2026 14:00,5245.0,5247.0,5243.0,5245.0,1000.0
13/02/2026 14:05,5245.0,5245.5,5241.5,5241.5,1000.0
13/02/2026 14:10,5241.5,5244.5,5240.0,5240.5,1000.0
13/02/2026 14:15,5240.5,5246.5,5238.0,5244.0,1000.0
13/02/2026 14:20,5244.0,5245.0,5239.5,5239.5,1000.0
13/02/2026 14:25,5240.0,5241.0,5237.5,5239.5,1000.0
13/02/2026 14:30,5239.5,5242.0,5239.0,5240.0,1000.0
13/02/2026 14:35,5240.5,5241.5,5239.5,5240.5,1000.0
13/02/2026 14:40,5240.5,5241.0,5235.0,5236.0,1000.0
13/02/2026 14:45,5236.0,5239.5,5234.0,5235.5,1000.0
13/02/2026 14:50,5236.0,5237.0,5232.5,5235.5,1000.0
13/02/2026 14:55,5235.5,5236.5,5234.5,5236.0,1000.0
13/02/2026 15:00,5235.5,5239.5,5233.0,5239.0,1000.0
13/02/2026 15:05,5238.5,5241.0,5238.5,5240.5,1000.0
13/02/2026 15:10,5240.5,5241.0,5238.0,5239.5,1000.0
13/02/2026 15:15,5239.5,5245.5,5239.0,5245.0,1000.0
13/02/2026 15:20,5245.5,5245.5,5242.0,5242.5,1000.0
13/02/2026 15:25,5242.5,5243.0,5238.5,5241.0,1000.0
13/02/2026 15:30,5240.5,5241.5,5236.5,5238.0,1000.0
13/02/2026 15:35,5238.0,5240.5,5237.0,5239.5,1000.0
13/02/2026 15:40,5239.5,5240.5,5237.5,5237.5,1000.0
13/02/2026 15:45,5237.5,5238.0,5234.0,5237.0,1000.0
13/02/2026 15:50,5237.0,5239.5,5237.0,5238.0,1000.0
13/02/2026 15:55,5238.5,5241.5,5238.0,5240.5,1000.0
13/02/2026 16:00,5240.5,5241.0,5236.5,5238.0,1000.0
13/02/2026 16:05,5237.5,5239.0,5237.0,5238.5,1000.0
13/02/2026 16:10,5238.0,5240.5,5238.0,5239.5,1000.0
13/02/2026 16:15,5239.5,5243.0,5239.0,5242.0,1000.0
13/02/2026 16:20,5242.5,5242.5,5239.5,5240.0,1000.0
13/02/2026 16:25,5239.5,5240.0,5237.5,5240.0,1000.0
13/02/2026 16:30,5240.0,5241.0,5239.0,5239.0,1000.0
13/02/2026 16:35,5239.0,5243.0,5239.0,5241.5,1000.0
13/02/2026 16:40,5242.0,5244.5,5241.0,5242.0,1000.0
13/02/2026 16:45,5242.0,5242.5,5238.0,5239.0,1000.0
13/02/2026 16:50,5239.0,5243.0,5238.0,5242.0,1000.0
13/02/2026 16:55,5242.0,5245.5,5242.0,5244.5,1000.0
13/02/2026 17:00,5245.0,5245.0,5241.5,5242.0,1000.0
13/02/2026 17:05,5242.0,5242.5,5239.0,5242.0,1000.0
13/02/2026 17:10,5241.5,5243.5,5241.0,5242.5,1000.0
13/02/2026 17:15,5242.5,5244.5,5241.5,5242.5,1000.0
13/02/2026 17:20,5242.0,5244.0,5242.0,5244.0,1000.0
13/02/2026 17:25,5244.0,5245.5,5241.5,5242.0,1000.0
13/02/2026 17:30,5242.0,5242.5,5238.5,5239.0,1000.0
13/02/2026 17:35,5238.5,5242.0,5236.0,5240.0,1000.0
13/02/2026 17:40,5240.0,5242.0,5239.0,5240.5,1000.0
13/02/2026 17:45,5241.0,5242.0,5238.0,5238.0,1000.0
13/02/2026 17:50,5238.0,5240.5,5237.5,5239.0,1000.0
13/02/2026 17:55,5239.0,5239.5,5237.0,5237.5,1000.0
13/02/2026 18:00,5237.5,5237.5,5234.5,5235.5,1000.0
13/02/2026 18:05,5235.5,5236.0,5233.0,5234.5,1000.0
13/02/2026 18:10,5234.5,5235.0,5233.0,5233.0,1000.0
13/02/2026 18:15,5233.0,5236.0,5232.0,5232.5,1000.0
13/02/2026 18:20,5232.5,5233.5,5231.0,5231.5,1000.0
13/02/2026 18:25,5231.5,5234.5,5231.0,5231.0,1000.0
13/03/2026 09:00,5262.0,5265.0,5250.0,5253.0,1000.0
13/03/2026 09:05,5252.5,5259.5,5251.0,5256.0,1000.0
13/03/2026 09:10,5256.0,5259.5,5248.5,5253.0,1000.0
13/03/2026 09:15,5253.0,5258.0,5248.0,5257.5,1000.0
13/03/2026 09:20,5257.5,5266.0,5257.0,5263.0,1000.0
13/03/2026 09:25,5263.5,5264.5,5260.0,5261.5,1000.0
13/03/2026 09:30,5261.5,5266.0,5255.5,5265.5,1000.0
13/03/2026 09:35,5265.5,5267.0,5258.5,5258.5,1000.0
13/03/2026 09:40,5258.5,5262.0,5255.5,5258.0,1000.0
13/03/2026 09:45,5258.0,5259.0,5251.5,5254.5,1000.0
13/03/2026 09:50,5254.0,5260.5,5250.0,5259.5,1000.0
13/03/2026 09:55,5259.5,5260.0,5249.5,5249.5,1000.0
13/03/2026 10:00,5249.5,5268.5,5247.0,5263.0,1000.0
13/03/2026 10:05,5263.0,5267.5,5262.0,5265.5,1000.0
13/03/2026 10:10,5266.0,5268.0,5259.0,5262.0,1000.0
13/03/2026 10:15,5262.0,5269.0,5260.5,5266.5,1000.0
13/03/2026 10:20,5267.0,5268.0,5258.5,5259.5,1000.0
13/03/2026 10:25,5260.0,5261.0,5251.5,5252.5,1000.0
13/03/2026 10:30,5252.0,5255.0,5245.5,5252.5,1000.0
13/03/2026 10:35,5252.5,5258.5,5246.0,5247.5,1000.0
13/03/2026 10:40,5247.0,5248.5,5240.0,5240.0,1000.0
13/03/2026 10:45,5240.0,5247.0,5238.0,5246.5,1000.0
13/03/2026 10:50,5246.5,5248.0,5239.0,5239.5,1000.0
13/03/2026 10:55,5239.5,5245.5,5237.5,5243.5,1000.0
13/03/2026 11:00,5243.5,5250.0,5242.5,5249.5,1000.0
13/03/2026 11:05,5249.0,5254.5,5247.5,5253.0,1000.0
13/03/2026 11:10,5253.0,5259.0,5252.0,5258.5,1000.0
13/03/2026 11:15,5259.0,5264.0,5257.0,5259.5,1000.0
13/03/2026 11:20,5260.0,5260.5,5254.5,5254.5,1000.0
13/03/2026 11:25,5255.0,5257.5,5251.5,5256.0,1000.0
13/03/2026 11:30,5256.0,5256.5,5249.0,5251.0,1000.0
13/03/2026 11:35,5251.0,5257.5,5250.5,5255.0,1000.0
13/03/2026 11:40,5255.0,5266.0,5255.0,5266.0,1000.0
13/03/2026 11:45,5266.0,5273.0,5264.5,5272.5,1000.0
13/03/2026 11:50,5272.5,5277.0,5269.5,5275.0,1000.0
13/03/2026 11:55,5274.5,5282.5,5273.5,5281.0,1000.0
13/03/2026 12:00,5281.5,5282.0,5274.5,5278.0,1000.0
13/03/2026 12:05,5278.0,5279.0,5270.0,5270.5,1000.0
13/03/2026 12:10,5271.0,5273.5,5268.0,5269.0,1000.0
13/03/2026 12:15,5268.5,5283.0,5268.0,5282.5,1000.0
13/03/2026 12:20,5283.0,5298.0,5280.5,5295.5,1000.0
13/03/2026 12:25,5296.0,5300.0,5292.0,5295.5,1000.0
13/03/2026 12:30,5295.5,5300.5,5293.0,5295.5,1000.0
13/03/2026 12:35,5295.0,5302.0,5293.0,5297.5,1000.0
13/03/2026 12:40,5297.5,5316.0,5294.5,5315.5,1000.0
13/03/2026 12:45,5315.5,5319.5,5296.0,5307.5,1000.0
13/03/2026 12:50,5307.5,5314.0,5302.0,5303.5,1000.0
13/03/2026 12:55,5303.5,5315.0,5303.5,5315.0,1000.0
13/03/2026 13:00,5314.5,5315.0,5300.0,5303.5,1000.0
13/03/2026 13:05,5303.0,5305.0,5297.5,5304.0,1000.0
13/03/2026 13:10,5303.5,5308.0,5300.0,5304.5,1000.0
13/03/2026 13:15,5304.0,5309.5,5302.5,5309.0,1000.0
13/03/2026 13:20,5308.5,5313.5,5306.0,5311.5,1000.0
13/03/2026 13:25,5311.5,5317.5,5311.0,5314.0,1000.0
13/03/2026 13:30,5314.5,5314.5,5303.5,5309.5,1000.0
13/03/2026 13:35,5309.5,5309.5,5300.5,5306.0,1000.0
13/03/2026 13:40,5306.0,5311.0,5303.0,5308.5,1000.0
13/03/2026 13:45,5308.0,5313.0,5306.5,5307.5,1000.0
13/03/2026 13:50,5307.5,5308.0,5297.0,5299.5,1000.0
13/03/2026 13:55,5299.5,5307.5,5298.5,5305.5,1000.0
13/03/2026 14:00,5305.5,5312.0,5304.0,5310.5,1000.0
13/03/2026 14:05,5311.0,5315.0,5309.0,5314.5,1000.0
13/03/2026 14:10,5314.5,5318.0,5308.5,5308.5,1000.0
13/03/2026 14:15,5308.5,5309.5,5305.0,5306.0,1000.0
13/03/2026 14:20,5306.0,5312.0,5305.0,5308.5,1000.0
13/03/2026 14:25,5308.5,5312.0,5307.0,5309.5,1000.0
13/03/2026 14:30,5309.5,5313.0,5308.0,5308.5,1000.0
13/03/2026 14:35,5309.0,5311.0,5306.0,5306.5,1000.0
13/03/2026 14:40,5306.0,5316.5,5306.0,5313.5,1000.0
13/03/2026 14:45,5313.5,5326.5,5311.0,5324.5,1000.0
13/03/2026 14:50,5324.5,5327.5,5315.0,5317.0,1000.0
13/03/2026 14:55,5317.0,5320.0,5315.0,5316.5,1000.0
13/03/2026 15:00,5317.0,5318.0,5313.0,5314.0,1000.0
13/03/2026 15:05,5313.5,5322.0,5311.0,5322.0,1000.0
13/03/2026 15:10,5321.5,5327.0,5320.5,5323.5,1000.0
13/03/2026 15:15,5323.5,5329.0,5322.0,5327.0,1000.0
13/03/2026 15:20,5327.5,5332.5,5325.0,5329.0,1000.0
13/03/2026 15:25,5329.0,5329.5,5325.0,5325.0,1000.0
13/03/2026 15:30,5325.5,5327.0,5321.0,5322.0,1000.0
13/03/2026 15:35,5322.5,5324.5,5318.0,5319.0,1000.0
13/03/2026 15:40,5319.0,5321.0,5316.5,5317.0,1000.0
13/03/2026 15:45,5317.0,5321.5,5316.0,5321.5,1000.0
13/03/2026 15:50,5321.5,5325.0,5320.5,5322.0,1000.0
13/03/2026 15:55,5322.0,5324.5,5320.5,5321.5,1000.0
13/03/2026 16:00,5321.0,5325.0,5319.5,5325.0,1000.0
13/03/2026 16:05,5325.0,5326.5,5324.0,5325.0,1000.0
13/03/2026 16:10,5325.5,5334.5,5325.0,5330.5,1000.0
13/03/2026 16:15,5330.0,5332.5,5329.5,5330.5,1000.0
13/03/2026 16:20,5330.0,5338.0,5330.0,5334.0,1000.0
13/03/2026 16:25,5334.0,5337.0,5333.0,5335.5,1000.0
13/03/2026 16:30,5335.5,5343.0,5334.5,5342.0,1000.0
13/03/2026 16:35,5342.5,5344.0,5339.5,5344.0,1000.0
13/03/2026 16:40,5343.5,5345.0,5340.0,5343.0,1000.0
13/03/2026 16:45,5343.0,5347.5,5341.5,5343.5,1000.0
13/03/2026 16:50,5343.0,5347.5,5342.5,5342.5,1000.0
13/03/2026 16:55,5343.0,5344.0,5338.0,5338.5,1000.0
13/03/2026 17:00,5339.0,5344.5,5336.5,5344.0,1000.0
13/03/2026 17:05,5344.0,5344.0,5341.5,5343.0,1000.0
13/03/2026 17:10,5342.5,5344.5,5341.5,5343.0,1000.0
13/03/2026 17:15,5343.0,5344.5,5342.0,5343.0,1000.0
13/03/2026 17:20,5342.5,5344.5,5340.5,5344.0,1000.0
13/03/2026 17:25,5344.5,5346.0,5341.5,5345.0,1000.0
13/03/2026 17:30,5345.0,5345.5,5342.0,5342.0,1000.0
13/03/2026 17:35,5342.5,5344.5,5340.5,5341.0,1000.0
13/03/2026 17:40,5341.5,5342.5,5339.5,5341.0,1000.0
13/03/2026 17:45,5341.0,5344.5,5341.0,5342.5,1000.0
13/03/2026 17:50,5342.5,5348.5,5342.0,5348.0,1000.0
13/03/2026 17:55,5348.0,5349.0,5345.0,5346.0,1000.0
13/03/2026 18:00,5346.5,5347.5,5345.5,5346.0,1000.0
13/03/2026 18:05,5346.0,5350.0,5346.0,5349.0,1000.0
13/03/2026 18:10,5349.0,5358.5,5349.0,5353.5,1000.0
13/03/2026 18:15,5354.0,5354.0,5348.5,5352.0,1000.0
13/03/2026 18:20,5352.0,5354.5,5351.0,5352.0,1000.0
13/03/2026 18:25,5352.0,5355.0,5349.0,5354.0,1000.0
13/10/2025 09:00,5520.0,5526.0,5502.0,5502.5,1000.0
13/10/2025 09:05,5502.5,5507.0,5496.5,5502.0,1000.0
13/10/2025 09:10,5502.0,5505.0,5496.0,5503.0,1000.0
13/10/2025 09:15,5503.0,5506.0,5497.5,5503.5,1000.0
13/10/2025 09:20,5504.0,5511.5,5503.0,5505.5,1000.0
13/10/2025 09:25,5506.0,5514.5,5503.5,5510.0,1000.0
13/10/2025 09:30,5510.5,5511.5,5500.5,5505.0,1000.0
13/10/2025 09:35,5505.0,5505.0,5497.0,5497.5,1000.0
13/10/2025 09:40,5497.0,5499.5,5490.0,5490.5,1000.0
13/10/2025 09:45,5490.0,5493.0,5487.5,5488.0,1000.0
13/10/2025 09:50,5487.5,5488.0,5481.0,5486.0,1000.0
13/10/2025 09:55,5485.5,5490.0,5482.5,5486.5,1000.0
13/10/2025 10:00,5486.5,5491.0,5482.5,5490.5,1000.0
13/10/2025 10:05,5490.5,5496.5,5489.5,5494.0,1000.0
13/10/2025 10:10,5494.0,5497.0,5492.5,5495.0,1000.0
13/10/2025 10:15,5495.5,5495.5,5486.0,5492.5,1000.0
13/10/2025 10:20,5492.5,5496.0,5492.0,5494.0,1000.0
13/10/2025 10:25,5494.5,5495.0,5491.0,5491.5,1000.0
13/10/2025 10:30,5492.0,5496.0,5488.5,5495.0,1000.0
13/10/2025 10:35,5494.5,5506.0,5494.0,5504.0,1000.0
13/10/2025 10:40,5504.0,5507.5,5502.5,5506.5,1000.0
13/10/2025 10:45,5507.0,5507.0,5499.0,5501.5,1000.0
13/10/2025 10:50,5501.5,5503.0,5496.0,5501.0,1000.0
13/10/2025 10:55,5501.0,5502.5,5497.0,5497.0,1000.0
13/10/2025 11:00,5497.0,5506.0,5496.0,5502.5,1000.0
13/10/2025 11:05,5502.5,5507.0,5501.5,5505.0,1000.0
13/10/2025 11:10,5505.5,5506.5,5499.5,5501.0,1000.0
13/10/2025 11:15,5500.5,5501.5,5498.5,5499.5,1000.0
13/10/2025 11:20,5499.5,5506.5,5498.5,5499.5,1000.0
13/10/2025 11:25,5500.0,5502.0,5496.0,5497.0,1000.0
13/10/2025 11:30,5497.0,5497.0,5487.5,5488.5,1000.0
13/10/2025 11:35,5488.0,5489.5,5485.5,5487.5,1000.0
13/10/2025 11:40,5487.0,5488.5,5481.0,5484.0,1000.0
13/10/2025 11:45,5484.0,5486.0,5481.0,5481.5,1000.0
13/10/2025 11:50,5482.0,5482.5,5478.0,5478.5,1000.0
13/10/2025 11:55,5479.0,5482.5,5478.0,5478.0,1000.0
13/10/2025 12:00,5478.0,5478.5,5475.0,5476.5,1000.0
13/10/2025 12:05,5476.0,5479.5,5475.0,5476.0,1000.0
13/10/2025 12:10,5475.5,5477.0,5474.0,5476.5,1000.0
13/10/2025 12:15,5476.0,5476.5,5473.0,5475.5,1000.0
13/10/2025 12:20,5475.0,5479.0,5475.0,5479.0,1000.0
13/10/2025 12:25,5479.0,5479.5,5477.5,5479.0,1000.0
13/10/2025 12:30,5479.0,5481.5,5477.0,5478.5,1000.0
13/10/2025 12:35,5478.0,5478.5,5476.5,5478.5,1000.0
13/10/2025 12:40,5478.0,5480.5,5478.0,5478.5,1000.0
13/10/2025 12:45,5478.5,5479.0,5475.5,5477.5,1000.0
13/10/2025 12:50,5477.0,5478.0,5475.0,5475.5,1000.0
13/10/2025 12:55,5475.5,5479.5,5475.0,5479.5,1000.0
13/10/2025 13:00,5479.0,5480.0,5472.5,5474.0,1000.0
13/10/2025 13:05,5473.5,5477.0,5473.5,5476.5,1000.0
13/10/2025 13:10,5476.0,5478.5,5475.0,5478.0,1000.0
13/10/2025 13:15,5477.5,5478.0,5474.5,5475.0,1000.0
13/10/2025 13:20,5475.5,5478.5,5474.5,5475.5,1000.0
13/10/2025 13:25,5475.5,5478.5,5475.5,5477.0,1000.0
13/10/2025 13:30,5477.5,5480.0,5476.0,5479.0,1000.0
13/10/2025 13:35,5479.0,5481.0,5479.0,5480.0,1000.0
13/10/2025 13:40,5480.0,5481.5,5479.0,5479.5,1000.0
13/10/2025 13:45,5479.0,5480.0,5477.5,5477.5,1000.0
13/10/2025 13:50,5477.5,5478.5,5476.0,5478.0,1000.0
13/10/2025 13:55,5477.5,5481.5,5477.5,5480.0,1000.0
13/10/2025 14:00,5480.5,5481.5,5479.5,5481.5,1000.0
13/10/2025 14:05,5481.0,5482.5,5473.0,5476.0,1000.0
13/10/2025 14:10,5476.0,5477.0,5475.0,5475.0,1000.0
13/10/2025 14:15,5475.0,5477.0,5474.5,5475.5,1000.0
13/10/2025 14:20,5475.5,5477.5,5475.0,5476.5,1000.0
13/10/2025 14:25,5477.0,5477.5,5470.0,5470.0,1000.0
13/10/2025 14:30,5470.0,5472.0,5469.5,5471.0,1000.0
13/10/2025 14:35,5470.5,5471.5,5469.0,5470.0,1000.0
13/10/2025 14:40,5470.0,5471.5,5468.0,5469.5,1000.0
13/10/2025 14:45,5470.0,5472.5,5468.0,5471.0,1000.0
13/10/2025 14:50,5470.5,5474.0,5470.0,5473.0,1000.0
13/10/2025 14:55,5473.5,5474.5,5472.5,5473.0,1000.0
13/10/2025 15:00,5473.0,5473.5,5471.5,5472.0,1000.0
13/10/2025 15:05,5472.5,5472.5,5469.0,5470.0,1000.0
13/10/2025 15:10,5470.0,5472.5,5470.0,5472.0,1000.0
13/10/2025 15:15,5471.5,5472.0,5470.0,5471.5,1000.0
13/10/2025 15:20,5471.5,5473.5,5471.0,5473.5,1000.0
13/10/2025 15:25,5473.5,5474.0,5472.5,5473.5,1000.0
13/10/2025 15:30,5473.5,5477.0,5473.0,5475.0,1000.0
13/10/2025 15:35,5475.5,5477.0,5474.0,5476.0,1000.0
13/10/2025 15:40,5476.5,5478.0,5476.0,5477.0,1000.0
13/10/2025 15:45,5477.0,5477.5,5475.5,5476.0,1000.0
13/10/2025 15:50,5476.0,5476.5,5474.0,5476.0,1000.0
13/10/2025 15:55,5475.5,5476.5,5474.5,5474.5,1000.0
13/10/2025 16:00,5474.5,5475.5,5473.5,5474.0,1000.0
13/10/2025 16:05,5473.5,5476.5,5473.5,5476.0,1000.0
13/10/2025 16:10,5476.0,5479.5,5475.5,5479.0,1000.0
13/10/2025 16:15,5478.5,5479.0,5477.0,5478.0,1000.0
13/10/2025 16:20,5478.0,5481.0,5477.0,5479.5,1000.0
13/10/2025 16:25,5479.5,5484.0,5479.5,5484.0,1000.0
13/10/2025 16:30,5484.0,5484.5,5483.0,5484.0,1000.0
13/10/2025 16:35,5484.0,5486.0,5483.5,5486.0,1000.0
13/10/2025 16:40,5485.5,5486.0,5485.0,5486.0,1000.0
13/10/2025 16:45,5485.5,5487.0,5485.0,5486.5,1000.0
13/10/2025 16:50,5487.0,5487.5,5485.5,5486.0,1000.0
13/10/2025 16:55,5486.0,5487.0,5483.5,5485.5,1000.0
13/10/2025 17:00,5485.5,5489.0,5485.5,5488.0,1000.0
13/10/2025 17:05,5487.5,5488.0,5484.5,5486.0,1000.0
13/10/2025 17:10,5485.5,5488.0,5485.5,5487.5,1000.0
13/10/2025 17:15,5487.5,5489.0,5487.5,5488.0,1000.0
13/10/2025 17:20,5488.0,5488.5,5487.5,5488.0,1000.0
13/10/2025 17:25,5488.5,5489.0,5487.0,5487.5,1000.0
13/10/2025 17:30,5487.5,5489.5,5485.0,5489.0,1000.0
13/10/2025 17:35,5489.5,5489.5,5488.0,5489.0,1000.0
13/10/2025 17:40,5489.5,5490.0,5487.5,5489.5,1000.0
13/10/2025 17:45,5489.0,5489.5,5489.0,5489.0,1000.0
13/10/2025 17:50,5489.0,5493.5,5489.0,5492.5,1000.0
13/10/2025 17:55,5492.5,5494.5,5491.0,5491.0,1000.0
13/10/2025 18:00,5491.5,5492.5,5491.0,5492.0,1000.0
13/10/2025 18:05,5492.0,5493.5,5488.0,5488.5,1000.0
13/10/2025 18:10,5488.5,5490.5,5488.5,5489.5,1000.0
13/10/2025 18:15,5489.0,5491.0,5488.5,5490.0,1000.0
13/10/2025 18:20,5490.5,5494.0,5490.0,5493.0,1000.0
13/10/2025 18:25,5493.0,5494.0,5484.0,5484.0,1000.0
13/11/2025 09:00,5301.5,5309.5,5296.5,5309.0,1000.0
13/11/2025 09:05,5309.0,5310.0,5304.5,5304.5,1000.0
13/11/2025 09:10,5304.5,5306.0,5298.0,5301.0,1000.0
13/11/2025 09:15,5301.5,5303.5,5299.5,5300.5,1000.0
13/11/2025 09:20,5301.0,5301.0,5295.0,5297.0,1000.0
13/11/2025 09:25,5296.5,5299.5,5295.5,5296.5,1000.0
13/11/2025 09:30,5296.0,5298.0,5294.0,5297.0,1000.0
13/11/2025 09:35,5297.5,5298.5,5295.0,5297.0,1000.0
13/11/2025 09:40,5297.5,5299.5,5296.5,5296.5,1000.0
13/11/2025 09:45,5296.5,5298.0,5294.0,5297.0,1000.0
13/11/2025 09:50,5297.0,5298.0,5296.0,5296.5,1000.0
13/11/2025 09:55,5297.0,5297.0,5292.0,5294.0,1000.0
13/11/2025 10:00,5294.0,5299.5,5293.0,5297.0,1000.0
13/11/2025 10:05,5297.5,5302.0,5296.5,5302.0,1000.0
13/11/2025 10:10,5301.5,5304.0,5301.0,5303.5,1000.0
13/11/2025 10:15,5303.5,5304.0,5299.5,5303.5,1000.0
13/11/2025 10:20,5303.5,5306.0,5298.0,5298.5,1000.0
13/11/2025 10:25,5298.0,5302.5,5297.0,5301.5,1000.0
13/11/2025 10:30,5302.0,5304.0,5301.5,5303.0,1000.0
13/11/2025 10:35,5303.0,5306.0,5302.5,5303.5,1000.0
13/11/2025 10:40,5303.5,5305.5,5302.5,5304.5,1000.0
13/11/2025 10:45,5304.0,5304.5,5298.0,5301.0,1000.0
13/11/2025 10:50,5301.0,5302.5,5298.5,5300.0,1000.0
13/11/2025 10:55,5299.5,5300.0,5296.5,5296.5,1000.0
13/11/2025 11:00,5296.5,5300.5,5296.0,5298.5,1000.0
13/11/2025 11:05,5298.0,5302.0,5297.0,5300.5,1000.0
13/11/2025 11:10,5300.5,5302.5,5300.0,5302.0,1000.0
13/11/2025 11:15,5302.0,5303.5,5301.0,5303.0,1000.0
13/11/2025 11:20,5303.0,5305.5,5301.5,5303.5,1000.0
13/11/2025 11:25,5303.5,5306.0,5303.5,5304.0,1000.0
13/11/2025 11:30,5304.5,5306.0,5301.0,5301.5,1000.0
13/11/2025 11:35,5302.0,5304.5,5299.0,5303.5,1000.0
13/11/2025 11:40,5303.5,5308.0,5303.0,5308.0,1000.0
13/11/2025 11:45,5308.0,5308.0,5300.5,5302.0,1000.0
13/11/2025 11:50,5302.0,5303.5,5299.5,5303.5,1000.0
13/11/2025 11:55,5303.0,5307.0,5303.0,5307.0,1000.0
13/11/2025 12:00,5307.0,5308.5,5305.5,5307.0,1000.0
13/11/2025 12:05,5306.5,5308.5,5305.0,5306.0,1000.0
13/11/2025 12:10,5306.0,5307.5,5303.0,5303.5,1000.0
13/11/2025 12:15,5303.5,5305.0,5302.5,5305.0,1000.0
13/11/2025 12:20,5305.0,5306.5,5304.5,5305.0,1000.0
13/11/2025 12:25,5305.5,5307.0,5304.5,5304.5,1000.0
13/11/2025 12:30,5305.0,5305.5,5302.5,5304.5,1000.0
13/11/2025 12:35,5305.0,5307.5,5304.0,5304.5,1000.0
13/11/2025 12:40,5304.5,5307.0,5304.5,5306.0,1000.0
13/11/2025 12:45,5305.5,5308.5,5303.5,5305.5,1000.0
13/11/2025 12:50,5305.5,5306.0,5302.0,5304.5,1000.0
13/11/2025 12:55,5304.0,5304.5,5299.0,5300.5,1000.0
13/11/2025 13:00,5300.5,5304.5,5300.5,5303.5,1000.0
13/11/2025 13:05,5303.5,5304.5,5301.0,5301.0,1000.0
13/11/2025 13:10,5301.0,5303.5,5300.5,5302.0,1000.0
13/11/2025 13:15,5302.0,5304.5,5301.0,5304.0,1000.0
13/11/2025 13:20,5304.0,5305.5,5302.0,5303.0,1000.0
13/11/2025 13:25,5302.5,5303.0,5301.5,5302.5,1000.0
13/11/2025 13:30,5302.5,5303.0,5299.0,5300.5,1000.0
13/11/2025 13:35,5300.0,5303.0,5299.5,5302.0,1000.0
13/11/2025 13:40,5302.0,5304.0,5301.0,5303.5,1000.0
13/11/2025 13:45,5303.5,5303.5,5300.5,5301.0,1000.0
13/11/2025 13:50,5301.0,5304.5,5301.0,5304.0,1000.0
13/11/2025 13:55,5303.5,5305.5,5303.5,5304.0,1000.0
13/11/2025 14:00,5304.0,5305.0,5302.5,5303.0,1000.0
13/11/2025 14:05,5303.0,5304.0,5300.0,5303.5,1000.0
13/11/2025 14:10,5303.5,5305.0,5303.0,5304.5,1000.0
13/11/2025 14:15,5304.5,5305.0,5301.5,5303.0,1000.0
13/11/2025 14:20,5303.0,5307.0,5303.0,5304.5,1000.0
13/11/2025 14:25,5304.5,5307.5,5304.5,5305.5,1000.0
13/11/2025 14:30,5305.5,5306.0,5303.5,5304.5,1000.0
13/11/2025 14:35,5305.0,5306.5,5304.5,5304.5,1000.0
13/11/2025 14:40,5304.5,5307.5,5304.5,5306.5,1000.0
13/11/2025 14:45,5307.0,5308.0,5306.0,5307.5,1000.0
13/11/2025 14:50,5307.5,5308.0,5305.0,5307.5,1000.0
13/11/2025 14:55,5307.0,5309.0,5307.0,5308.5,1000.0
13/11/2025 15:00,5308.5,5309.5,5307.0,5308.0,1000.0
13/11/2025 15:05,5307.5,5308.5,5306.5,5307.5,1000.0
13/11/2025 15:10,5308.0,5310.0,5307.0,5308.0,1000.0
13/11/2025 15:15,5308.0,5311.5,5307.0,5307.5,1000.0
13/11/2025 15:20,5308.0,5310.0,5307.0,5309.5,1000.0
13/11/2025 15:25,5310.0,5314.5,5310.0,5313.0,1000.0
13/11/2025 15:30,5313.0,5317.5,5312.5,5315.5,1000.0
13/11/2025 15:35,5315.5,5317.5,5314.0,5316.5,1000.0
13/11/2025 15:40,5317.0,5318.5,5315.0,5316.0,1000.0
13/11/2025 15:45,5316.0,5320.5,5315.5,5317.0,1000.0
13/11/2025 15:50,5317.0,5318.0,5315.0,5317.0,1000.0
13/11/2025 15:55,5317.5,5318.5,5316.5,5317.5,1000.0
13/11/2025 16:00,5317.5,5320.0,5316.5,5318.5,1000.0
13/11/2025 16:05,5318.5,5322.0,5318.0,5320.0,1000.0
13/11/2025 16:10,5320.0,5321.0,5319.0,5320.0,1000.0
13/11/2025 16:15,5319.5,5320.0,5317.0,5318.5,1000.0
13/11/2025 16:20,5318.5,5319.0,5316.5,5317.5,1000.0
13/11/2025 16:25,5317.5,5317.5,5314.5,5315.5,1000.0
13/11/2025 16:30,5315.0,5316.5,5314.5,5315.5,1000.0
13/11/2025 16:35,5315.0,5316.5,5314.0,5316.5,1000.0
13/11/2025 16:40,5316.5,5317.5,5316.0,5317.0,1000.0
13/11/2025 16:45,5317.0,5317.0,5315.5,5316.5,1000.0
13/11/2025 16:50,5316.5,5317.0,5315.5,5315.5,1000.0
13/11/2025 16:55,5315.5,5318.5,5315.5,5317.0,1000.0
13/11/2025 17:00,5316.5,5319.0,5316.0,5318.5,1000.0
13/11/2025 17:05,5318.5,5320.0,5318.0,5319.0,1000.0
13/11/2025 17:10,5319.0,5322.5,5319.0,5322.0,1000.0
13/11/2025 17:15,5322.5,5323.5,5321.0,5323.5,1000.0
13/11/2025 17:20,5323.0,5324.5,5322.5,5322.5,1000.0
13/11/2025 17:25,5322.5,5323.5,5321.5,5322.0,1000.0
13/11/2025 17:30,5322.0,5322.0,5320.0,5320.5,1000.0
13/11/2025 17:35,5320.5,5320.5,5316.5,5317.5,1000.0
13/11/2025 17:40,5318.0,5319.0,5316.0,5318.5,1000.0
13/11/2025 17:45,5319.0,5319.0,5316.5,5318.0,1000.0
13/11/2025 17:50,5318.5,5318.5,5316.0,5318.5,1000.0
13/11/2025 17:55,5318.5,5318.5,5315.5,5316.0,1000.0
13/11/2025 18:00,5315.5,5316.0,5313.5,5315.5,1000.0
13/11/2025 18:05,5315.0,5316.5,5314.0,5314.5,1000.0
13/11/2025 18:10,5314.0,5316.0,5313.0,5315.5,1000.0
13/11/2025 18:15,5314.5,5315.5,5312.0,5313.0,1000.0
13/11/2025 18:20,5313.5,5315.0,5308.0,5311.0,1000.0
13/11/2025 18:25,5311.0,5312.0,5308.0,5309.5,1000.0
14/01/2026 09:00,5393.5,5395.5,5387.0,5392.0,1000.0
14/01/2026 09:05,5392.5,5394.0,5389.0,5391.0,1000.0
14/01/2026 09:10,5391.5,5394.5,5389.5,5394.0,1000.0
14/01/2026 09:15,5394.0,5395.5,5392.0,5392.5,1000.0
14/01/2026 09:20,5392.0,5397.0,5392.0,5395.0,1000.0
14/01/2026 09:25,5395.0,5395.5,5393.0,5394.0,1000.0
14/01/2026 09:30,5394.0,5397.5,5394.0,5397.5,1000.0
14/01/2026 09:35,5397.5,5401.5,5394.5,5400.0,1000.0
14/01/2026 09:40,5400.5,5404.0,5399.0,5399.5,1000.0
14/01/2026 09:45,5399.5,5399.5,5396.5,5397.5,1000.0
14/01/2026 09:50,5398.0,5401.0,5397.5,5400.0,1000.0
14/01/2026 09:55,5400.0,5400.0,5393.0,5393.5,1000.0
14/01/2026 10:00,5393.5,5394.0,5385.0,5386.5,1000.0
14/01/2026 10:05,5386.0,5390.0,5385.0,5390.0,1000.0
14/01/2026 10:10,5389.5,5392.0,5387.5,5389.0,1000.0
14/01/2026 10:15,5389.0,5389.5,5385.0,5388.5,1000.0
14/01/2026 10:20,5388.5,5392.0,5388.0,5392.0,1000.0
14/01/2026 10:25,5392.0,5394.0,5390.0,5393.0,1000.0
14/01/2026 10:30,5393.0,5395.0,5388.5,5389.5,1000.0
14/01/2026 10:35,5389.5,5393.0,5389.0,5391.0,1000.0
14/01/2026 10:40,5391.0,5391.0,5380.0,5381.0,1000.0
14/01/2026 10:45,5381.5,5387.0,5381.0,5386.0,1000.0
14/01/2026 10:50,5385.5,5393.0,5383.5,5391.5,1000.0
14/01/2026 10:55,5391.5,5395.0,5390.0,5390.5,1000.0
14/01/2026 11:00,5390.5,5399.5,5390.0,5396.5,1000.0
14/01/2026 11:05,5396.5,5446.0,5396.0,5445.0,1000.0
14/01/2026 11:10,5445.0,5445.0,5415.0,5422.0,1000.0
14/01/2026 11:15,5421.5,5423.0,5404.5,5409.0,1000.0
14/01/2026 11:20,5409.0,5410.0,5399.5,5401.0,1000.0
14/01/2026 11:25,5400.5,5407.5,5400.0,5404.0,1000.0
14/01/2026 11:30,5404.0,5404.5,5392.0,5400.5,1000.0
14/01/2026 11:35,5400.5,5401.5,5392.5,5395.5,1000.0
14/01/2026 11:40,5395.0,5397.0,5392.0,5394.0,1000.0
14/01/2026 11:45,5394.5,5396.0,5387.0,5391.0,1000.0
14/01/2026 11:50,5391.5,5397.5,5391.0,5395.0,1000.0
14/01/2026 11:55,5395.0,5396.5,5391.5,5396.0,1000.0
14/01/2026 12:00,5396.5,5399.5,5395.5,5396.5,1000.0
14/01/2026 12:05,5397.0,5406.0,5396.5,5402.0,1000.0
14/01/2026 12:10,5402.0,5407.0,5399.5,5403.5,1000.0
14/01/2026 12:15,5403.5,5405.0,5401.5,5402.5,1000.0
14/01/2026 12:20,5402.5,5404.5,5401.5,5403.5,1000.0
14/01/2026 12:25,5403.0,5404.5,5402.0,5404.5,1000.0
14/01/2026 12:30,5404.5,5412.5,5404.0,5408.0,1000.0
14/01/2026 12:35,5408.0,5409.5,5407.0,5407.0,1000.0
14/01/2026 12:40,5407.0,5413.0,5406.0,5413.0,1000.0
14/01/2026 12:45,5412.5,5414.0,5408.5,5414.0,1000.0
14/01/2026 12:50,5414.0,5417.0,5411.5,5411.5,1000.0
14/01/2026 12:55,5411.5,5414.5,5410.0,5413.5,1000.0
14/01/2026 13:00,5414.0,5416.0,5410.0,5410.5,1000.0
14/01/2026 13:05,5411.0,5411.0,5406.0,5407.0,1000.0
14/01/2026 13:10,5407.0,5407.0,5402.5,5402.5,1000.0
14/01/2026 13:15,5402.5,5404.0,5401.0,5402.0,1000.0
14/01/2026 13:20,5402.0,5405.0,5401.5,5403.5,1000.0
14/01/2026 13:25,5404.0,5404.0,5400.5,5401.0,1000.0
14/01/2026 13:30,5401.0,5403.0,5399.0,5402.5,1000.0
14/01/2026 13:35,5402.5,5404.0,5399.5,5400.5,1000.0
14/01/2026 13:40,5400.5,5403.0,5399.0,5401.0,1000.0
14/01/2026 13:45,5400.5,5404.5,5400.5,5402.0,1000.0
14/01/2026 13:50,5402.0,5403.0,5399.5,5399.5,1000.0
14/01/2026 13:55,5400.0,5402.0,5399.0,5401.5,1000.0
14/01/2026 14:00,5401.0,5403.5,5401.0,5403.0,1000.0
14/01/2026 14:05,5403.5,5406.0,5402.5,5404.0,1000.0
14/01/2026 14:10,5404.5,5405.0,5401.0,5403.0,1000.0
14/01/2026 14:15,5403.0,5405.0,5400.5,5403.0,1000.0
14/01/2026 14:20,5403.5,5404.5,5402.0,5403.0,1000.0
14/01/2026 14:25,5402.5,5403.5,5399.5,5401.0,1000.0
14/01/2026 14:30,5401.0,5407.5,5401.0,5406.0,1000.0
14/01/2026 14:35,5405.5,5412.0,5405.5,5408.0,1000.0
14/01/2026 14:40,5408.0,5412.0,5407.5,5410.5,1000.0
14/01/2026 14:45,5410.5,5411.5,5407.5,5408.0,1000.0
14/01/2026 14:50,5408.5,5410.5,5408.5,5409.5,1000.0
14/01/2026 14:55,5410.0,5412.0,5408.5,5411.5,1000.0
14/01/2026 15:00,5411.5,5413.0,5409.0,5410.0,1000.0
14/01/2026 15:05,5410.5,5414.0,5410.0,5410.5,1000.0
14/01/2026 15:10,5411.0,5414.0,5410.5,5411.5,1000.0
14/01/2026 15:15,5411.0,5413.0,5410.5,5411.0,1000.0
14/01/2026 15:20,5411.5,5412.0,5409.5,5411.5,1000.0
14/01/2026 15:25,5411.5,5412.0,5409.5,5410.0,1000.0
14/01/2026 15:30,5409.5,5415.0,5409.0,5414.5,1000.0
14/01/2026 15:35,5414.5,5416.5,5414.0,5415.5,1000.0
14/01/2026 15:40,5415.0,5417.0,5412.0,5414.0,1000.0
14/01/2026 15:45,5414.0,5418.5,5413.5,5418.0,1000.0
14/01/2026 15:50,5417.5,5422.0,5417.5,5421.0,1000.0
14/01/2026 15:55,5421.5,5422.0,5415.0,5416.0,1000.0
14/01/2026 16:00,5416.0,5417.0,5413.0,5413.5,1000.0
14/01/2026 16:05,5413.0,5414.0,5409.0,5410.0,1000.0
14/01/2026 16:10,5410.5,5411.5,5410.0,5411.0,1000.0
14/01/2026 16:15,5410.5,5412.0,5410.0,5412.0,1000.0
14/01/2026 16:20,5411.5,5414.0,5410.0,5413.0,1000.0
14/01/2026 16:25,5413.5,5420.0,5413.0,5418.5,1000.0
14/01/2026 16:30,5418.0,5425.5,5417.0,5422.5,1000.0
14/01/2026 16:35,5423.0,5424.0,5418.5,5419.0,1000.0
14/01/2026 16:40,5419.0,5421.5,5417.0,5421.5,1000.0
14/01/2026 16:45,5421.0,5422.5,5420.5,5421.5,1000.0
14/01/2026 16:50,5421.5,5422.0,5420.5,5421.0,1000.0
14/01/2026 16:55,5421.0,5423.0,5420.5,5422.5,1000.0
14/01/2026 17:00,5422.0,5423.5,5416.5,5421.0,1000.0
14/01/2026 17:05,5421.5,5421.5,5417.0,5418.0,1000.0
14/01/2026 17:10,5417.5,5418.0,5416.0,5417.0,1000.0
14/01/2026 17:15,5417.5,5418.0,5416.0,5416.0,1000.0
14/01/2026 17:20,5416.5,5418.5,5415.5,5418.0,1000.0
14/01/2026 17:25,5417.5,5421.0,5417.5,5418.5,1000.0
14/01/2026 17:30,5418.5,5419.0,5414.0,5416.0,1000.0
14/01/2026 17:35,5415.5,5416.0,5414.0,5415.0,1000.0
14/01/2026 17:40,5414.5,5415.0,5413.5,5414.5,1000.0
14/01/2026 17:45,5414.0,5415.0,5412.5,5413.0,1000.0
14/01/2026 17:50,5413.5,5414.0,5412.5,5414.0,1000.0
14/01/2026 17:55,5414.0,5416.0,5413.0,5414.0,1000.0
14/01/2026 18:00,5414.5,5415.0,5413.5,5414.5,1000.0
14/01/2026 18:05,5415.0,5416.5,5414.0,5416.0,1000.0
14/01/2026 18:10,5415.5,5416.5,5413.0,5414.5,1000.0
14/01/2026 18:15,5414.5,5415.5,5412.5,5413.0,1000.0
14/01/2026 18:20,5413.0,5416.0,5413.0,5415.0,1000.0
14/01/2026 18:25,5414.0,5419.0,5413.5,5419.0,1000.0
14/10/2025 09:00,5506.0,5523.5,5506.0,5521.0,1000.0
14/10/2025 09:05,5521.0,5527.0,5518.5,5523.5,1000.0
14/10/2025 09:10,5523.0,5532.5,5520.5,5532.5,1000.0
14/10/2025 09:15,5532.0,5538.5,5527.0,5527.5,1000.0
14/10/2025 09:20,5528.0,5528.0,5519.0,5519.5,1000.0
14/10/2025 09:25,5519.0,5522.5,5515.5,5516.0,1000.0
14/10/2025 09:30,5516.0,5517.0,5510.0,5513.5,1000.0
14/10/2025 09:35,5513.5,5515.5,5512.0,5515.5,1000.0
14/10/2025 09:40,5515.5,5521.5,5514.5,5520.5,1000.0
14/10/2025 09:45,5520.5,5529.5,5518.0,5527.5,1000.0
14/10/2025 09:50,5527.5,5527.5,5522.5,5525.5,1000.0
14/10/2025 09:55,5525.5,5528.5,5522.0,5525.5,1000.0
14/10/2025 10:00,5525.5,5528.5,5521.5,5522.0,1000.0
14/10/2025 10:05,5522.0,5527.5,5520.0,5527.0,1000.0
14/10/2025 10:10,5527.0,5530.0,5524.5,5525.5,1000.0
14/10/2025 10:15,5526.0,5530.0,5521.5,5529.0,1000.0
14/10/2025 10:20,5529.5,5530.0,5525.5,5528.5,1000.0
14/10/2025 10:25,5528.5,5533.0,5527.0,5530.0,1000.0
14/10/2025 10:30,5530.5,5531.5,5523.0,5524.0,1000.0
14/10/2025 10:35,5524.0,5528.5,5523.0,5528.5,1000.0
14/10/2025 10:40,5528.0,5537.0,5527.0,5536.0,1000.0
14/10/2025 10:45,5536.5,5539.5,5533.5,5539.0,1000.0
14/10/2025 10:50,5539.0,5543.0,5534.0,5534.5,1000.0
14/10/2025 10:55,5534.5,5535.0,5530.5,5531.5,1000.0
14/10/2025 11:00,5531.5,5532.5,5526.5,5532.0,1000.0
14/10/2025 11:05,5532.0,5535.0,5529.0,5530.0,1000.0
14/10/2025 11:10,5530.0,5534.5,5526.5,5532.5,1000.0
14/10/2025 11:15,5532.5,5533.0,5524.0,5528.5,1000.0
14/10/2025 11:20,5529.0,5529.5,5522.0,5523.5,1000.0
14/10/2025 11:25,5523.5,5524.5,5521.5,5524.0,1000.0
14/10/2025 11:30,5524.5,5525.5,5518.0,5519.0,1000.0
14/10/2025 11:35,5519.0,5521.5,5515.5,5519.5,1000.0
14/10/2025 11:40,5519.0,5522.5,5515.5,5522.5,1000.0
14/10/2025 11:45,5522.0,5522.5,5517.5,5520.5,1000.0
14/10/2025 11:50,5521.0,5523.5,5520.5,5521.0,1000.0
14/10/2025 11:55,5521.0,5526.0,5520.5,5523.5,1000.0
14/10/2025 12:00,5524.0,5526.0,5522.0,5522.5,1000.0
14/10/2025 12:05,5522.5,5528.5,5520.5,5527.0,1000.0
14/10/2025 12:10,5526.5,5529.0,5525.0,5525.0,1000.0
14/10/2025 12:15,5525.5,5527.5,5524.0,5527.5,1000.0
14/10/2025 12:20,5527.5,5530.0,5526.5,5529.5,1000.0
14/10/2025 12:25,5530.0,5531.0,5528.0,5530.0,1000.0
14/10/2025 12:30,5530.5,5531.0,5525.0,5525.5,1000.0
14/10/2025 12:35,5526.0,5528.0,5523.0,5527.0,1000.0
14/10/2025 12:40,5527.0,5527.5,5520.5,5521.5,1000.0
14/10/2025 12:45,5521.0,5521.5,5511.0,5512.5,1000.0
14/10/2025 12:50,5512.5,5513.5,5501.5,5503.0,1000.0
14/10/2025 12:55,5503.0,5504.0,5500.5,5504.0,1000.0
14/10/2025 13:00,5503.5,5504.0,5500.0,5502.0,1000.0
14/10/2025 13:05,5501.5,5509.5,5501.5,5506.5,1000.0
14/10/2025 13:10,5506.5,5512.5,5504.5,5509.0,1000.0
14/10/2025 13:15,5509.0,5510.5,5501.0,5501.5,1000.0
14/10/2025 13:20,5501.5,5503.5,5496.0,5503.0,1000.0
14/10/2025 13:25,5503.0,5504.0,5500.0,5501.0,1000.0
14/10/2025 13:30,5501.0,5505.0,5499.0,5503.5,1000.0
14/10/2025 13:35,5504.0,5504.0,5496.5,5497.0,1000.0
14/10/2025 13:40,5497.0,5497.5,5493.0,5493.5,1000.0
14/10/2025 13:45,5493.5,5493.5,5485.5,5491.5,1000.0
14/10/2025 13:50,5491.0,5492.5,5486.0,5487.5,1000.0
14/10/2025 13:55,5487.0,5493.5,5486.5,5493.0,1000.0
14/10/2025 14:00,5492.5,5494.5,5491.5,5492.0,1000.0
14/10/2025 14:05,5492.0,5493.5,5490.5,5493.0,1000.0
14/10/2025 14:10,5492.5,5494.0,5488.0,5493.5,1000.0
14/10/2025 14:15,5494.0,5496.5,5492.0,5496.0,1000.0
14/10/2025 14:20,5496.0,5496.5,5491.0,5491.5,1000.0
14/10/2025 14:25,5491.5,5494.0,5488.5,5493.0,1000.0
14/10/2025 14:30,5493.0,5494.5,5491.0,5493.5,1000.0
14/10/2025 14:35,5494.0,5494.5,5488.5,5491.0,1000.0
14/10/2025 14:40,5491.0,5492.5,5490.5,5491.0,1000.0
14/10/2025 14:45,5491.0,5494.0,5490.5,5491.5,1000.0
14/10/2025 14:50,5491.5,5493.0,5488.0,5488.5,1000.0
14/10/2025 14:55,5489.0,5489.0,5484.0,5485.0,1000.0
14/10/2025 15:00,5485.5,5486.5,5483.0,5484.5,1000.0
14/10/2025 15:05,5485.0,5485.0,5481.5,5483.5,1000.0
14/10/2025 15:10,5483.5,5484.0,5480.5,5483.5,1000.0
14/10/2025 15:15,5484.0,5488.5,5483.0,5486.0,1000.0
14/10/2025 15:20,5485.5,5488.0,5484.5,5487.5,1000.0
14/10/2025 15:25,5487.0,5489.0,5486.5,5488.5,1000.0
14/10/2025 15:30,5489.0,5490.0,5487.5,5489.0,1000.0
14/10/2025 15:35,5489.5,5490.5,5487.5,5489.0,1000.0
14/10/2025 15:40,5488.5,5492.5,5488.5,5491.0,1000.0
14/10/2025 15:45,5491.0,5492.0,5487.0,5489.0,1000.0
14/10/2025 15:50,5489.0,5491.0,5488.0,5488.0,1000.0
14/10/2025 15:55,5488.5,5490.0,5488.0,5489.5,1000.0
14/10/2025 16:00,5489.5,5490.0,5487.5,5487.5,1000.0
14/10/2025 16:05,5488.0,5489.5,5486.5,5488.5,1000.0
14/10/2025 16:10,5488.5,5490.5,5488.0,5490.5,1000.0
14/10/2025 16:15,5490.0,5490.5,5488.5,5489.5,1000.0
14/10/2025 16:20,5489.5,5490.0,5488.0,5488.5,1000.0
14/10/2025 16:25,5488.5,5490.5,5488.5,5489.5,1000.0
14/10/2025 16:30,5489.5,5490.5,5489.0,5490.0,1000.0
14/10/2025 16:35,5490.0,5504.0,5489.5,5495.5,1000.0
14/10/2025 16:40,5495.0,5498.5,5492.5,5494.0,1000.0
14/10/2025 16:45,5494.5,5495.5,5492.0,5493.0,1000.0
14/10/2025 16:50,5492.5,5495.0,5491.5,5494.0,1000.0
14/10/2025 16:55,5494.5,5496.5,5493.0,5493.5,1000.0
14/10/2025 17:00,5493.5,5495.5,5493.0,5495.0,1000.0
14/10/2025 17:05,5495.0,5499.0,5494.5,5498.0,1000.0
14/10/2025 17:10,5498.0,5500.5,5498.0,5499.5,1000.0
14/10/2025 17:15,5500.0,5500.0,5497.5,5498.5,1000.0
14/10/2025 17:20,5498.5,5500.5,5498.0,5499.5,1000.0
14/10/2025 17:25,5500.0,5501.0,5498.5,5500.0,1000.0
14/10/2025 17:30,5500.5,5503.5,5500.0,5502.0,1000.0
14/10/2025 17:35,5502.5,5505.0,5502.0,5504.5,1000.0
14/10/2025 17:40,5504.5,5508.0,5504.0,5506.5,1000.0
14/10/2025 17:45,5507.0,5507.0,5503.0,5503.5,1000.0
14/10/2025 17:50,5503.0,5509.5,5503.0,5506.5,1000.0
14/10/2025 17:55,5506.5,5509.0,5504.0,5505.5,1000.0
14/10/2025 18:00,5505.5,5509.0,5505.0,5506.0,1000.0
14/10/2025 18:05,5506.0,5506.5,5504.5,5505.5,1000.0
14/10/2025 18:10,5505.0,5506.0,5503.0,5503.0,1000.0
14/10/2025 18:15,5503.0,5506.0,5502.0,5503.0,1000.0
14/10/2025 18:20,5503.5,5508.0,5503.0,5507.0,1000.0
14/10/2025 18:25,5507.0,5509.5,5500.5,5500.5,1000.0
14/11/2025 09:00,5325.0,5329.5,5318.0,5328.0,1000.0
14/11/2025 09:05,5327.5,5331.0,5324.0,5330.0,1000.0
14/11/2025 09:10,5330.5,5332.0,5323.5,5325.0,1000.0
14/11/2025 09:15,5324.5,5332.0,5323.5,5332.0,1000.0
14/11/2025 09:20,5331.5,5333.5,5330.5,5332.5,1000.0
14/11/2025 09:25,5332.5,5333.0,5323.5,5324.0,1000.0
14/11/2025 09:30,5324.0,5326.0,5320.5,5323.5,1000.0
14/11/2025 09:35,5323.5,5324.5,5318.5,5320.5,1000.0
14/11/2025 09:40,5320.0,5320.5,5316.5,5319.0,1000.0
14/11/2025 09:45,5319.0,5319.5,5312.0,5313.5,1000.0
14/11/2025 09:50,5313.0,5316.5,5311.0,5313.0,1000.0
14/11/2025 09:55,5313.0,5316.0,5311.5,5313.0,1000.0
14/11/2025 10:00,5313.5,5320.0,5313.0,5316.0,1000.0
14/11/2025 10:05,5315.5,5319.0,5314.0,5319.0,1000.0
14/11/2025 10:10,5319.0,5319.5,5314.5,5317.5,1000.0
14/11/2025 10:15,5317.5,5321.0,5314.0,5321.0,1000.0
14/11/2025 10:20,5321.0,5327.5,5319.0,5326.0,1000.0
14/11/2025 10:25,5326.0,5327.5,5323.0,5324.5,1000.0
14/11/2025 10:30,5324.0,5325.5,5321.5,5325.5,1000.0
14/11/2025 10:35,5325.5,5327.5,5324.0,5326.0,1000.0
14/11/2025 10:40,5326.0,5328.5,5325.0,5325.5,1000.0
14/11/2025 10:45,5325.5,5327.0,5324.5,5326.5,1000.0
14/11/2025 10:50,5326.0,5327.0,5324.0,5326.0,1000.0
14/11/2025 10:55,5325.5,5326.0,5319.5,5323.0,1000.0
14/11/2025 11:00,5322.5,5329.0,5322.5,5326.5,1000.0
14/11/2025 11:05,5326.0,5327.0,5324.5,5325.0,1000.0
14/11/2025 11:10,5324.5,5325.5,5319.5,5321.0,1000.0
14/11/2025 11:15,5321.5,5321.5,5315.0,5315.5,1000.0
14/11/2025 11:20,5315.5,5318.0,5313.5,5314.5,1000.0
14/11/2025 11:25,5314.0,5315.5,5309.5,5310.0,1000.0
14/11/2025 11:30,5310.0,5317.0,5309.0,5314.0,1000.0
14/11/2025 11:35,5314.0,5315.5,5307.5,5312.5,1000.0
14/11/2025 11:40,5312.0,5314.0,5310.0,5310.0,1000.0
14/11/2025 11:45,5310.0,5310.5,5303.5,5305.5,1000.0
14/11/2025 11:50,5306.0,5308.5,5302.5,5304.5,1000.0
14/11/2025 11:55,5304.5,5305.5,5302.0,5305.5,1000.0
14/11/2025 12:00,5305.5,5307.5,5303.0,5307.5,1000.0
14/11/2025 12:05,5307.5,5309.5,5303.0,5303.5,1000.0
14/11/2025 12:10,5303.0,5304.0,5298.0,5300.5,1000.0
14/11/2025 12:15,5301.0,5301.0,5297.5,5299.0,1000.0
14/11/2025 12:20,5299.0,5299.5,5293.0,5298.5,1000.0
14/11/2025 12:25,5298.5,5300.0,5295.5,5296.0,1000.0
14/11/2025 12:30,5296.5,5298.5,5293.0,5294.5,1000.0
14/11/2025 12:35,5294.0,5296.0,5293.0,5293.5,1000.0
14/11/2025 12:40,5293.5,5296.0,5293.0,5293.5,1000.0
14/11/2025 12:45,5293.5,5294.5,5289.0,5291.0,1000.0
14/11/2025 12:50,5291.5,5296.0,5291.0,5295.0,1000.0
14/11/2025 12:55,5294.5,5295.0,5290.0,5290.0,1000.0
14/11/2025 13:00,5290.5,5296.0,5289.5,5295.0,1000.0
14/11/2025 13:05,5295.5,5296.5,5293.0,5293.0,1000.0
14/11/2025 13:10,5293.0,5295.0,5292.5,5292.5,1000.0
14/11/2025 13:15,5292.5,5294.0,5292.0,5292.5,1000.0
14/11/2025 13:20,5292.5,5295.0,5292.0,5294.5,1000.0
14/11/2025 13:25,5295.0,5297.0,5294.0,5296.5,1000.0
14/11/2025 13:30,5296.0,5299.0,5295.5,5298.5,1000.0
14/11/2025 13:35,5298.0,5301.0,5298.0,5300.0,1000.0
14/11/2025 13:40,5300.0,5303.5,5299.5,5302.0,1000.0
14/11/2025 13:45,5302.5,5302.5,5300.0,5300.0,1000.0
14/11/2025 13:50,5300.0,5301.5,5298.5,5299.5,1000.0
14/11/2025 13:55,5299.5,5303.5,5299.5,5303.5,1000.0
14/11/2025 14:00,5303.5,5303.5,5301.0,5301.0,1000.0
14/11/2025 14:05,5301.5,5304.0,5297.5,5299.0,1000.0
14/11/2025 14:10,5298.5,5299.5,5297.5,5299.5,1000.0
14/11/2025 14:15,5299.5,5299.5,5297.5,5298.0,1000.0
14/11/2025 14:20,5298.5,5300.0,5298.0,5299.0,1000.0
14/11/2025 14:25,5299.0,5300.0,5298.5,5299.0,1000.0
14/11/2025 14:30,5299.5,5301.5,5299.5,5300.5,1000.0
14/11/2025 14:35,5300.5,5301.0,5295.5,5296.5,1000.0
14/11/2025 14:40,5296.5,5298.5,5296.0,5297.0,1000.0
14/11/2025 14:45,5297.5,5299.0,5296.0,5298.5,1000.0
14/11/2025 14:50,5298.0,5300.5,5297.5,5300.0,1000.0
14/11/2025 14:55,5300.0,5300.5,5298.0,5299.0,1000.0
14/11/2025 15:00,5299.5,5307.0,5299.5,5305.5,1000.0
14/11/2025 15:05,5305.5,5308.0,5304.5,5304.5,1000.0
14/11/2025 15:10,5305.0,5309.5,5304.0,5307.5,1000.0
14/11/2025 15:15,5307.5,5312.5,5307.5,5311.0,1000.0
14/11/2025 15:20,5310.5,5313.5,5310.0,5310.0,1000.0
14/11/2025 15:25,5310.0,5311.5,5309.5,5310.0,1000.0
14/11/2025 15:30,5310.5,5312.5,5309.0,5311.5,1000.0
14/11/2025 15:35,5311.5,5312.5,5310.0,5312.5,1000.0
14/11/2025 15:40,5312.0,5312.5,5310.0,5310.5,1000.0
14/11/2025 15:45,5310.5,5315.0,5309.5,5314.5,1000.0
14/11/2025 15:50,5314.0,5314.5,5311.5,5312.0,1000.0
14/11/2025 15:55,5312.5,5315.0,5312.0,5314.0,1000.0
14/11/2025 16:00,5314.5,5315.0,5312.5,5314.5,1000.0
14/11/2025 16:05,5314.5,5315.5,5313.5,5314.5,1000.0
14/11/2025 16:10,5314.5,5316.0,5313.5,5315.0,1000.0
14/11/2025 16:15,5315.0,5317.0,5314.5,5316.5,1000.0
14/11/2025 16:20,5316.0,5316.0,5314.0,5315.5,1000.0
14/11/2025 16:25,5315.5,5317.0,5315.0,5315.0,1000.0
14/11/2025 16:30,5315.5,5315.5,5312.5,5312.5,1000.0
14/11/2025 16:35,5312.5,5314.0,5312.5,5313.5,1000.0
14/11/2025 16:40,5313.5,5314.0,5312.5,5313.0,1000.0
14/11/2025 16:45,5313.0,5314.0,5311.5,5314.0,1000.0
14/11/2025 16:50,5314.0,5314.0,5311.5,5312.5,1000.0
14/11/2025 16:55,5312.5,5313.5,5312.0,5312.5,1000.0
14/11/2025 17:00,5312.5,5314.0,5312.5,5313.5,1000.0
14/11/2025 17:05,5313.5,5314.0,5313.0,5313.0,1000.0
14/11/2025 17:10,5313.0,5313.5,5312.5,5313.5,1000.0
14/11/2025 17:15,5313.5,5316.0,5313.0,5316.0,1000.0
14/11/2025 17:20,5315.5,5317.0,5315.5,5316.0,1000.0
14/11/2025 17:25,5316.0,5316.5,5314.5,5314.5,1000.0
14/11/2025 17:30,5314.5,5315.0,5314.0,5314.5,1000.0
14/11/2025 17:35,5314.5,5316.0,5314.0,5315.5,1000.0
14/11/2025 17:40,5315.5,5316.5,5315.0,5316.5,1000.0
14/11/2025 17:45,5316.5,5316.5,5313.5,5315.0,1000.0
14/11/2025 17:50,5315.0,5315.0,5313.0,5314.5,1000.0
14/11/2025 17:55,5314.5,5314.5,5312.5,5313.0,1000.0
14/11/2025 18:00,5312.5,5315.0,5312.5,5315.0,1000.0
14/11/2025 18:05,5315.0,5315.0,5313.5,5314.0,1000.0
14/11/2025 18:10,5313.5,5316.5,5313.5,5316.5,1000.0
14/11/2025 18:15,5316.5,5318.0,5316.0,5317.5,1000.0
14/11/2025 18:20,5317.5,5318.5,5316.5,5318.0,1000.0
14/11/2025 18:25,5318.0,5319.0,5313.0,5313.0,1000.0
15/01/2026 09:00,5412.0,5412.0,5403.5,5405.0,1000.0
15/01/2026 09:05,5405.0,5406.5,5401.5,5403.0,1000.0
15/01/2026 09:10,5403.0,5407.0,5401.0,5405.5,1000.0
15/01/2026 09:15,5405.0,5408.0,5403.5,5404.0,1000.0
15/01/2026 09:20,5404.0,5406.0,5401.5,5405.0,1000.0
15/01/2026 09:25,5405.0,5410.5,5405.0,5405.5,1000.0
15/01/2026 09:30,5405.5,5406.5,5403.5,5404.0,1000.0
15/01/2026 09:35,5403.5,5409.0,5402.0,5406.5,1000.0
15/01/2026 09:40,5406.5,5406.5,5404.0,5405.0,1000.0
15/01/2026 09:45,5405.5,5407.0,5403.5,5406.0,1000.0
15/01/2026 09:50,5406.5,5406.5,5403.5,5404.0,1000.0
15/01/2026 09:55,5403.5,5408.5,5403.0,5403.5,1000.0
15/01/2026 10:00,5404.0,5406.0,5397.5,5402.0,1000.0
15/01/2026 10:05,5401.5,5407.0,5400.5,5400.5,1000.0
15/01/2026 10:10,5400.5,5403.0,5398.5,5401.5,1000.0
15/01/2026 10:15,5401.5,5401.5,5398.5,5399.5,1000.0
15/01/2026 10:20,5399.5,5407.5,5399.0,5406.5,1000.0
15/01/2026 10:25,5406.5,5414.5,5406.5,5410.5,1000.0
15/01/2026 10:30,5410.5,5414.5,5409.5,5412.5,1000.0
15/01/2026 10:35,5412.0,5416.5,5411.0,5416.0,1000.0
15/01/2026 10:40,5416.0,5421.0,5414.0,5420.0,1000.0
15/01/2026 10:45,5420.0,5423.5,5417.0,5417.5,1000.0
15/01/2026 10:50,5417.5,5419.5,5414.0,5417.0,1000.0
15/01/2026 10:55,5417.0,5422.0,5416.5,5418.0,1000.0
15/01/2026 11:00,5418.0,5419.5,5415.5,5417.0,1000.0
15/01/2026 11:05,5416.5,5417.0,5412.0,5414.0,1000.0
15/01/2026 11:10,5414.0,5417.0,5413.0,5415.0,1000.0
15/01/2026 11:15,5414.5,5417.0,5413.0,5413.0,1000.0
15/01/2026 11:20,5413.5,5413.5,5408.0,5409.5,1000.0
15/01/2026 11:25,5409.5,5410.0,5405.0,5410.0,1000.0
15/01/2026 11:30,5409.5,5415.0,5408.0,5414.0,1000.0
15/01/2026 11:35,5413.5,5415.0,5411.5,5414.5,1000.0
15/01/2026 11:40,5415.0,5418.0,5413.5,5416.5,1000.0
15/01/2026 11:45,5416.0,5416.5,5410.0,5410.0,1000.0
15/01/2026 11:50,5410.5,5412.0,5409.5,5410.0,1000.0
15/01/2026 11:55,5409.5,5413.0,5408.5,5409.0,1000.0
15/01/2026 12:00,5409.0,5409.5,5402.5,5405.5,1000.0
15/01/2026 12:05,5405.0,5405.5,5399.5,5401.5,1000.0
15/01/2026 12:10,5401.0,5405.5,5398.5,5405.5,1000.0
15/01/2026 12:15,5405.5,5406.0,5399.5,5401.0,1000.0
15/01/2026 12:20,5401.0,5402.5,5398.5,5400.5,1000.0
15/01/2026 12:25,5400.5,5403.0,5399.5,5400.0,1000.0
15/01/2026 12:30,5400.5,5403.0,5399.5,5402.5,1000.0
15/01/2026 12:35,5402.5,5404.0,5401.0,5402.0,1000.0
15/01/2026 12:40,5402.0,5404.5,5394.0,5397.0,1000.0
15/01/2026 12:45,5397.0,5399.5,5395.5,5396.0,1000.0
15/01/2026 12:50,5396.5,5396.5,5392.0,5395.0,1000.0
15/01/2026 12:55,5395.0,5395.0,5388.0,5388.5,1000.0
15/01/2026 13:00,5389.0,5392.0,5383.5,5391.5,1000.0
15/01/2026 13:05,5391.5,5393.0,5389.0,5392.5,1000.0
15/01/2026 13:10,5392.5,5392.5,5390.0,5390.0,1000.0
15/01/2026 13:15,5390.0,5392.5,5389.5,5392.5,1000.0
15/01/2026 13:20,5392.5,5392.5,5387.5,5389.5,1000.0
15/01/2026 13:25,5389.0,5391.0,5387.5,5388.0,1000.0
15/01/2026 13:30,5387.5,5388.5,5384.0,5386.5,1000.0
15/01/2026 13:35,5387.0,5387.0,5381.0,5383.0,1000.0
15/01/2026 13:40,5383.0,5385.5,5380.0,5380.5,1000.0
15/01/2026 13:45,5381.0,5383.0,5380.0,5382.5,1000.0
15/01/2026 13:50,5383.0,5384.0,5380.5,5382.0,1000.0
15/01/2026 13:55,5382.0,5383.0,5380.5,5382.0,1000.0
15/01/2026 14:00,5381.5,5382.0,5375.0,5375.5,1000.0
15/01/2026 14:05,5375.0,5381.5,5375.0,5380.0,1000.0
15/01/2026 14:10,5380.5,5381.0,5377.5,5379.5,1000.0
15/01/2026 14:15,5379.0,5381.5,5378.0,5381.0,1000.0
15/01/2026 14:20,5380.5,5383.5,5379.0,5382.5,1000.0
15/01/2026 14:25,5382.5,5383.5,5381.0,5381.5,1000.0
15/01/2026 14:30,5381.5,5383.5,5381.0,5381.5,1000.0
15/01/2026 14:35,5381.5,5384.0,5381.0,5381.0,1000.0
15/01/2026 14:40,5381.0,5382.5,5380.5,5381.0,1000.0
15/01/2026 14:45,5381.0,5383.0,5379.5,5382.5,1000.0
15/01/2026 14:50,5382.0,5384.5,5381.5,5383.5,1000.0
15/01/2026 14:55,5383.5,5384.5,5382.5,5383.0,1000.0
15/01/2026 15:00,5383.0,5383.5,5377.0,5378.5,1000.0
15/01/2026 15:05,5378.5,5379.5,5372.5,5373.5,1000.0
15/01/2026 15:10,5373.0,5380.5,5373.0,5380.0,1000.0
15/01/2026 15:15,5380.0,5382.5,5379.0,5381.0,1000.0
15/01/2026 15:20,5381.0,5382.0,5379.0,5381.5,1000.0
15/01/2026 15:25,5381.0,5382.0,5378.5,5379.5,1000.0
15/01/2026 15:30,5379.5,5382.0,5378.0,5381.5,1000.0
15/01/2026 15:35,5382.0,5382.0,5379.5,5380.5,1000.0
15/01/2026 15:40,5381.0,5382.0,5378.0,5379.0,1000.0
15/01/2026 15:45,5379.0,5380.0,5378.0,5379.5,1000.0
15/01/2026 15:50,5379.0,5380.5,5377.5,5380.0,1000.0
15/01/2026 15:55,5380.0,5380.0,5377.0,5378.0,1000.0
15/01/2026 16:00,5378.5,5381.5,5377.5,5381.5,1000.0
15/01/2026 16:05,5381.5,5381.5,5379.0,5380.0,1000.0
15/01/2026 16:10,5380.0,5380.5,5379.0,5380.0,1000.0
15/01/2026 16:15,5379.5,5381.0,5379.5,5380.5,1000.0
15/01/2026 16:20,5380.0,5381.0,5379.5,5380.0,1000.0
15/01/2026 16:25,5380.0,5380.5,5379.5,5380.0,1000.0
15/01/2026 16:30,5380.5,5384.5,5380.0,5383.0,1000.0
15/01/2026 16:35,5383.5,5386.0,5382.5,5384.0,1000.0
15/01/2026 16:40,5384.0,5387.5,5384.0,5386.0,1000.0
15/01/2026 16:45,5386.0,5388.0,5385.0,5388.0,1000.0
15/01/2026 16:50,5388.0,5388.5,5386.5,5388.5,1000.0
15/01/2026 16:55,5388.0,5389.0,5386.0,5386.0,1000.0
15/01/2026 17:00,5386.5,5389.0,5386.0,5387.0,1000.0
15/01/2026 17:05,5387.0,5388.5,5386.0,5388.0,1000.0
15/01/2026 17:10,5388.0,5389.5,5387.5,5388.5,1000.0
15/01/2026 17:15,5388.5,5389.0,5387.5,5389.0,1000.0
15/01/2026 17:20,5389.0,5389.5,5387.5,5388.0,1000.0
15/01/2026 17:25,5388.5,5388.5,5386.0,5386.5,1000.0
15/01/2026 17:30,5386.5,5388.5,5385.0,5387.5,1000.0
15/01/2026 17:35,5387.5,5389.0,5387.0,5388.5,1000.0
15/01/2026 17:40,5388.5,5389.0,5386.0,5386.5,1000.0
15/01/2026 17:45,5387.0,5390.0,5386.5,5389.5,1000.0
15/01/2026 17:50,5389.5,5391.5,5389.0,5391.0,1000.0
15/01/2026 17:55,5391.0,5391.5,5389.0,5389.5,1000.0
15/01/2026 18:00,5389.0,5390.5,5388.5,5390.0,1000.0
15/01/2026 18:05,5389.5,5390.5,5388.5,5390.0,1000.0
15/01/2026 18:10,5389.5,5390.0,5384.0,5385.5,1000.0
15/01/2026 18:15,5385.5,5389.0,5385.0,5388.0,1000.0
15/01/2026 18:20,5388.5,5390.5,5387.0,5389.5,1000.0
15/01/2026 18:25,5389.5,5390.5,5386.5,5386.5,1000.0
15/10/2025 09:00,5482.5,5486.0,5478.5,5484.0,1000.0
15/10/2025 09:05,5484.0,5487.5,5480.0,5485.5,1000.0
15/10/2025 09:10,5485.5,5492.5,5485.0,5488.5,1000.0
15/10/2025 09:15,5488.5,5493.5,5487.5,5490.0,1000.0
15/10/2025 09:20,5490.5,5491.5,5485.0,5487.5,1000.0
15/10/2025 09:25,5488.0,5489.5,5483.0,5489.0,1000.0
15/10/2025 09:30,5488.5,5491.0,5486.5,5487.5,1000.0
15/10/2025 09:35,5487.5,5491.5,5486.0,5488.0,1000.0
15/10/2025 09:40,5487.5,5491.0,5485.0,5486.5,1000.0
15/10/2025 09:45,5486.5,5490.0,5484.0,5484.0,1000.0
15/10/2025 09:50,5484.5,5487.0,5482.0,5484.5,1000.0
15/10/2025 09:55,5484.5,5487.5,5478.5,5479.0,1000.0
15/10/2025 10:00,5479.0,5483.5,5476.5,5481.0,1000.0
15/10/2025 10:05,5480.5,5481.0,5475.0,5478.0,1000.0
15/10/2025 10:10,5478.0,5478.0,5473.0,5477.0,1000.0
15/10/2025 10:15,5476.5,5481.0,5476.0,5480.0,1000.0
15/10/2025 10:20,5480.5,5483.5,5474.5,5474.5,1000.0
15/10/2025 10:25,5474.5,5476.5,5472.0,5472.0,1000.0
15/10/2025 10:30,5472.5,5472.5,5465.5,5467.5,1000.0
15/10/2025 10:35,5467.0,5471.0,5465.5,5470.0,1000.0
15/10/2025 10:40,5470.5,5475.0,5467.0,5472.5,1000.0
15/10/2025 10:45,5473.0,5475.5,5470.0,5474.0,1000.0
15/10/2025 10:50,5474.0,5475.0,5466.5,5471.0,1000.0
15/10/2025 10:55,5471.5,5472.0,5464.0,5466.5,1000.0
15/10/2025 11:00,5466.0,5468.5,5464.0,5466.5,1000.0
15/10/2025 11:05,5466.0,5469.5,5465.5,5467.0,1000.0
15/10/2025 11:10,5466.5,5467.5,5461.0,5464.5,1000.0
15/10/2025 11:15,5464.0,5469.0,5463.5,5468.0,1000.0
15/10/2025 11:20,5467.5,5470.5,5466.0,5469.5,1000.0
15/10/2025 11:25,5469.5,5470.0,5466.5,5468.5,1000.0
15/10/2025 11:30,5469.0,5470.0,5465.0,5468.0,1000.0
15/10/2025 11:35,5467.5,5469.5,5465.0,5468.5,1000.0
15/10/2025 11:40,5469.0,5471.5,5468.5,5471.5,1000.0
15/10/2025 11:45,5471.5,5471.5,5464.5,5466.0,1000.0
15/10/2025 11:50,5465.5,5466.5,5462.5,5463.0,1000.0
15/10/2025 11:55,5463.5,5464.0,5454.5,5456.0,1000.0
15/10/2025 12:00,5456.0,5462.5,5455.0,5462.5,1000.0
15/10/2025 12:05,5462.0,5466.0,5461.5,5463.0,1000.0
15/10/2025 12:10,5463.0,5465.0,5460.5,5464.5,1000.0
15/10/2025 12:15,5464.5,5467.0,5463.5,5465.0,1000.0
15/10/2025 12:20,5465.5,5466.5,5463.5,5464.5,1000.0
15/10/2025 12:25,5464.5,5465.0,5461.5,5463.5,1000.0
15/10/2025 12:30,5463.5,5464.0,5461.0,5463.5,1000.0
15/10/2025 12:35,5463.5,5465.0,5462.5,5464.0,1000.0
15/10/2025 12:40,5463.5,5465.0,5461.5,5461.5,1000.0
15/10/2025 12:45,5461.5,5466.5,5461.5,5466.5,1000.0
15/10/2025 12:50,5466.0,5469.0,5465.5,5466.5,1000.0
15/10/2025 12:55,5467.0,5467.5,5464.0,5464.5,1000.0
15/10/2025 13:00,5465.0,5469.0,5463.5,5468.0,1000.0
15/10/2025 13:05,5467.5,5469.5,5466.5,5467.5,1000.0
15/10/2025 13:10,5468.0,5469.5,5467.0,5468.5,1000.0
15/10/2025 13:15,5468.5,5470.0,5467.5,5469.5,1000.0
15/10/2025 13:20,5469.5,5472.5,5468.0,5469.0,1000.0
15/10/2025 13:25,5469.0,5469.5,5464.5,5466.0,1000.0
15/10/2025 13:30,5466.0,5469.0,5465.5,5468.0,1000.0
15/10/2025 13:35,5468.0,5469.0,5466.0,5467.5,1000.0
15/10/2025 13:40,5467.5,5468.0,5466.5,5467.0,1000.0
15/10/2025 13:45,5466.5,5467.5,5465.5,5466.5,1000.0
15/10/2025 13:50,5466.5,5466.5,5464.0,5464.0,1000.0
15/10/2025 13:55,5464.5,5468.5,5462.0,5468.0,1000.0
15/10/2025 14:00,5468.5,5479.0,5468.0,5475.5,1000.0
15/10/2025 14:05,5475.5,5483.0,5474.0,5478.0,1000.0
15/10/2025 14:10,5478.0,5489.5,5477.0,5488.0,1000.0
15/10/2025 14:15,5488.0,5490.0,5481.5,5483.0,1000.0
15/10/2025 14:20,5483.0,5486.0,5480.5,5483.5,1000.0
15/10/2025 14:25,5483.5,5484.0,5477.0,5481.0,1000.0
15/10/2025 14:30,5481.0,5482.5,5478.0,5478.5,1000.0
15/10/2025 14:35,5479.0,5479.5,5476.0,5476.5,1000.0
15/10/2025 14:40,5477.0,5478.0,5475.5,5478.0,1000.0
15/10/2025 14:45,5478.0,5478.0,5475.5,5476.5,1000.0
15/10/2025 14:50,5476.5,5478.5,5474.5,5477.0,1000.0
15/10/2025 14:55,5477.0,5478.5,5474.5,5476.5,1000.0
15/10/2025 15:00,5477.0,5478.5,5475.5,5476.5,1000.0
15/10/2025 15:05,5476.5,5477.5,5475.0,5475.5,1000.0
15/10/2025 15:10,5476.0,5477.0,5473.0,5475.0,1000.0
15/10/2025 15:15,5475.5,5476.5,5474.0,5476.0,1000.0
15/10/2025 15:20,5476.0,5476.0,5471.0,5474.0,1000.0
15/10/2025 15:25,5474.5,5475.5,5472.0,5474.5,1000.0
15/10/2025 15:30,5474.5,5477.0,5474.0,5475.0,1000.0
15/10/2025 15:35,5475.0,5476.5,5474.0,5476.0,1000.0
15/10/2025 15:40,5476.5,5476.5,5473.0,5473.0,1000.0
15/10/2025 15:45,5473.0,5477.0,5473.0,5476.0,1000.0
15/10/2025 15:50,5476.0,5477.0,5474.5,5477.0,1000.0
15/10/2025 15:55,5477.0,5479.0,5476.5,5479.0,1000.0
15/10/2025 16:00,5479.0,5481.0,5478.5,5479.5,1000.0
15/10/2025 16:05,5479.0,5480.5,5478.5,5479.0,1000.0
15/10/2025 16:10,5479.0,5480.0,5477.5,5478.0,1000.0
15/10/2025 16:15,5477.5,5478.5,5475.5,5475.5,1000.0
15/10/2025 16:20,5475.5,5477.0,5475.5,5476.5,1000.0
15/10/2025 16:25,5476.5,5478.5,5476.0,5478.0,1000.0
15/10/2025 16:30,5477.5,5480.0,5477.5,5478.5,1000.0
15/10/2025 16:35,5479.0,5483.0,5478.5,5482.0,1000.0
15/10/2025 16:40,5482.0,5483.0,5481.5,5481.5,1000.0
15/10/2025 16:45,5481.5,5482.5,5480.0,5480.5,1000.0
15/10/2025 16:50,5481.0,5485.0,5481.0,5484.5,1000.0
15/10/2025 16:55,5485.0,5485.0,5483.0,5484.0,1000.0
15/10/2025 17:00,5484.0,5484.5,5483.0,5483.5,1000.0
15/10/2025 17:05,5483.5,5485.0,5483.0,5483.0,1000.0
15/10/2025 17:10,5483.0,5484.0,5480.5,5481.5,1000.0
15/10/2025 17:15,5481.0,5481.5,5477.0,5480.5,1000.0
15/10/2025 17:20,5480.0,5481.0,5477.0,5477.5,1000.0
15/10/2025 17:25,5477.0,5480.0,5476.0,5480.0,1000.0
15/10/2025 17:30,5479.5,5481.0,5476.0,5479.5,1000.0
15/10/2025 17:35,5479.5,5479.5,5476.5,5477.5,1000.0
15/10/2025 17:40,5477.0,5478.0,5475.0,5477.5,1000.0
15/10/2025 17:45,5477.5,5477.5,5475.0,5476.0,1000.0
15/10/2025 17:50,5476.0,5478.5,5475.0,5475.0,1000.0
15/10/2025 17:55,5475.0,5477.5,5475.0,5476.5,1000.0
15/10/2025 18:00,5476.5,5477.0,5474.0,5475.0,1000.0
15/10/2025 18:05,5475.0,5475.0,5469.5,5473.5,1000.0
15/10/2025 18:10,5473.5,5474.5,5472.0,5473.5,1000.0
15/10/2025 18:15,5473.5,5475.5,5473.0,5474.0,1000.0
15/10/2025 18:20,5473.5,5476.5,5473.0,5473.5,1000.0
15/10/2025 18:25,5473.5,5475.0,5472.5,5475.0,1000.0
15/12/2025 09:00,5420.0,5424.5,5414.5,5420.5,1000.0
15/12/2025 09:05,5420.5,5421.0,5415.5,5419.0,1000.0
15/12/2025 09:10,5419.0,5421.0,5416.0,5419.5,1000.0
15/12/2025 09:15,5419.5,5423.0,5418.0,5421.5,1000.0
15/12/2025 09:20,5421.0,5424.5,5418.5,5424.0,1000.0
15/12/2025 09:25,5424.0,5430.5,5423.5,5428.5,1000.0
15/12/2025 09:30,5429.0,5429.0,5419.5,5421.5,1000.0
15/12/2025 09:35,5421.0,5422.0,5415.0,5415.5,1000.0
15/12/2025 09:40,5416.0,5416.0,5410.0,5413.0,1000.0
15/12/2025 09:45,5413.0,5414.5,5410.5,5410.5,1000.0
15/12/2025 09:50,5410.5,5414.0,5409.0,5413.5,1000.0
15/12/2025 09:55,5414.0,5414.0,5404.5,5406.5,1000.0
15/12/2025 10:00,5406.0,5406.5,5399.0,5404.0,1000.0
15/12/2025 10:05,5403.5,5408.0,5403.5,5406.5,1000.0
15/12/2025 10:10,5406.5,5407.5,5404.0,5405.5,1000.0
15/12/2025 10:15,5406.0,5410.5,5405.5,5408.5,1000.0
15/12/2025 10:20,5408.0,5411.0,5406.5,5409.0,1000.0
15/12/2025 10:25,5409.0,5411.0,5407.5,5407.5,1000.0
15/12/2025 10:30,5407.5,5408.5,5403.5,5404.5,1000.0
15/12/2025 10:35,5404.0,5409.0,5403.5,5407.5,1000.0
15/12/2025 10:40,5407.5,5408.5,5405.0,5406.5,1000.0
15/12/2025 10:45,5406.0,5406.0,5400.0,5401.5,1000.0
15/12/2025 10:50,5401.0,5407.0,5400.5,5405.5,1000.0
15/12/2025 10:55,5405.5,5409.5,5405.5,5408.5,1000.0
15/12/2025 11:00,5408.5,5410.0,5406.0,5409.0,1000.0
15/12/2025 11:05,5409.5,5414.0,5407.0,5413.5,1000.0
15/12/2025 11:10,5413.0,5414.0,5408.5,5413.5,1000.0
15/12/2025 11:15,5413.5,5415.0,5412.0,5413.0,1000.0
15/12/2025 11:20,5413.0,5415.0,5411.0,5413.5,1000.0
15/12/2025 11:25,5414.0,5414.5,5412.0,5414.0,1000.0
15/12/2025 11:30,5414.5,5420.0,5412.5,5419.5,1000.0
15/12/2025 11:35,5420.0,5420.0,5412.0,5418.0,1000.0
15/12/2025 11:40,5418.0,5423.5,5416.0,5421.0,1000.0
15/12/2025 11:45,5421.5,5424.0,5419.5,5422.5,1000.0
15/12/2025 11:50,5422.0,5428.5,5421.0,5427.5,1000.0
15/12/2025 11:55,5427.5,5430.0,5424.0,5425.0,1000.0
15/12/2025 12:00,5424.5,5425.5,5418.5,5421.5,1000.0
15/12/2025 12:05,5421.5,5426.0,5417.0,5424.0,1000.0
15/12/2025 12:10,5424.5,5427.0,5423.0,5425.0,1000.0
15/12/2025 12:15,5425.0,5430.0,5423.0,5429.5,1000.0
15/12/2025 12:20,5429.5,5430.0,5423.5,5425.5,1000.0
15/12/2025 12:25,5426.0,5431.0,5425.0,5429.5,1000.0
15/12/2025 12:30,5429.5,5431.0,5423.5,5425.0,1000.0
15/12/2025 12:35,5425.0,5429.5,5423.5,5427.0,1000.0
15/12/2025 12:40,5427.0,5428.5,5424.0,5425.5,1000.0
15/12/2025 12:45,5425.0,5425.5,5421.5,5422.5,1000.0
15/12/2025 12:50,5422.5,5423.0,5419.0,5420.5,1000.0
15/12/2025 12:55,5420.0,5423.5,5418.5,5420.5,1000.0
15/12/2025 13:00,5420.5,5421.0,5415.5,5416.0,1000.0
15/12/2025 13:05,5416.0,5420.5,5415.0,5416.5,1000.0
15/12/2025 13:10,5416.5,5418.0,5414.5,5417.0,1000.0
15/12/2025 13:15,5417.0,5417.5,5413.5,5414.0,1000.0
15/12/2025 13:20,5413.5,5417.0,5413.0,5414.5,1000.0
15/12/2025 13:25,5415.0,5415.5,5412.5,5414.5,1000.0
15/12/2025 13:30,5414.0,5421.0,5413.5,5420.5,1000.0
15/12/2025 13:35,5420.0,5423.0,5419.0,5420.5,1000.0
15/12/2025 13:40,5420.5,5424.0,5420.0,5423.0,1000.0
15/12/2025 13:45,5422.5,5423.5,5421.5,5422.0,1000.0
15/12/2025 13:50,5422.0,5426.0,5420.5,5424.5,1000.0
15/12/2025 13:55,5424.5,5427.5,5423.5,5425.0,1000.0
15/12/2025 14:00,5425.0,5426.5,5423.5,5425.0,1000.0
15/12/2025 14:05,5424.5,5425.0,5422.5,5423.0,1000.0
15/12/2025 14:10,5423.0,5424.5,5422.5,5424.5,1000.0
15/12/2025 14:15,5424.5,5427.0,5424.0,5424.5,1000.0
15/12/2025 14:20,5424.5,5428.5,5424.0,5428.0,1000.0
15/12/2025 14:25,5427.5,5428.5,5426.0,5427.0,1000.0
15/12/2025 14:30,5427.5,5429.5,5425.5,5429.0,1000.0
15/12/2025 14:35,5428.5,5431.0,5428.0,5428.5,1000.0
15/12/2025 14:40,5429.0,5430.5,5428.5,5430.0,1000.0
15/12/2025 14:45,5429.5,5433.0,5429.0,5432.5,1000.0
15/12/2025 14:50,5432.5,5435.5,5432.0,5433.0,1000.0
15/12/2025 14:55,5433.0,5434.5,5432.0,5434.0,1000.0
15/12/2025 15:00,5433.5,5435.0,5431.5,5433.0,1000.0
15/12/2025 15:05,5433.0,5436.5,5432.0,5435.5,1000.0
15/12/2025 15:10,5435.5,5436.5,5433.5,5436.0,1000.0
15/12/2025 15:15,5435.5,5436.5,5434.5,5435.5,1000.0
15/12/2025 15:20,5435.5,5437.0,5434.5,5436.5,1000.0
15/12/2025 15:25,5436.0,5444.0,5436.0,5442.0,1000.0
15/12/2025 15:30,5442.0,5443.0,5438.0,5440.5,1000.0
15/12/2025 15:35,5440.0,5442.5,5437.5,5439.0,1000.0
15/12/2025 15:40,5439.5,5439.5,5437.0,5438.5,1000.0
15/12/2025 15:45,5439.0,5441.0,5437.0,5438.5,1000.0
15/12/2025 15:50,5438.5,5441.5,5438.0,5441.5,1000.0
15/12/2025 15:55,5441.5,5442.5,5439.0,5442.0,1000.0
15/12/2025 16:00,5442.0,5442.5,5440.0,5441.0,1000.0
15/12/2025 16:05,5441.0,5444.0,5439.0,5443.0,1000.0
15/12/2025 16:10,5443.0,5443.5,5440.5,5441.0,1000.0
15/12/2025 16:15,5441.0,5443.0,5439.5,5440.5,1000.0
15/12/2025 16:20,5441.0,5442.0,5440.0,5440.5,1000.0
15/12/2025 16:25,5440.5,5442.0,5440.0,5440.0,1000.0
15/12/2025 16:30,5440.5,5441.0,5439.5,5440.5,1000.0
15/12/2025 16:35,5440.5,5440.5,5439.5,5440.0,1000.0
15/12/2025 16:40,5439.5,5441.0,5439.0,5440.5,1000.0
15/12/2025 16:45,5440.5,5441.0,5438.0,5439.0,1000.0
15/12/2025 16:50,5439.0,5439.5,5438.0,5439.5,1000.0
15/12/2025 16:55,5439.0,5439.5,5437.5,5439.5,1000.0
15/12/2025 17:00,5439.5,5441.5,5438.5,5438.5,1000.0
15/12/2025 17:05,5438.5,5439.0,5437.0,5437.5,1000.0
15/12/2025 17:10,5437.0,5438.5,5436.5,5437.5,1000.0
15/12/2025 17:15,5438.0,5438.5,5437.0,5438.5,1000.0
15/12/2025 17:20,5438.0,5438.5,5436.5,5437.5,1000.0
15/12/2025 17:25,5438.0,5439.0,5437.0,5438.0,1000.0
15/12/2025 17:30,5438.0,5438.5,5435.0,5435.0,1000.0
15/12/2025 17:35,5435.0,5436.0,5433.0,5433.5,1000.0
15/12/2025 17:40,5433.5,5437.5,5433.0,5436.5,1000.0
15/12/2025 17:45,5436.5,5437.0,5435.5,5436.5,1000.0
15/12/2025 17:50,5436.0,5438.5,5436.0,5437.5,1000.0
15/12/2025 17:55,5437.0,5438.0,5436.5,5438.0,1000.0
15/12/2025 18:00,5438.0,5440.5,5438.0,5438.0,1000.0
15/12/2025 18:05,5438.0,5440.0,5437.5,5439.5,1000.0
15/12/2025 18:10,5440.0,5440.0,5437.5,5437.5,1000.0
15/12/2025 18:15,5437.5,5438.0,5435.0,5436.5,1000.0
15/12/2025 18:20,5436.0,5437.0,5435.0,5435.5,1000.0
15/12/2025 18:25,5435.5,5436.5,5431.5,5433.5,1000.0
16/01/2026 09:00,5385.5,5393.0,5385.0,5390.0,1000.0
16/01/2026 09:05,5390.0,5393.0,5388.0,5391.0,1000.0
16/01/2026 09:10,5390.5,5391.5,5382.0,5383.0,1000.0
16/01/2026 09:15,5383.0,5387.5,5381.5,5387.5,1000.0
16/01/2026 09:20,5387.5,5392.5,5387.0,5391.5,1000.0
16/01/2026 09:25,5391.5,5393.0,5390.0,5391.5,1000.0
16/01/2026 09:30,5391.5,5395.0,5390.0,5393.5,1000.0
16/01/2026 09:35,5393.0,5395.0,5390.5,5390.5,1000.0
16/01/2026 09:40,5390.5,5392.0,5387.0,5388.5,1000.0
16/01/2026 09:45,5389.0,5394.0,5388.5,5393.0,1000.0
16/01/2026 09:50,5393.0,5396.0,5392.0,5396.0,1000.0
16/01/2026 09:55,5395.5,5397.0,5391.0,5391.5,1000.0
16/01/2026 10:00,5392.0,5394.0,5388.5,5390.5,1000.0
16/01/2026 10:05,5390.5,5392.0,5385.5,5389.0,1000.0
16/01/2026 10:10,5389.0,5392.5,5386.5,5390.0,1000.0
16/01/2026 10:15,5389.5,5390.5,5385.0,5388.0,1000.0
16/01/2026 10:20,5387.5,5390.0,5386.0,5389.0,1000.0
16/01/2026 10:25,5389.5,5392.0,5388.0,5388.5,1000.0
16/01/2026 10:30,5389.0,5391.0,5387.0,5387.5,1000.0
16/01/2026 10:35,5387.5,5391.0,5386.0,5389.5,1000.0
16/01/2026 10:40,5389.5,5391.5,5387.0,5390.5,1000.0
16/01/2026 10:45,5391.0,5394.5,5390.0,5392.5,1000.0
16/01/2026 10:50,5393.0,5393.5,5390.5,5392.0,1000.0
16/01/2026 10:55,5392.0,5395.5,5391.5,5395.0,1000.0
16/01/2026 11:00,5395.0,5400.0,5394.0,5397.0,1000.0
16/01/2026 11:05,5397.0,5399.0,5396.5,5398.5,1000.0
16/01/2026 11:10,5398.5,5401.0,5396.5,5399.0,1000.0
16/01/2026 11:15,5399.0,5402.0,5398.0,5399.5,1000.0
16/01/2026 11:20,5400.0,5407.5,5399.0,5404.0,1000.0
16/01/2026 11:25,5404.5,5407.5,5403.5,5406.5,1000.0
16/01/2026 11:30,5406.5,5413.0,5406.5,5407.0,1000.0
16/01/2026 11:35,5407.0,5408.0,5403.0,5405.5,1000.0
16/01/2026 11:40,5406.0,5406.5,5401.0,5402.0,1000.0
16/01/2026 11:45,5402.5,5403.0,5399.0,5401.0,1000.0
16/01/2026 11:50,5401.0,5402.0,5399.0,5400.5,1000.0
16/01/2026 11:55,5401.0,5402.0,5399.5,5401.5,1000.0
16/01/2026 12:00,5401.5,5402.0,5398.5,5399.0,1000.0
16/01/2026 12:05,5399.5,5403.5,5399.0,5400.5,1000.0
16/01/2026 12:10,5401.0,5402.0,5398.5,5399.5,1000.0
16/01/2026 12:15,5399.5,5403.0,5395.0,5397.0,1000.0
16/01/2026 12:20,5397.0,5401.5,5391.0,5399.0,1000.0
16/01/2026 12:25,5398.5,5405.0,5397.5,5404.0,1000.0
16/01/2026 12:30,5404.5,5407.5,5403.5,5404.0,1000.0
16/01/2026 12:35,5404.0,5409.5,5402.0,5408.0,1000.0
16/01/2026 12:40,5408.0,5411.5,5407.0,5408.5,1000.0
16/01/2026 12:45,5408.5,5408.5,5402.0,5402.5,1000.0
16/01/2026 12:50,5402.5,5403.0,5398.5,5400.5,1000.0
16/01/2026 12:55,5401.0,5402.0,5399.0,5400.0,1000.0
16/01/2026 13:00,5400.0,5401.5,5397.5,5399.0,1000.0
16/01/2026 13:05,5398.5,5399.5,5397.0,5398.0,1000.0
16/01/2026 13:10,5398.0,5399.0,5391.5,5395.0,1000.0
16/01/2026 13:15,5395.0,5397.5,5394.0,5395.0,1000.0
16/01/2026 13:20,5395.5,5395.5,5393.0,5393.5,1000.0
16/01/2026 13:25,5394.0,5395.0,5392.5,5392.5,1000.0
16/01/2026 13:30,5392.5,5394.5,5391.5,5393.5,1000.0
16/01/2026 13:35,5394.0,5394.5,5388.0,5388.0,1000.0
16/01/2026 13:40,5388.0,5391.0,5387.5,5389.5,1000.0
16/01/2026 13:45,5389.5,5389.5,5386.0,5387.0,1000.0
16/01/2026 13:50,5387.0,5390.5,5386.5,5390.5,1000.0
16/01/2026 13:55,5390.5,5392.0,5389.0,5390.0,1000.0
16/01/2026 14:00,5390.0,5392.5,5390.0,5391.5,1000.0
16/01/2026 14:05,5391.5,5393.0,5390.5,5392.0,1000.0
16/01/2026 14:10,5391.5,5392.0,5387.5,5389.0,1000.0
16/01/2026 14:15,5389.0,5393.5,5388.5,5393.5,1000.0
16/01/2026 14:20,5393.5,5394.0,5392.0,5393.0,1000.0
16/01/2026 14:25,5392.5,5393.0,5391.0,5391.0,1000.0
16/01/2026 14:30,5391.0,5392.5,5389.0,5389.5,1000.0
16/01/2026 14:35,5389.5,5391.5,5388.5,5390.5,1000.0
16/01/2026 14:40,5390.5,5394.0,5390.5,5393.0,1000.0
16/01/2026 14:45,5393.0,5395.0,5391.5,5392.0,1000.0
16/01/2026 14:50,5392.0,5392.5,5390.0,5392.0,1000.0
16/01/2026 14:55,5391.5,5394.5,5391.0,5394.0,1000.0
16/01/2026 15:00,5393.5,5394.0,5391.0,5391.5,1000.0
16/01/2026 15:05,5391.5,5395.0,5391.5,5393.5,1000.0
16/01/2026 15:10,5393.5,5394.5,5391.5,5392.0,1000.0
16/01/2026 15:15,5392.5,5392.5,5389.5,5390.0,1000.0
16/01/2026 15:20,5390.0,5390.0,5388.5,5390.0,1000.0
16/01/2026 15:25,5390.0,5390.5,5387.5,5388.0,1000.0
16/01/2026 15:30,5387.5,5388.5,5386.0,5387.5,1000.0
16/01/2026 15:35,5387.0,5388.0,5386.0,5387.5,1000.0
16/01/2026 15:40,5387.5,5388.0,5385.5,5388.0,1000.0
16/01/2026 15:45,5388.0,5389.0,5386.5,5387.0,1000.0
16/01/2026 15:50,5387.5,5387.5,5385.5,5386.5,1000.0
16/01/2026 15:55,5386.5,5387.0,5384.0,5385.5,1000.0
16/01/2026 16:00,5386.0,5387.5,5384.5,5386.5,1000.0
16/01/2026 16:05,5386.0,5387.0,5385.5,5386.0,1000.0
16/01/2026 16:10,5386.5,5388.0,5386.0,5387.5,1000.0
16/01/2026 16:15,5387.5,5389.0,5387.0,5388.0,1000.0
16/01/2026 16:20,5387.5,5388.5,5387.5,5388.0,1000.0
16/01/2026 16:25,5388.0,5389.5,5388.0,5389.0,1000.0
16/01/2026 16:30,5389.0,5391.0,5388.5,5390.0,1000.0
16/01/2026 16:35,5390.0,5391.0,5389.5,5390.5,1000.0
16/01/2026 16:40,5390.5,5390.5,5389.0,5389.0,1000.0
16/01/2026 16:45,5389.0,5390.0,5389.0,5389.5,1000.0
16/01/2026 16:50,5389.5,5390.5,5389.0,5390.0,1000.0
16/01/2026 16:55,5389.5,5391.0,5389.5,5390.0,1000.0
16/01/2026 17:00,5390.0,5390.5,5388.0,5388.5,1000.0
16/01/2026 17:05,5388.5,5389.5,5388.5,5389.5,1000.0
16/01/2026 17:10,5389.0,5390.0,5388.5,5390.0,1000.0
16/01/2026 17:15,5389.5,5390.5,5389.5,5390.0,1000.0
16/01/2026 17:20,5389.5,5390.0,5389.0,5389.5,1000.0
16/01/2026 17:25,5390.0,5391.0,5389.5,5390.0,1000.0
16/01/2026 17:30,5390.5,5390.5,5389.0,5389.5,1000.0
16/01/2026 17:35,5389.5,5390.0,5388.5,5389.0,1000.0
16/01/2026 17:40,5388.5,5391.5,5388.5,5391.0,1000.0
16/01/2026 17:45,5390.5,5390.5,5389.0,5389.0,1000.0
16/01/2026 17:50,5389.5,5389.5,5387.5,5388.0,1000.0
16/01/2026 17:55,5387.5,5389.5,5387.5,5388.5,1000.0
16/01/2026 18:00,5388.5,5388.5,5386.5,5387.5,1000.0
16/01/2026 18:05,5387.5,5388.5,5387.0,5388.0,1000.0
16/01/2026 18:10,5387.5,5389.5,5387.5,5388.0,1000.0
16/01/2026 18:15,5388.5,5388.5,5386.5,5386.5,1000.0
16/01/2026 18:20,5386.5,5389.5,5385.5,5389.5,1000.0
16/01/2026 18:25,5389.5,5390.0,5386.5,5387.0,1000.0
16/03/2026 09:00,5304.5,5306.5,5285.5,5290.5,1000.0
16/03/2026 09:05,5290.5,5291.5,5282.0,5286.5,1000.0
16/03/2026 09:10,5286.5,5289.0,5278.0,5279.0,1000.0
16/03/2026 09:15,5278.5,5288.0,5278.5,5287.5,1000.0
16/03/2026 09:20,5288.0,5289.0,5279.5,5284.5,1000.0
16/03/2026 09:25,5284.5,5285.0,5280.0,5283.5,1000.0
16/03/2026 09:30,5283.0,5283.5,5277.5,5280.5,1000.0
16/03/2026 09:35,5280.5,5283.0,5278.0,5281.5,1000.0
16/03/2026 09:40,5281.5,5286.5,5280.5,5284.5,1000.0
16/03/2026 09:45,5284.0,5284.5,5279.5,5280.5,1000.0
16/03/2026 09:50,5280.5,5286.5,5280.5,5281.5,1000.0
16/03/2026 09:55,5281.5,5288.5,5281.5,5284.5,1000.0
16/03/2026 10:00,5284.0,5288.5,5278.0,5286.0,1000.0
16/03/2026 10:05,5286.0,5295.0,5284.5,5291.0,1000.0
16/03/2026 10:10,5290.5,5291.5,5284.5,5287.0,1000.0
16/03/2026 10:15,5287.0,5293.5,5285.0,5293.0,1000.0
16/03/2026 10:20,5293.5,5295.5,5287.5,5294.5,1000.0
16/03/2026 10:25,5294.5,5300.5,5293.0,5299.0,1000.0
16/03/2026 10:30,5299.5,5300.0,5287.5,5288.5,1000.0
16/03/2026 10:35,5288.5,5291.5,5282.0,5283.5,1000.0
16/03/2026 10:40,5283.0,5286.0,5281.5,5282.0,1000.0
16/03/2026 10:45,5282.0,5283.5,5277.5,5279.5,1000.0
16/03/2026 10:50,5279.5,5280.5,5277.5,5278.5,1000.0
16/03/2026 10:55,5278.0,5279.0,5272.0,5276.5,1000.0
16/03/2026 11:00,5277.0,5280.5,5275.5,5280.0,1000.0
16/03/2026 11:05,5280.0,5281.0,5273.0,5276.0,1000.0
16/03/2026 11:10,5276.5,5280.0,5274.0,5279.0,1000.0
16/03/2026 11:15,5278.5,5282.0,5276.0,5281.0,1000.0
16/03/2026 11:20,5280.5,5284.0,5278.0,5281.5,1000.0
16/03/2026 11:25,5281.5,5284.0,5279.5,5282.5,1000.0
16/03/2026 11:30,5282.0,5295.5,5281.5,5294.5,1000.0
16/03/2026 11:35,5294.5,5298.5,5291.0,5298.0,1000.0
16/03/2026 11:40,5298.0,5302.0,5295.5,5300.5,1000.0
16/03/2026 11:45,5300.5,5302.5,5294.5,5296.0,1000.0
16/03/2026 11:50,5296.5,5297.5,5290.0,5291.0,1000.0
16/03/2026 11:55,5290.5,5293.0,5288.5,5289.5,1000.0
16/03/2026 12:00,5290.0,5293.5,5288.5,5292.0,1000.0
16/03/2026 12:05,5292.0,5293.0,5288.5,5290.0,1000.0
16/03/2026 12:10,5290.0,5293.5,5287.0,5287.0,1000.0
16/03/2026 12:15,5287.0,5289.5,5286.0,5286.5,1000.0
16/03/2026 12:20,5287.0,5289.0,5284.0,5285.5,1000.0
16/03/2026 12:25,5285.5,5287.5,5283.5,5286.0,1000.0
16/03/2026 12:30,5286.0,5286.0,5281.0,5283.5,1000.0
16/03/2026 12:35,5283.5,5284.0,5280.5,5281.0,1000.0
16/03/2026 12:40,5281.0,5283.5,5278.0,5281.0,1000.0
16/03/2026 12:45,5281.5,5282.5,5278.5,5281.0,1000.0
16/03/2026 12:50,5281.0,5293.0,5280.5,5288.5,1000.0
16/03/2026 12:55,5288.5,5290.0,5286.0,5286.0,1000.0
16/03/2026 13:00,5286.5,5288.0,5281.5,5283.0,1000.0
16/03/2026 13:05,5283.5,5284.0,5278.0,5279.5,1000.0
16/03/2026 13:10,5279.5,5281.0,5276.5,5279.0,1000.0
16/03/2026 13:15,5279.5,5282.0,5276.0,5278.0,1000.0
16/03/2026 13:20,5278.0,5286.0,5276.5,5286.0,1000.0
16/03/2026 13:25,5286.0,5290.0,5284.5,5288.5,1000.0
16/03/2026 13:30,5288.0,5293.5,5287.0,5293.0,1000.0
16/03/2026 13:35,5293.5,5294.0,5284.0,5284.0,1000.0
16/03/2026 13:40,5284.0,5286.0,5279.0,5282.0,1000.0
16/03/2026 13:45,5282.0,5285.0,5281.5,5284.0,1000.0
16/03/2026 13:50,5284.0,5285.5,5282.0,5284.0,1000.0
16/03/2026 13:55,5284.0,5285.0,5282.0,5284.0,1000.0
16/03/2026 14:00,5283.5,5284.5,5276.5,5282.0,1000.0
16/03/2026 14:05,5282.0,5282.5,5277.0,5279.0,1000.0
16/03/2026 14:10,5278.5,5279.0,5273.5,5277.0,1000.0
16/03/2026 14:15,5277.0,5280.0,5276.0,5278.0,1000.0
16/03/2026 14:20,5277.5,5277.5,5273.0,5276.0,1000.0
16/03/2026 14:25,5275.5,5276.5,5273.5,5276.0,1000.0
16/03/2026 14:30,5276.0,5280.0,5275.5,5277.5,1000.0
16/03/2026 14:35,5277.5,5281.0,5277.0,5278.5,1000.0
16/03/2026 14:40,5279.0,5279.0,5275.5,5276.5,1000.0
16/03/2026 14:45,5276.0,5280.0,5273.0,5278.5,1000.0
16/03/2026 14:50,5278.5,5282.0,5278.0,5281.5,1000.0
16/03/2026 14:55,5281.0,5282.0,5277.5,5279.5,1000.0
16/03/2026 15:00,5279.0,5279.5,5273.0,5273.5,1000.0
16/03/2026 15:05,5273.0,5274.0,5267.5,5271.0,1000.0
16/03/2026 15:10,5271.0,5273.0,5269.5,5271.0,1000.0
16/03/2026 15:15,5270.5,5271.0,5263.0,5265.0,1000.0
16/03/2026 15:20,5265.5,5266.0,5260.0,5261.5,1000.0
16/03/2026 15:25,5261.0,5262.0,5258.0,5259.5,1000.0
16/03/2026 15:30,5259.5,5261.5,5255.5,5257.0,1000.0
16/03/2026 15:35,5257.0,5258.0,5250.5,5251.5,1000.0
16/03/2026 15:40,5251.5,5252.0,5248.0,5248.0,1000.0
16/03/2026 15:45,5248.5,5252.5,5247.5,5252.0,1000.0
16/03/2026 15:50,5252.5,5254.5,5250.5,5252.5,1000.0
16/03/2026 15:55,5253.0,5255.0,5252.0,5253.0,1000.0
16/03/2026 16:00,5253.0,5253.5,5250.5,5253.0,1000.0
16/03/2026 16:05,5252.5,5253.5,5248.0,5248.5,1000.0
16/03/2026 16:10,5249.0,5252.0,5246.0,5251.0,1000.0
16/03/2026 16:15,5250.5,5251.5,5250.0,5251.5,1000.0
16/03/2026 16:20,5251.5,5251.5,5249.0,5250.0,1000.0
16/03/2026 16:25,5250.0,5251.5,5247.5,5250.0,1000.0
16/03/2026 16:30,5250.5,5251.5,5249.0,5250.5,1000.0
16/03/2026 16:35,5250.5,5251.0,5248.0,5249.0,1000.0
16/03/2026 16:40,5249.0,5254.0,5248.0,5253.0,1000.0
16/03/2026 16:45,5252.5,5253.5,5251.5,5253.5,1000.0
16/03/2026 16:50,5253.0,5254.0,5252.0,5253.0,1000.0
16/03/2026 16:55,5253.0,5253.0,5250.5,5251.0,1000.0
16/03/2026 17:00,5251.0,5253.0,5250.0,5252.0,1000.0
16/03/2026 17:05,5252.5,5252.5,5248.5,5249.5,1000.0
16/03/2026 17:10,5250.0,5252.0,5249.5,5251.5,1000.0
16/03/2026 17:15,5252.0,5253.0,5251.0,5253.0,1000.0
16/03/2026 17:20,5252.5,5253.5,5252.0,5252.5,1000.0
16/03/2026 17:25,5253.0,5254.0,5252.0,5253.5,1000.0
16/03/2026 17:30,5253.0,5255.5,5253.0,5255.0,1000.0
16/03/2026 17:35,5255.0,5257.5,5254.5,5254.5,1000.0
16/03/2026 17:40,5255.0,5256.0,5253.5,5254.0,1000.0
16/03/2026 17:45,5253.5,5255.5,5253.5,5254.0,1000.0
16/03/2026 17:50,5254.5,5254.5,5252.0,5252.5,1000.0
16/03/2026 17:55,5252.5,5254.0,5250.5,5252.0,1000.0
16/03/2026 18:00,5252.0,5255.5,5249.0,5253.5,1000.0
16/03/2026 18:05,5254.0,5254.0,5252.0,5253.0,1000.0
16/03/2026 18:10,5253.0,5253.5,5251.0,5251.0,1000.0
16/03/2026 18:15,5251.0,5253.0,5251.0,5252.5,1000.0
16/03/2026 18:20,5252.5,5256.0,5252.0,5254.5,1000.0
16/03/2026 18:25,5255.5,5255.5,5252.5,5252.5,1000.0
16/10/2025 09:00,5470.0,5471.5,5463.0,5466.0,1000.0
16/10/2025 09:05,5466.0,5471.0,5463.5,5469.5,1000.0
16/10/2025 09:10,5469.0,5469.5,5464.5,5466.5,1000.0
16/10/2025 09:15,5466.5,5468.5,5461.5,5464.0,1000.0
16/10/2025 09:20,5464.0,5466.0,5460.0,5460.0,1000.0
16/10/2025 09:25,5460.0,5464.0,5459.0,5460.0,1000.0
16/10/2025 09:30,5459.5,5465.0,5459.0,5464.5,1000.0
16/10/2025 09:35,5464.0,5466.0,5462.5,5464.5,1000.0
16/10/2025 09:40,5464.5,5468.0,5461.5,5467.5,1000.0
16/10/2025 09:45,5467.5,5472.5,5465.5,5471.0,1000.0
16/10/2025 09:50,5471.5,5473.0,5466.5,5472.5,1000.0
16/10/2025 09:55,5472.5,5473.5,5467.0,5467.0,1000.0
16/10/2025 10:00,5467.0,5468.0,5459.5,5464.5,1000.0
16/10/2025 10:05,5464.0,5467.5,5462.5,5465.0,1000.0
16/10/2025 10:10,5464.5,5466.0,5463.0,5466.0,1000.0
16/10/2025 10:15,5466.0,5468.0,5462.0,5464.0,1000.0
16/10/2025 10:20,5464.0,5467.5,5462.0,5467.0,1000.0
16/10/2025 10:25,5467.5,5472.0,5466.0,5469.5,1000.0
16/10/2025 10:30,5469.5,5473.0,5468.5,5469.5,1000.0
16/10/2025 10:35,5469.5,5470.5,5466.5,5468.0,1000.0
16/10/2025 10:40,5467.5,5468.0,5463.5,5465.0,1000.0
16/10/2025 10:45,5465.0,5466.5,5461.0,5462.5,1000.0
16/10/2025 10:50,5462.0,5463.0,5458.0,5458.5,1000.0
16/10/2025 10:55,5458.5,5459.0,5455.5,5459.0,1000.0
16/10/2025 11:00,5458.5,5464.5,5458.0,5460.5,1000.0
16/10/2025 11:05,5460.5,5461.0,5457.0,5458.5,1000.0
16/10/2025 11:10,5458.5,5459.0,5454.5,5457.5,1000.0
16/10/2025 11:15,5458.0,5458.0,5454.0,5455.0,1000.0
16/10/2025 11:20,5455.0,5455.0,5447.0,5452.5,1000.0
16/10/2025 11:25,5452.0,5454.5,5448.0,5448.5,1000.0
16/10/2025 11:30,5448.0,5448.5,5442.5,5444.0,1000.0
16/10/2025 11:35,5443.5,5445.5,5442.0,5443.5,1000.0
16/10/2025 11:40,5444.0,5447.0,5443.0,5445.5,1000.0
16/10/2025 11:45,5445.0,5447.0,5444.0,5445.0,1000.0
16/10/2025 11:50,5445.0,5448.0,5445.0,5445.0,1000.0
16/10/2025 11:55,5445.0,5446.5,5443.5,5444.0,1000.0
16/10/2025 12:00,5444.0,5448.0,5443.5,5446.0,1000.0
16/10/2025 12:05,5446.5,5447.0,5442.5,5444.5,1000.0
16/10/2025 12:10,5444.5,5444.5,5442.5,5444.5,1000.0
16/10/2025 12:15,5444.5,5447.5,5443.0,5447.0,1000.0
16/10/2025 12:20,5447.5,5449.0,5446.5,5448.5,1000.0
16/10/2025 12:25,5448.5,5451.5,5448.0,5450.5,1000.0
16/10/2025 12:30,5450.5,5455.0,5450.0,5453.5,1000.0
16/10/2025 12:35,5453.0,5457.0,5452.5,5454.5,1000.0
16/10/2025 12:40,5454.5,5457.0,5454.0,5455.5,1000.0
16/10/2025 12:45,5455.0,5459.5,5455.0,5457.5,1000.0
16/10/2025 12:50,5458.0,5458.5,5454.5,5456.0,1000.0
16/10/2025 12:55,5456.5,5457.5,5454.5,5456.0,1000.0
16/10/2025 13:00,5456.0,5458.0,5455.0,5455.0,1000.0
16/10/2025 13:05,5455.0,5458.0,5453.5,5457.0,1000.0
16/10/2025 13:10,5457.5,5457.5,5455.0,5455.0,1000.0
16/10/2025 13:15,5455.5,5459.5,5452.0,5459.0,1000.0
16/10/2025 13:20,5459.0,5462.0,5458.0,5460.0,1000.0
16/10/2025 13:25,5460.5,5463.5,5459.5,5463.5,1000.0
16/10/2025 13:30,5463.5,5477.0,5463.0,5474.5,1000.0
16/10/2025 13:35,5474.5,5476.5,5471.5,5476.0,1000.0
16/10/2025 13:40,5476.5,5479.5,5474.5,5478.0,1000.0
16/10/2025 13:45,5477.5,5479.5,5474.0,5474.5,1000.0
16/10/2025 13:50,5475.0,5476.5,5472.0,5473.0,1000.0
16/10/2025 13:55,5473.0,5473.0,5463.5,5463.5,1000.0
16/10/2025 14:00,5463.5,5469.5,5463.0,5467.0,1000.0
16/10/2025 14:05,5466.5,5468.0,5463.0,5465.0,1000.0
16/10/2025 14:10,5465.0,5466.5,5460.5,5461.0,1000.0
16/10/2025 14:15,5461.0,5466.0,5460.5,5465.0,1000.0
16/10/2025 14:20,5465.0,5466.5,5462.5,5463.5,1000.0
16/10/2025 14:25,5463.5,5466.0,5461.0,5462.5,1000.0
16/10/2025 14:30,5462.0,5467.0,5461.0,5467.0,1000.0
16/10/2025 14:35,5467.0,5467.0,5464.0,5465.5,1000.0
16/10/2025 14:40,5465.5,5469.0,5465.0,5466.5,1000.0
16/10/2025 14:45,5466.5,5469.5,5466.0,5468.5,1000.0
16/10/2025 14:50,5468.5,5472.5,5467.5,5471.5,1000.0
16/10/2025 14:55,5471.0,5471.5,5468.0,5468.5,1000.0
16/10/2025 15:00,5468.0,5472.5,5467.5,5472.0,1000.0
16/10/2025 15:05,5472.0,5473.0,5468.0,5470.0,1000.0
16/10/2025 15:10,5470.0,5475.5,5469.0,5475.0,1000.0
16/10/2025 15:15,5475.0,5478.5,5474.5,5475.5,1000.0
16/10/2025 15:20,5475.5,5477.0,5472.5,5475.0,1000.0
16/10/2025 15:25,5475.0,5477.0,5474.0,5474.5,1000.0
16/10/2025 15:30,5474.0,5476.0,5472.0,5473.5,1000.0
16/10/2025 15:35,5473.0,5473.5,5467.0,5469.5,1000.0
16/10/2025 15:40,5469.5,5470.0,5466.5,5467.0,1000.0
16/10/2025 15:45,5467.0,5469.0,5465.5,5468.5,1000.0
16/10/2025 15:50,5468.5,5468.5,5465.0,5465.5,1000.0
16/10/2025 15:55,5465.5,5466.5,5464.5,5466.0,1000.0
16/10/2025 16:00,5466.0,5468.0,5465.5,5467.5,1000.0
16/10/2025 16:05,5467.0,5467.5,5465.0,5465.0,1000.0
16/10/2025 16:10,5465.0,5466.5,5463.5,5466.5,1000.0
16/10/2025 16:15,5466.5,5468.5,5465.5,5468.0,1000.0
16/10/2025 16:20,5468.0,5469.5,5467.0,5467.5,1000.0
16/10/2025 16:25,5467.5,5468.5,5467.0,5467.5,1000.0
16/10/2025 16:30,5467.5,5470.0,5467.5,5469.5,1000.0
16/10/2025 16:35,5469.0,5470.0,5467.0,5469.0,1000.0
16/10/2025 16:40,5469.0,5469.5,5467.5,5468.0,1000.0
16/10/2025 16:45,5468.0,5469.0,5466.5,5467.0,1000.0
16/10/2025 16:50,5467.0,5467.0,5461.5,5462.5,1000.0
16/10/2025 16:55,5462.5,5464.0,5460.5,5463.0,1000.0
16/10/2025 17:00,5463.5,5464.0,5462.5,5464.0,1000.0
16/10/2025 17:05,5464.0,5464.5,5463.5,5464.5,1000.0
16/10/2025 17:10,5464.0,5466.5,5463.0,5466.0,1000.0
16/10/2025 17:15,5465.5,5466.0,5465.0,5465.0,1000.0
16/10/2025 17:20,5465.0,5465.5,5464.0,5464.5,1000.0
16/10/2025 17:25,5464.5,5465.0,5463.0,5464.5,1000.0
16/10/2025 17:30,5464.5,5466.0,5463.5,5463.5,1000.0
16/10/2025 17:35,5463.5,5464.5,5463.0,5463.5,1000.0
16/10/2025 17:40,5463.0,5465.0,5462.5,5463.5,1000.0
16/10/2025 17:45,5463.5,5465.5,5463.5,5465.5,1000.0
16/10/2025 17:50,5465.5,5466.0,5465.0,5465.5,1000.0
16/10/2025 17:55,5465.5,5467.5,5465.0,5467.0,1000.0
16/10/2025 18:00,5466.5,5468.5,5466.5,5468.5,1000.0
16/10/2025 18:05,5468.5,5470.0,5467.5,5469.0,1000.0
16/10/2025 18:10,5469.0,5471.0,5469.0,5470.0,1000.0
16/10/2025 18:15,5469.5,5470.0,5464.5,5465.0,1000.0
16/10/2025 18:20,5465.5,5468.5,5465.5,5467.0,1000.0
16/10/2025 18:25,5467.0,5473.5,5466.0,5473.0,1000.0
16/12/2025 09:00,5438.5,5475.0,5436.5,5448.0,1000.0
16/12/2025 09:05,5447.5,5462.0,5435.0,5449.5,1000.0
16/12/2025 09:10,5450.0,5452.0,5440.0,5448.5,1000.0
16/12/2025 09:15,5448.5,5448.5,5438.0,5443.5,1000.0
16/12/2025 09:20,5443.0,5446.0,5432.5,5434.5,1000.0
16/12/2025 09:25,5434.5,5452.0,5434.5,5451.5,1000.0
16/12/2025 09:30,5451.0,5456.0,5447.0,5453.5,1000.0
16/12/2025 09:35,5453.5,5457.0,5451.0,5452.0,1000.0
16/12/2025 09:40,5451.5,5455.5,5450.0,5452.0,1000.0
16/12/2025 09:45,5452.0,5457.0,5450.0,5453.0,1000.0
16/12/2025 09:50,5453.5,5455.5,5448.0,5450.5,1000.0
16/12/2025 09:55,5450.5,5453.0,5448.5,5451.5,1000.0
16/12/2025 10:00,5451.0,5454.5,5447.0,5449.0,1000.0
16/12/2025 10:05,5448.5,5450.0,5445.0,5448.5,1000.0
16/12/2025 10:10,5448.5,5453.0,5448.0,5449.5,1000.0
16/12/2025 10:15,5450.0,5453.5,5447.0,5448.0,1000.0
16/12/2025 10:20,5447.5,5448.0,5442.5,5445.0,1000.0
16/12/2025 10:25,5445.0,5450.0,5444.0,5446.0,1000.0
16/12/2025 10:30,5446.0,5447.0,5434.0,5442.0,1000.0
16/12/2025 10:35,5442.0,5453.5,5441.5,5453.0,1000.0
16/12/2025 10:40,5452.5,5460.5,5451.0,5459.5,1000.0
16/12/2025 10:45,5459.0,5469.0,5453.0,5463.5,1000.0
16/12/2025 10:50,5464.0,5466.5,5459.0,5460.5,1000.0
16/12/2025 10:55,5460.5,5463.0,5456.0,5459.0,1000.0
16/12/2025 11:00,5459.5,5464.0,5456.0,5463.5,1000.0
16/12/2025 11:05,5464.0,5471.0,5460.0,5470.0,1000.0
16/12/2025 11:10,5469.5,5474.0,5468.0,5473.0,1000.0
16/12/2025 11:15,5473.0,5475.0,5469.0,5469.0,1000.0
16/12/2025 11:20,5469.0,5471.0,5463.0,5463.5,1000.0
16/12/2025 11:25,5464.0,5466.0,5461.5,5462.0,1000.0
16/12/2025 11:30,5462.5,5469.0,5461.5,5467.0,1000.0
16/12/2025 11:35,5466.5,5470.5,5466.0,5466.5,1000.0
16/12/2025 11:40,5466.5,5473.0,5466.5,5470.5,1000.0
16/12/2025 11:45,5471.0,5472.0,5465.0,5467.5,1000.0
16/12/2025 11:50,5467.5,5473.5,5464.5,5469.0,1000.0
16/12/2025 11:55,5469.5,5470.0,5466.0,5466.5,1000.0
16/12/2025 12:00,5467.0,5470.0,5464.5,5469.0,1000.0
16/12/2025 12:05,5468.5,5470.5,5467.5,5468.5,1000.0
16/12/2025 12:10,5469.0,5471.5,5467.0,5470.5,1000.0
16/12/2025 12:15,5470.5,5476.5,5470.5,5475.0,1000.0
16/12/2025 12:20,5474.5,5479.5,5474.0,5478.5,1000.0
16/12/2025 12:25,5478.0,5482.0,5478.0,5482.0,1000.0
16/12/2025 12:30,5481.5,5483.5,5478.5,5483.0,1000.0
16/12/2025 12:35,5483.5,5491.5,5483.5,5488.0,1000.0
16/12/2025 12:40,5488.0,5489.5,5486.0,5486.5,1000.0
16/12/2025 12:45,5487.0,5487.0,5478.5,5479.5,1000.0
16/12/2025 12:50,5479.5,5484.0,5479.5,5482.0,1000.0
16/12/2025 12:55,5481.5,5485.0,5480.5,5483.5,1000.0
16/12/2025 13:00,5483.0,5486.5,5480.5,5485.5,1000.0
16/12/2025 13:05,5486.0,5487.0,5482.0,5485.5,1000.0
16/12/2025 13:10,5485.0,5486.0,5480.5,5481.5,1000.0
16/12/2025 13:15,5482.0,5483.5,5481.0,5483.5,1000.0
16/12/2025 13:20,5483.5,5484.0,5481.5,5483.5,1000.0
16/12/2025 13:25,5483.5,5484.5,5479.0,5479.0,1000.0
16/12/2025 13:30,5479.5,5481.5,5478.5,5481.0,1000.0
16/12/2025 13:35,5480.5,5482.0,5479.5,5480.0,1000.0
16/12/2025 13:40,5480.5,5485.5,5480.0,5484.5,1000.0
16/12/2025 13:45,5484.5,5487.0,5483.0,5485.0,1000.0
16/12/2025 13:50,5484.5,5485.0,5481.5,5481.5,1000.0
16/12/2025 13:55,5481.5,5482.5,5474.5,5477.0,1000.0
16/12/2025 14:00,5476.5,5477.0,5464.0,5467.5,1000.0
16/12/2025 14:05,5467.5,5469.0,5462.5,5466.5,1000.0
16/12/2025 14:10,5467.0,5471.5,5464.5,5471.0,1000.0
16/12/2025 14:15,5471.0,5471.0,5467.5,5471.0,1000.0
16/12/2025 14:20,5471.0,5473.0,5468.5,5472.5,1000.0
16/12/2025 14:25,5472.5,5476.0,5472.5,5475.0,1000.0
16/12/2025 14:30,5475.5,5475.5,5471.0,5471.5,1000.0
16/12/2025 14:35,5471.0,5474.5,5471.0,5473.0,1000.0
16/12/2025 14:40,5473.5,5474.5,5472.0,5472.0,1000.0
16/12/2025 14:45,5472.0,5473.5,5469.5,5473.5,1000.0
16/12/2025 14:50,5473.5,5476.5,5473.5,5474.0,1000.0
16/12/2025 14:55,5474.5,5476.5,5473.5,5475.5,1000.0
16/12/2025 15:00,5475.5,5481.5,5474.5,5477.0,1000.0
16/12/2025 15:05,5477.0,5478.5,5476.0,5478.0,1000.0
16/12/2025 15:10,5478.0,5480.0,5473.5,5474.0,1000.0
16/12/2025 15:15,5474.0,5476.5,5473.5,5474.5,1000.0
16/12/2025 15:20,5474.5,5476.5,5474.0,5474.0,1000.0
16/12/2025 15:25,5474.5,5478.0,5473.5,5477.5,1000.0
16/12/2025 15:30,5477.5,5478.5,5474.5,5474.5,1000.0
16/12/2025 15:35,5474.5,5476.5,5472.5,5475.0,1000.0
16/12/2025 15:40,5475.0,5479.0,5474.0,5476.0,1000.0
16/12/2025 15:45,5476.0,5479.0,5475.5,5477.5,1000.0
16/12/2025 15:50,5478.0,5480.5,5477.0,5478.5,1000.0
16/12/2025 15:55,5478.0,5481.0,5477.5,5480.5,1000.0
16/12/2025 16:00,5480.0,5482.5,5478.5,5481.5,1000.0
16/12/2025 16:05,5481.0,5482.0,5478.5,5479.0,1000.0
16/12/2025 16:10,5479.5,5481.5,5478.5,5480.5,1000.0
16/12/2025 16:15,5480.5,5481.0,5478.5,5479.5,1000.0
16/12/2025 16:20,5480.0,5480.5,5477.5,5479.5,1000.0
16/12/2025 16:25,5479.5,5488.5,5478.5,5482.5,1000.0
16/12/2025 16:30,5482.5,5483.5,5480.0,5482.0,1000.0
16/12/2025 16:35,5481.5,5482.0,5478.5,5481.0,1000.0
16/12/2025 16:40,5480.5,5481.5,5479.0,5479.5,1000.0
16/12/2025 16:45,5480.0,5480.5,5478.5,5479.5,1000.0
16/12/2025 16:50,5480.0,5481.0,5478.0,5480.5,1000.0
16/12/2025 16:55,5480.5,5481.5,5479.0,5479.0,1000.0
16/12/2025 17:00,5479.5,5481.0,5478.0,5481.0,1000.0
16/12/2025 17:05,5481.0,5483.0,5479.5,5483.0,1000.0
16/12/2025 17:10,5482.5,5484.5,5481.5,5484.5,1000.0
16/12/2025 17:15,5484.0,5489.5,5483.5,5487.5,1000.0
16/12/2025 17:20,5487.5,5489.5,5487.0,5487.5,1000.0
16/12/2025 17:25,5488.0,5489.0,5487.0,5488.0,1000.0
16/12/2025 17:30,5488.0,5488.5,5484.0,5485.5,1000.0
16/12/2025 17:35,5485.5,5488.0,5483.0,5487.0,1000.0
16/12/2025 17:40,5486.5,5487.0,5482.0,5484.5,1000.0
16/12/2025 17:45,5484.5,5484.5,5482.0,5482.5,1000.0
16/12/2025 17:50,5482.0,5486.0,5481.5,5484.5,1000.0
16/12/2025 17:55,5484.0,5486.5,5483.0,5483.5,1000.0
16/12/2025 18:00,5484.0,5489.0,5483.0,5488.5,1000.0
16/12/2025 18:05,5489.0,5497.5,5486.0,5497.5,1000.0
16/12/2025 18:10,5497.0,5512.0,5497.0,5512.0,1000.0
16/12/2025 18:15,5511.5,5529.5,5507.0,5523.5,1000.0
16/12/2025 18:20,5523.5,5540.5,5519.5,5522.5,1000.0
16/12/2025 18:25,5522.5,5532.0,5518.5,5528.5,1000.0
17/03/2026 09:00,5253.0,5261.0,5249.5,5250.0,1000.0
17/03/2026 09:05,5250.0,5252.0,5238.0,5238.5,1000.0
17/03/2026 09:10,5238.5,5239.5,5228.5,5229.5,1000.0
17/03/2026 09:15,5230.0,5235.5,5228.5,5234.5,1000.0
17/03/2026 09:20,5234.5,5235.5,5224.5,5226.0,1000.0
17/03/2026 09:25,5226.0,5229.0,5222.0,5224.5,1000.0
17/03/2026 09:30,5224.5,5227.5,5218.0,5219.5,1000.0
17/03/2026 09:35,5219.0,5220.5,5215.0,5218.5,1000.0
17/03/2026 09:40,5218.5,5223.0,5216.5,5222.0,1000.0
17/03/2026 09:45,5222.0,5228.0,5220.5,5228.0,1000.0
17/03/2026 09:50,5228.0,5233.0,5226.5,5226.5,1000.0
17/03/2026 09:55,5226.5,5233.5,5225.5,5228.0,1000.0
17/03/2026 10:00,5228.0,5230.5,5223.5,5225.5,1000.0
17/03/2026 10:05,5225.5,5232.0,5223.5,5227.5,1000.0
17/03/2026 10:10,5227.5,5227.5,5223.0,5225.0,1000.0
17/03/2026 10:15,5224.5,5227.0,5220.0,5221.5,1000.0
17/03/2026 10:20,5221.0,5222.5,5214.0,5215.5,1000.0
17/03/2026 10:25,5215.5,5218.0,5214.5,5216.0,1000.0
17/03/2026 10:30,5215.5,5220.0,5211.5,5214.5,1000.0
17/03/2026 10:35,5214.5,5217.0,5212.5,5213.0,1000.0
17/03/2026 10:40,5213.5,5218.5,5213.5,5217.5,1000.0
17/03/2026 10:45,5217.5,5218.0,5215.0,5217.0,1000.0
17/03/2026 10:50,5217.0,5224.5,5217.0,5221.0,1000.0
17/03/2026 10:55,5220.5,5223.0,5219.5,5219.5,1000.0
17/03/2026 11:00,5220.0,5223.5,5217.5,5218.5,1000.0
17/03/2026 11:05,5218.5,5218.5,5207.5,5209.5,1000.0
17/03/2026 11:10,5209.0,5217.0,5208.0,5217.0,1000.0
17/03/2026 11:15,5217.0,5221.0,5216.5,5218.0,1000.0
17/03/2026 11:20,5217.5,5221.5,5217.0,5221.0,1000.0
17/03/2026 11:25,5221.5,5224.5,5219.5,5223.0,1000.0
17/03/2026 11:30,5222.5,5226.0,5219.5,5219.5,1000.0
17/03/2026 11:35,5219.5,5224.0,5217.0,5223.0,1000.0
17/03/2026 11:40,5223.5,5224.5,5216.0,5217.0,1000.0
17/03/2026 11:45,5217.0,5220.5,5216.0,5218.5,1000.0
17/03/2026 11:50,5218.5,5219.5,5216.0,5217.5,1000.0
17/03/2026 11:55,5218.0,5218.0,5215.0,5217.5,1000.0
17/03/2026 12:00,5217.5,5218.0,5214.5,5215.5,1000.0
17/03/2026 12:05,5215.0,5224.0,5214.5,5222.5,1000.0
17/03/2026 12:10,5222.5,5230.0,5222.0,5229.5,1000.0
17/03/2026 12:15,5229.0,5232.0,5226.0,5229.5,1000.0
17/03/2026 12:20,5230.0,5235.5,5227.5,5228.0,1000.0
17/03/2026 12:25,5228.0,5233.0,5226.0,5232.5,1000.0
17/03/2026 12:30,5232.5,5236.0,5229.0,5234.5,1000.0
17/03/2026 12:35,5235.0,5237.5,5231.5,5233.5,1000.0
17/03/2026 12:40,5234.0,5236.5,5229.0,5229.5,1000.0
17/03/2026 12:45,5229.5,5230.0,5224.0,5227.0,1000.0
17/03/2026 12:50,5227.0,5227.5,5220.5,5220.5,1000.0
17/03/2026 12:55,5220.5,5221.5,5215.5,5215.5,1000.0
17/03/2026 13:00,5215.5,5220.5,5215.0,5220.0,1000.0
17/03/2026 13:05,5219.5,5220.5,5214.0,5215.0,1000.0
17/03/2026 13:10,5215.0,5216.5,5210.0,5216.0,1000.0
17/03/2026 13:15,5216.0,5218.5,5212.5,5212.5,1000.0
17/03/2026 13:20,5213.0,5215.0,5211.0,5211.5,1000.0
17/03/2026 13:25,5212.0,5214.0,5210.5,5212.5,1000.0
17/03/2026 13:30,5212.5,5216.5,5211.5,5214.5,1000.0
17/03/2026 13:35,5214.0,5217.5,5213.5,5216.5,1000.0
17/03/2026 13:40,5216.5,5217.0,5214.0,5214.0,1000.0
17/03/2026 13:45,5214.0,5217.0,5212.5,5216.5,1000.0
17/03/2026 13:50,5216.5,5218.0,5216.0,5217.0,1000.0
17/03/2026 13:55,5217.5,5219.0,5216.0,5218.0,1000.0
17/03/2026 14:00,5218.5,5219.0,5216.0,5217.5,1000.0
17/03/2026 14:05,5217.0,5222.5,5216.5,5220.0,1000.0
17/03/2026 14:10,5220.0,5223.0,5219.5,5221.5,1000.0
17/03/2026 14:15,5222.0,5223.5,5220.0,5220.5,1000.0
17/03/2026 14:20,5220.5,5220.5,5216.5,5218.0,1000.0
17/03/2026 14:25,5218.5,5220.0,5217.5,5217.5,1000.0
17/03/2026 14:30,5217.5,5219.5,5214.5,5216.5,1000.0
17/03/2026 14:35,5216.5,5216.5,5208.5,5210.0,1000.0
17/03/2026 14:40,5209.5,5210.5,5203.5,5206.5,1000.0
17/03/2026 14:45,5206.5,5206.5,5202.0,5203.0,1000.0
17/03/2026 14:50,5203.0,5206.0,5199.5,5200.0,1000.0
17/03/2026 14:55,5199.5,5203.0,5198.0,5198.5,1000.0
17/03/2026 15:00,5198.0,5199.5,5195.5,5197.0,1000.0
17/03/2026 15:05,5196.5,5198.5,5195.5,5196.5,1000.0
17/03/2026 15:10,5196.5,5199.0,5195.5,5199.0,1000.0
17/03/2026 15:15,5198.5,5201.5,5197.5,5201.0,1000.0
17/03/2026 15:20,5201.0,5202.5,5199.5,5202.0,1000.0
17/03/2026 15:25,5201.5,5209.5,5200.0,5208.0,1000.0
17/03/2026 15:30,5208.0,5217.5,5206.0,5214.5,1000.0
17/03/2026 15:35,5215.0,5217.5,5212.5,5215.0,1000.0
17/03/2026 15:40,5215.0,5229.0,5213.5,5223.5,1000.0
17/03/2026 15:45,5223.5,5227.0,5213.5,5214.0,1000.0
17/03/2026 15:50,5214.0,5216.5,5212.0,5213.5,1000.0
17/03/2026 15:55,5214.0,5217.0,5213.0,5215.5,1000.0
17/03/2026 16:00,5215.5,5219.5,5215.0,5219.0,1000.0
17/03/2026 16:05,5218.5,5221.5,5218.0,5220.0,1000.0
17/03/2026 16:10,5219.5,5219.5,5213.5,5214.0,1000.0
17/03/2026 16:15,5214.0,5220.5,5213.5,5216.5,1000.0
17/03/2026 16:20,5216.0,5221.5,5216.0,5218.0,1000.0
17/03/2026 16:25,5218.5,5223.5,5216.5,5222.5,1000.0
17/03/2026 16:30,5222.5,5227.0,5221.0,5226.0,1000.0
17/03/2026 16:35,5226.0,5230.0,5225.0,5227.5,1000.0
17/03/2026 16:40,5227.5,5228.0,5224.5,5225.5,1000.0
17/03/2026 16:45,5225.0,5229.0,5223.5,5227.5,1000.0
17/03/2026 16:50,5227.5,5228.5,5222.5,5223.5,1000.0
17/03/2026 16:55,5223.5,5225.5,5216.0,5218.0,1000.0
17/03/2026 17:00,5218.0,5220.0,5215.5,5216.5,1000.0
17/03/2026 17:05,5217.0,5218.0,5215.5,5216.0,1000.0
17/03/2026 17:10,5216.0,5219.0,5215.0,5216.5,1000.0
17/03/2026 17:15,5216.5,5217.0,5213.0,5213.5,1000.0
17/03/2026 17:20,5213.5,5216.5,5213.5,5214.5,1000.0
17/03/2026 17:25,5214.5,5216.5,5214.5,5214.5,1000.0
17/03/2026 17:30,5214.5,5215.0,5212.5,5214.0,1000.0
17/03/2026 17:35,5214.0,5215.0,5213.0,5214.0,1000.0
17/03/2026 17:40,5214.0,5216.5,5213.5,5215.0,1000.0
17/03/2026 17:45,5215.0,5215.0,5212.0,5213.0,1000.0
17/03/2026 17:50,5213.0,5213.5,5209.5,5210.5,1000.0
17/03/2026 17:55,5210.5,5212.0,5208.5,5211.5,1000.0
17/03/2026 18:00,5211.0,5214.5,5209.0,5210.0,1000.0
17/03/2026 18:05,5210.5,5212.0,5209.5,5211.5,1000.0
17/03/2026 18:10,5212.0,5212.0,5209.0,5211.0,1000.0
17/03/2026 18:15,5211.0,5215.0,5209.5,5214.5,1000.0
17/03/2026 18:20,5214.5,5216.5,5210.0,5214.0,1000.0
17/03/2026 18:25,5214.5,5216.5,5212.5,5214.5,1000.0
17/10/2025 09:00,5469.5,5473.0,5462.0,5466.0,1000.0
17/10/2025 09:05,5465.5,5466.5,5450.5,5451.0,1000.0
17/10/2025 09:10,5451.0,5462.5,5450.5,5458.0,1000.0
17/10/2025 09:15,5458.0,5460.5,5455.5,5458.0,1000.0
17/10/2025 09:20,5458.0,5461.5,5456.0,5459.0,1000.0
17/10/2025 09:25,5459.5,5463.5,5459.0,5460.5,1000.0
17/10/2025 09:30,5460.0,5466.0,5459.5,5463.0,1000.0
17/10/2025 09:35,5463.0,5464.0,5457.0,5461.5,1000.0
17/10/2025 09:40,5461.5,5465.5,5460.5,5463.5,1000.0
17/10/2025 09:45,5464.0,5470.0,5463.0,5465.0,1000.0
17/10/2025 09:50,5465.5,5470.5,5463.5,5470.0,1000.0
17/10/2025 09:55,5469.5,5473.0,5469.5,5470.0,1000.0
17/10/2025 10:00,5470.5,5476.0,5470.5,5472.0,1000.0
17/10/2025 10:05,5472.0,5474.0,5469.5,5470.5,1000.0
17/10/2025 10:10,5470.0,5475.5,5468.0,5474.5,1000.0
17/10/2025 10:15,5475.0,5479.0,5474.0,5478.5,1000.0
17/10/2025 10:20,5478.0,5479.0,5473.0,5475.5,1000.0
17/10/2025 10:25,5476.0,5476.0,5471.5,5474.0,1000.0
17/10/2025 10:30,5474.0,5478.5,5470.0,5476.0,1000.0
17/10/2025 10:35,5476.0,5477.0,5470.0,5473.5,1000.0
17/10/2025 10:40,5473.0,5478.0,5472.5,5473.5,1000.0
17/10/2025 10:45,5473.5,5475.0,5466.5,5468.0,1000.0
17/10/2025 10:50,5468.0,5468.0,5462.0,5465.5,1000.0
17/10/2025 10:55,5465.0,5466.5,5462.0,5465.5,1000.0
17/10/2025 11:00,5466.0,5471.0,5465.5,5469.0,1000.0
17/10/2025 11:05,5469.0,5470.5,5463.5,5468.5,1000.0
17/10/2025 11:10,5469.0,5469.5,5461.0,5461.5,1000.0
17/10/2025 11:15,5462.0,5462.5,5456.0,5458.5,1000.0
17/10/2025 11:20,5458.5,5462.5,5458.0,5461.0,1000.0
17/10/2025 11:25,5461.0,5461.5,5457.5,5459.0,1000.0
17/10/2025 11:30,5458.5,5461.5,5455.5,5461.5,1000.0
17/10/2025 11:35,5461.0,5462.5,5454.0,5454.5,1000.0
17/10/2025 11:40,5454.5,5457.0,5448.0,5450.5,1000.0
17/10/2025 11:45,5450.5,5451.5,5444.0,5444.5,1000.0
17/10/2025 11:50,5445.0,5446.5,5440.5,5445.0,1000.0
17/10/2025 11:55,5445.0,5450.0,5445.0,5449.5,1000.0
17/10/2025 12:00,5449.5,5450.0,5443.5,5443.5,1000.0
17/10/2025 12:05,5444.0,5445.5,5440.0,5445.5,1000.0
17/10/2025 12:10,5445.5,5446.5,5442.5,5446.0,1000.0
17/10/2025 12:15,5445.5,5446.5,5443.0,5445.5,1000.0
17/10/2025 12:20,5445.5,5449.5,5445.0,5448.5,1000.0
17/10/2025 12:25,5448.0,5448.5,5444.5,5446.5,1000.0
17/10/2025 12:30,5446.0,5447.0,5444.5,5446.0,1000.0
17/10/2025 12:35,5446.5,5448.5,5444.0,5444.5,1000.0
17/10/2025 12:40,5445.0,5446.0,5443.0,5446.0,1000.0
17/10/2025 12:45,5445.5,5446.0,5437.0,5437.5,1000.0
17/10/2025 12:50,5437.5,5438.5,5433.5,5436.5,1000.0
17/10/2025 12:55,5436.5,5438.0,5435.0,5436.5,1000.0
17/10/2025 13:00,5436.0,5439.5,5435.5,5436.5,1000.0
17/10/2025 13:05,5437.0,5438.0,5434.5,5435.5,1000.0
17/10/2025 13:10,5435.5,5436.5,5432.5,5433.0,1000.0
17/10/2025 13:15,5433.0,5434.5,5431.5,5433.0,1000.0
17/10/2025 13:20,5432.5,5434.0,5430.0,5433.0,1000.0
17/10/2025 13:25,5432.5,5435.0,5430.0,5430.5,1000.0
17/10/2025 13:30,5431.0,5432.0,5427.5,5428.0,1000.0
17/10/2025 13:35,5428.0,5430.5,5426.0,5430.0,1000.0
17/10/2025 13:40,5429.5,5434.0,5429.0,5432.0,1000.0
17/10/2025 13:45,5432.5,5433.0,5429.5,5431.0,1000.0
17/10/2025 13:50,5431.0,5434.0,5430.5,5433.0,1000.0
17/10/2025 13:55,5433.0,5434.5,5432.5,5433.5,1000.0
17/10/2025 14:00,5433.0,5435.5,5432.0,5434.0,1000.0
17/10/2025 14:05,5434.5,5435.5,5432.0,5432.0,1000.0
17/10/2025 14:10,5432.5,5432.5,5427.5,5430.5,1000.0
17/10/2025 14:15,5430.5,5430.5,5428.5,5430.0,1000.0
17/10/2025 14:20,5430.0,5430.0,5427.0,5430.0,1000.0
17/10/2025 14:25,5430.0,5433.0,5429.0,5432.5,1000.0
17/10/2025 14:30,5432.5,5433.5,5430.5,5431.0,1000.0
17/10/2025 14:35,5430.5,5433.5,5430.0,5432.0,1000.0
17/10/2025 14:40,5432.0,5433.0,5431.5,5432.5,1000.0
17/10/2025 14:45,5432.5,5434.0,5430.5,5430.5,1000.0
17/10/2025 14:50,5431.0,5431.0,5428.5,5429.5,1000.0
17/10/2025 14:55,5429.0,5431.5,5428.5,5431.5,1000.0
17/10/2025 15:00,5431.0,5432.0,5428.5,5430.0,1000.0
17/10/2025 15:05,5429.5,5430.0,5426.5,5427.0,1000.0
17/10/2025 15:10,5426.5,5430.5,5426.0,5429.0,1000.0
17/10/2025 15:15,5429.0,5430.0,5426.0,5426.0,1000.0
17/10/2025 15:20,5426.0,5426.5,5422.0,5423.5,1000.0
17/10/2025 15:25,5423.0,5425.5,5422.0,5425.0,1000.0
17/10/2025 15:30,5425.0,5425.5,5422.5,5423.5,1000.0
17/10/2025 15:35,5423.5,5424.5,5422.5,5424.0,1000.0
17/10/2025 15:40,5423.5,5425.5,5423.0,5425.0,1000.0
17/10/2025 15:45,5424.5,5425.0,5422.5,5424.0,1000.0
17/10/2025 15:50,5424.5,5424.5,5422.0,5423.5,1000.0
17/10/2025 15:55,5423.5,5424.5,5422.5,5423.0,1000.0
17/10/2025 16:00,5422.5,5423.5,5421.5,5423.0,1000.0
17/10/2025 16:05,5423.5,5425.5,5423.0,5425.0,1000.0
17/10/2025 16:10,5424.5,5425.5,5423.0,5424.0,1000.0
17/10/2025 16:15,5424.0,5425.5,5423.5,5425.5,1000.0
17/10/2025 16:20,5425.0,5426.5,5424.5,5425.5,1000.0
17/10/2025 16:25,5426.0,5426.5,5424.0,5424.0,1000.0
17/10/2025 16:30,5424.0,5426.5,5424.0,5426.0,1000.0
17/10/2025 16:35,5425.5,5426.0,5425.0,5425.5,1000.0
17/10/2025 16:40,5425.0,5425.0,5424.0,5424.0,1000.0
17/10/2025 16:45,5424.0,5424.5,5422.5,5423.0,1000.0
17/10/2025 16:50,5422.5,5425.5,5422.5,5425.0,1000.0
17/10/2025 16:55,5425.0,5425.5,5424.5,5424.5,1000.0
17/10/2025 17:00,5425.0,5425.0,5423.5,5423.5,1000.0
17/10/2025 17:05,5424.0,5424.5,5423.5,5424.5,1000.0
17/10/2025 17:10,5424.5,5427.5,5424.0,5425.5,1000.0
17/10/2025 17:15,5426.0,5426.5,5424.5,5424.5,1000.0
17/10/2025 17:20,5424.5,5427.0,5424.5,5427.0,1000.0
17/10/2025 17:25,5426.5,5428.0,5426.5,5427.5,1000.0
17/10/2025 17:30,5427.5,5429.5,5426.5,5428.5,1000.0
17/10/2025 17:35,5428.5,5429.5,5427.5,5428.5,1000.0
17/10/2025 17:40,5428.5,5429.0,5426.5,5427.5,1000.0
17/10/2025 17:45,5427.0,5429.0,5427.0,5428.5,1000.0
17/10/2025 17:50,5428.5,5430.0,5428.0,5429.0,1000.0
17/10/2025 17:55,5429.0,5429.5,5426.5,5427.0,1000.0
17/10/2025 18:00,5427.5,5427.5,5425.0,5426.0,1000.0
17/10/2025 18:05,5426.5,5427.0,5425.5,5426.0,1000.0
17/10/2025 18:10,5426.0,5426.0,5424.0,5424.5,1000.0
17/10/2025 18:15,5425.0,5426.0,5424.0,5425.5,1000.0
17/10/2025 18:20,5425.5,5429.5,5424.5,5428.5,1000.0
17/10/2025 18:25,5429.0,5429.0,5421.0,5425.0,1000.0
17/11/2025 09:00,5317.0,5320.0,5312.5,5319.5,1000.0
17/11/2025 09:05,5319.0,5320.0,5316.0,5318.5,1000.0
17/11/2025 09:10,5318.5,5320.0,5317.0,5320.0,1000.0
17/11/2025 09:15,5320.0,5322.5,5318.5,5320.0,1000.0
17/11/2025 09:20,5319.5,5320.0,5314.0,5315.0,1000.0
17/11/2025 09:25,5315.0,5315.5,5308.5,5310.5,1000.0
17/11/2025 09:30,5310.5,5313.5,5309.5,5313.0,1000.0
17/11/2025 09:35,5313.0,5321.0,5312.5,5319.5,1000.0
17/11/2025 09:40,5319.5,5324.5,5318.5,5322.0,1000.0
17/11/2025 09:45,5322.0,5323.5,5321.0,5322.0,1000.0
17/11/2025 09:50,5322.0,5324.0,5320.5,5320.5,1000.0
17/11/2025 09:55,5321.0,5323.0,5317.0,5318.5,1000.0
17/11/2025 10:00,5318.0,5321.0,5317.0,5318.5,1000.0
17/11/2025 10:05,5318.0,5318.5,5314.0,5318.0,1000.0
17/11/2025 10:10,5318.0,5318.5,5316.5,5317.5,1000.0
17/11/2025 10:15,5317.5,5319.0,5315.5,5318.0,1000.0
17/11/2025 10:20,5317.5,5318.0,5315.5,5317.5,1000.0
17/11/2025 10:25,5317.0,5321.0,5317.0,5319.0,1000.0
17/11/2025 10:30,5319.0,5321.5,5318.5,5321.0,1000.0
17/11/2025 10:35,5321.0,5323.5,5320.0,5323.0,1000.0
17/11/2025 10:40,5323.0,5324.5,5321.5,5324.0,1000.0
17/11/2025 10:45,5324.5,5325.5,5323.5,5324.0,1000.0
17/11/2025 10:50,5324.0,5326.0,5323.5,5325.5,1000.0
17/11/2025 10:55,5325.5,5325.5,5322.0,5324.0,1000.0
17/11/2025 11:00,5324.0,5325.5,5321.5,5324.5,1000.0
17/11/2025 11:05,5324.0,5325.0,5323.0,5324.0,1000.0
17/11/2025 11:10,5324.0,5325.0,5322.5,5322.5,1000.0
17/11/2025 11:15,5322.5,5323.0,5320.5,5321.0,1000.0
17/11/2025 11:20,5321.0,5323.0,5320.5,5322.5,1000.0
17/11/2025 11:25,5322.5,5326.0,5322.0,5324.5,1000.0
17/11/2025 11:30,5324.5,5327.0,5322.5,5325.0,1000.0
17/11/2025 11:35,5324.5,5328.0,5323.0,5326.0,1000.0
17/11/2025 11:40,5326.5,5328.5,5324.5,5325.5,1000.0
17/11/2025 11:45,5325.5,5326.5,5324.0,5325.5,1000.0
17/11/2025 11:50,5326.0,5328.5,5324.0,5328.5,1000.0
17/11/2025 11:55,5328.5,5329.0,5326.5,5327.0,1000.0
17/11/2025 12:00,5326.5,5328.5,5326.5,5328.0,1000.0
17/11/2025 12:05,5328.0,5329.5,5327.0,5329.0,1000.0
17/11/2025 12:10,5329.0,5329.0,5324.0,5328.0,1000.0
17/11/2025 12:15,5327.5,5328.5,5325.5,5326.0,1000.0
17/11/2025 12:20,5326.0,5326.5,5321.5,5323.0,1000.0
17/11/2025 12:25,5323.0,5324.0,5320.0,5321.5,1000.0
17/11/2025 12:30,5322.0,5324.5,5321.5,5323.5,1000.0
17/11/2025 12:35,5323.0,5323.5,5321.5,5323.0,1000.0
17/11/2025 12:40,5323.0,5324.5,5322.0,5322.5,1000.0
17/11/2025 12:45,5322.0,5323.5,5321.0,5323.0,1000.0
17/11/2025 12:50,5323.0,5323.0,5320.5,5321.5,1000.0
17/11/2025 12:55,5321.5,5325.0,5321.0,5324.5,1000.0
17/11/2025 13:00,5324.5,5326.0,5323.5,5324.5,1000.0
17/11/2025 13:05,5324.5,5326.0,5324.0,5325.0,1000.0
17/11/2025 13:10,5325.0,5326.5,5324.5,5325.5,1000.0
17/11/2025 13:15,5325.0,5326.5,5324.5,5325.5,1000.0
17/11/2025 13:20,5325.5,5328.0,5324.5,5327.5,1000.0
17/11/2025 13:25,5327.0,5328.0,5322.5,5323.0,1000.0
17/11/2025 13:30,5323.0,5324.5,5321.5,5322.0,1000.0
17/11/2025 13:35,5322.5,5323.0,5321.5,5322.5,1000.0
17/11/2025 13:40,5323.0,5323.5,5321.5,5322.5,1000.0
17/11/2025 13:45,5322.5,5323.0,5322.0,5323.0,1000.0
17/11/2025 13:50,5322.5,5324.0,5321.5,5323.5,1000.0
17/11/2025 13:55,5324.0,5324.5,5320.5,5321.0,1000.0
17/11/2025 14:00,5321.0,5322.0,5319.0,5321.5,1000.0
17/11/2025 14:05,5321.0,5323.0,5321.0,5322.5,1000.0
17/11/2025 14:10,5322.0,5323.5,5321.5,5322.0,1000.0
17/11/2025 14:15,5322.0,5325.0,5321.5,5324.5,1000.0
17/11/2025 14:20,5325.0,5326.0,5323.5,5324.5,1000.0
17/11/2025 14:25,5324.0,5324.5,5322.5,5322.5,1000.0
17/11/2025 14:30,5322.5,5324.0,5321.0,5322.0,1000.0
17/11/2025 14:35,5322.0,5322.5,5321.0,5322.5,1000.0
17/11/2025 14:40,5322.5,5324.0,5321.0,5322.5,1000.0
17/11/2025 14:45,5322.5,5325.5,5322.0,5324.5,1000.0
17/11/2025 14:50,5324.5,5326.5,5323.5,5326.0,1000.0
17/11/2025 14:55,5326.5,5327.5,5325.0,5325.0,1000.0
17/11/2025 15:00,5325.0,5328.5,5325.0,5326.0,1000.0
17/11/2025 15:05,5326.5,5329.0,5324.5,5327.5,1000.0
17/11/2025 15:10,5327.5,5328.0,5325.0,5327.0,1000.0
17/11/2025 15:15,5327.0,5331.0,5327.0,5329.0,1000.0
17/11/2025 15:20,5328.5,5331.5,5328.0,5331.0,1000.0
17/11/2025 15:25,5331.0,5333.0,5330.5,5331.5,1000.0
17/11/2025 15:30,5331.5,5333.0,5331.0,5332.0,1000.0
17/11/2025 15:35,5332.5,5333.0,5330.5,5331.0,1000.0
17/11/2025 15:40,5330.5,5332.0,5330.0,5331.5,1000.0
17/11/2025 15:45,5331.0,5331.5,5329.5,5330.5,1000.0
17/11/2025 15:50,5331.0,5331.5,5329.5,5330.5,1000.0
17/11/2025 15:55,5330.5,5333.0,5330.0,5331.5,1000.0
17/11/2025 16:00,5331.5,5338.0,5331.5,5335.5,1000.0
17/11/2025 16:05,5335.0,5338.5,5334.0,5337.5,1000.0
17/11/2025 16:10,5338.0,5338.0,5336.5,5337.0,1000.0
17/11/2025 16:15,5337.5,5339.0,5336.5,5337.5,1000.0
17/11/2025 16:20,5337.0,5340.0,5336.5,5338.0,1000.0
17/11/2025 16:25,5338.0,5341.5,5338.0,5339.0,1000.0
17/11/2025 16:30,5338.5,5343.0,5338.5,5342.5,1000.0
17/11/2025 16:35,5342.5,5346.0,5341.0,5344.5,1000.0
17/11/2025 16:40,5344.5,5347.0,5344.5,5346.0,1000.0
17/11/2025 16:45,5345.5,5346.0,5344.0,5345.0,1000.0
17/11/2025 16:50,5345.0,5346.0,5344.5,5345.0,1000.0
17/11/2025 16:55,5345.5,5346.5,5344.5,5346.0,1000.0
17/11/2025 17:00,5346.5,5347.5,5344.5,5346.0,1000.0
17/11/2025 17:05,5346.0,5347.0,5345.0,5346.5,1000.0
17/11/2025 17:10,5346.5,5346.5,5345.0,5346.5,1000.0
17/11/2025 17:15,5346.0,5346.5,5343.5,5345.0,1000.0
17/11/2025 17:20,5345.5,5347.5,5344.0,5347.5,1000.0
17/11/2025 17:25,5347.0,5347.5,5346.0,5346.0,1000.0
17/11/2025 17:30,5346.5,5348.0,5345.5,5347.5,1000.0
17/11/2025 17:35,5348.0,5348.5,5346.5,5347.5,1000.0
17/11/2025 17:40,5347.5,5348.5,5347.0,5347.0,1000.0
17/11/2025 17:45,5347.5,5348.0,5344.5,5345.0,1000.0
17/11/2025 17:50,5345.0,5345.0,5341.0,5342.0,1000.0
17/11/2025 17:55,5341.5,5343.0,5335.5,5335.5,1000.0
17/11/2025 18:00,5336.0,5339.5,5335.0,5338.0,1000.0
17/11/2025 18:05,5338.5,5339.0,5337.0,5338.0,1000.0
17/11/2025 18:10,5338.5,5339.5,5336.5,5336.5,1000.0
17/11/2025 18:15,5336.0,5338.0,5334.5,5335.0,1000.0
17/11/2025 18:20,5334.5,5340.5,5334.0,5336.0,1000.0
17/11/2025 18:25,5336.0,5344.0,5336.0,5344.0,1000.0
17/12/2025 09:00,5516.0,5535.0,5516.0,5526.0,1000.0
17/12/2025 09:05,5526.0,5526.0,5514.0,5516.0,1000.0
17/12/2025 09:10,5516.0,5516.5,5502.5,5503.5,1000.0
17/12/2025 09:15,5504.0,5514.0,5502.5,5510.5,1000.0
17/12/2025 09:20,5510.5,5512.5,5504.5,5504.5,1000.0
17/12/2025 09:25,5505.0,5507.5,5498.5,5501.5,1000.0
17/12/2025 09:30,5501.0,5507.0,5498.5,5506.0,1000.0
17/12/2025 09:35,5506.0,5510.0,5502.5,5505.5,1000.0
17/12/2025 09:40,5505.5,5511.0,5505.0,5511.0,1000.0
17/12/2025 09:45,5511.0,5518.0,5510.0,5515.0,1000.0
17/12/2025 09:50,5515.0,5518.5,5510.5,5510.5,1000.0
17/12/2025 09:55,5511.0,5513.0,5504.5,5507.5,1000.0
17/12/2025 10:00,5508.0,5519.0,5503.5,5518.0,1000.0
17/12/2025 10:05,5518.5,5523.0,5515.0,5515.5,1000.0
17/12/2025 10:10,5515.5,5521.0,5514.0,5514.5,1000.0
17/12/2025 10:15,5515.0,5519.0,5510.5,5519.0,1000.0
17/12/2025 10:20,5519.0,5524.0,5515.0,5523.0,1000.0
17/12/2025 10:25,5523.0,5527.5,5518.5,5522.5,1000.0
17/12/2025 10:30,5522.0,5530.0,5522.0,5527.5,1000.0
17/12/2025 10:35,5527.5,5533.0,5525.0,5528.0,1000.0
17/12/2025 10:40,5528.0,5528.0,5519.5,5521.5,1000.0
17/12/2025 10:45,5521.0,5525.0,5520.0,5522.0,1000.0
17/12/2025 10:50,5522.5,5523.5,5515.5,5515.5,1000.0
17/12/2025 10:55,5515.5,5518.5,5512.0,5514.0,1000.0
17/12/2025 11:00,5514.5,5516.0,5505.5,5509.0,1000.0
17/12/2025 11:05,5509.5,5518.0,5507.5,5517.0,1000.0
17/12/2025 11:10,5517.0,5523.0,5515.5,5521.0,1000.0
17/12/2025 11:15,5521.5,5523.0,5511.0,5511.0,1000.0
17/12/2025 11:20,5511.5,5516.0,5508.5,5513.0,1000.0
17/12/2025 11:25,5513.0,5519.0,5512.5,5518.0,1000.0
17/12/2025 11:30,5518.0,5518.5,5511.0,5512.0,1000.0
17/12/2025 11:35,5512.0,5516.0,5511.0,5514.5,1000.0
17/12/2025 11:40,5514.5,5515.0,5509.5,5512.5,1000.0
17/12/2025 11:45,5512.5,5517.0,5509.5,5515.5,1000.0
17/12/2025 11:50,5515.5,5515.5,5506.0,5508.0,1000.0
17/12/2025 11:55,5508.0,5514.5,5507.0,5514.5,1000.0
17/12/2025 12:00,5514.5,5520.5,5514.5,5518.5,1000.0
17/12/2025 12:05,5519.0,5519.0,5512.5,5517.5,1000.0
17/12/2025 12:10,5517.0,5519.5,5514.5,5517.0,1000.0
17/12/2025 12:15,5517.0,5524.5,5516.5,5523.0,1000.0
17/12/2025 12:20,5522.5,5523.5,5517.5,5522.5,1000.0
17/12/2025 12:25,5522.5,5526.0,5521.5,5524.0,1000.0
17/12/2025 12:30,5523.5,5531.0,5523.0,5530.5,1000.0
17/12/2025 12:35,5530.5,5539.5,5530.0,5536.0,1000.0
17/12/2025 12:40,5536.0,5537.0,5533.0,5534.0,1000.0
17/12/2025 12:45,5534.5,5535.0,5531.0,5533.5,1000.0
17/12/2025 12:50,5533.5,5534.5,5531.0,5534.5,1000.0
17/12/2025 12:55,5534.0,5539.0,5533.0,5536.0,1000.0
17/12/2025 13:00,5536.0,5545.0,5535.0,5540.5,1000.0
17/12/2025 13:05,5541.0,5541.0,5535.0,5537.5,1000.0
17/12/2025 13:10,5538.0,5538.5,5534.5,5538.0,1000.0
17/12/2025 13:15,5538.0,5538.5,5533.0,5534.0,1000.0
17/12/2025 13:20,5533.5,5536.5,5530.5,5534.0,1000.0
17/12/2025 13:25,5534.0,5539.0,5533.5,5536.0,1000.0
17/12/2025 13:30,5536.0,5541.0,5534.0,5534.5,1000.0
17/12/2025 13:35,5534.5,5537.0,5533.5,5535.5,1000.0
17/12/2025 13:40,5535.0,5541.0,5534.5,5541.0,1000.0
17/12/2025 13:45,5541.0,5541.0,5535.5,5540.0,1000.0
17/12/2025 13:50,5540.0,5545.0,5539.0,5540.5,1000.0
17/12/2025 13:55,5541.0,5542.0,5537.0,5538.0,1000.0
17/12/2025 14:00,5538.0,5538.0,5532.5,5534.5,1000.0
17/12/2025 14:05,5534.5,5535.0,5527.0,5528.5,1000.0
17/12/2025 14:10,5529.0,5529.0,5524.5,5529.0,1000.0
17/12/2025 14:15,5529.0,5530.0,5527.0,5527.5,1000.0
17/12/2025 14:20,5528.0,5528.0,5524.0,5527.5,1000.0
17/12/2025 14:25,5527.5,5529.0,5525.5,5526.0,1000.0
17/12/2025 14:30,5525.5,5526.5,5521.0,5524.0,1000.0
17/12/2025 14:35,5524.0,5524.5,5521.5,5524.5,1000.0
17/12/2025 14:40,5524.5,5526.0,5522.0,5525.5,1000.0
17/12/2025 14:45,5525.5,5527.5,5524.0,5526.0,1000.0
17/12/2025 14:50,5526.0,5529.5,5524.5,5529.0,1000.0
17/12/2025 14:55,5528.5,5529.0,5525.5,5527.5,1000.0
17/12/2025 15:00,5528.0,5540.0,5527.5,5531.5,1000.0
17/12/2025 15:05,5531.5,5534.0,5528.5,5533.5,1000.0
17/12/2025 15:10,5533.5,5535.0,5530.5,5532.0,1000.0
17/12/2025 15:15,5532.0,5533.0,5529.5,5531.0,1000.0
17/12/2025 15:20,5530.5,5533.0,5528.0,5529.5,1000.0
17/12/2025 15:25,5529.5,5533.0,5529.0,5531.5,1000.0
17/12/2025 15:30,5531.5,5535.0,5531.5,5533.5,1000.0
17/12/2025 15:35,5533.5,5533.5,5531.0,5532.0,1000.0
17/12/2025 15:40,5532.5,5534.5,5531.5,5532.5,1000.0
17/12/2025 15:45,5532.5,5535.0,5531.0,5534.5,1000.0
17/12/2025 15:50,5534.5,5536.5,5532.5,5533.0,1000.0
17/12/2025 15:55,5533.0,5534.0,5531.5,5533.0,1000.0
17/12/2025 16:00,5532.5,5534.0,5531.5,5533.0,1000.0
17/12/2025 16:05,5532.5,5533.0,5530.0,5531.0,1000.0
17/12/2025 16:10,5531.0,5533.0,5530.5,5532.0,1000.0
17/12/2025 16:15,5532.5,5534.0,5532.0,5533.5,1000.0
17/12/2025 16:20,5533.0,5533.5,5530.5,5531.5,1000.0
17/12/2025 16:25,5532.0,5535.0,5531.5,5535.0,1000.0
17/12/2025 16:30,5535.0,5542.0,5534.5,5541.5,1000.0
17/12/2025 16:35,5542.0,5542.0,5537.5,5539.5,1000.0
17/12/2025 16:40,5539.0,5540.0,5534.0,5535.0,1000.0
17/12/2025 16:45,5535.0,5537.5,5533.0,5535.0,1000.0
17/12/2025 16:50,5535.0,5535.5,5531.5,5533.5,1000.0
17/12/2025 16:55,5533.5,5535.5,5533.0,5535.5,1000.0
17/12/2025 17:00,5536.0,5537.5,5535.0,5536.5,1000.0
17/12/2025 17:05,5536.0,5536.5,5534.0,5535.0,1000.0
17/12/2025 17:10,5535.0,5535.0,5532.0,5532.0,1000.0
17/12/2025 17:15,5532.5,5533.0,5527.0,5531.0,1000.0
17/12/2025 17:20,5531.0,5531.5,5528.0,5529.0,1000.0
17/12/2025 17:25,5529.0,5530.5,5526.5,5528.0,1000.0
17/12/2025 17:30,5527.5,5529.0,5523.0,5523.5,1000.0
17/12/2025 17:35,5523.5,5525.5,5523.0,5525.0,1000.0
17/12/2025 17:40,5524.5,5526.0,5522.5,5525.0,1000.0
17/12/2025 17:45,5524.5,5527.0,5523.5,5524.0,1000.0
17/12/2025 17:50,5523.5,5527.5,5523.5,5527.5,1000.0
17/12/2025 17:55,5527.5,5530.5,5526.5,5528.0,1000.0
17/12/2025 18:00,5528.0,5528.5,5525.0,5526.5,1000.0
17/12/2025 18:05,5526.0,5528.5,5525.0,5525.0,1000.0
17/12/2025 18:10,5525.0,5531.5,5525.0,5529.5,1000.0
17/12/2025 18:15,5529.5,5531.0,5525.5,5529.0,1000.0
17/12/2025 18:20,5529.0,5539.5,5527.5,5535.0,1000.0
17/12/2025 18:25,5535.0,5537.0,5533.5,5534.5,1000.0
18/02/2026 13:00,5218.0,5225.0,5208.0,5211.0,1000.0
18/02/2026 13:05,5210.5,5215.0,5205.5,5214.5,1000.0
18/02/2026 13:10,5214.0,5222.0,5213.5,5220.5,1000.0
18/02/2026 13:15,5220.5,5230.0,5219.5,5224.0,1000.0
18/02/2026 13:20,5223.5,5227.0,5216.5,5218.5,1000.0
18/02/2026 13:25,5218.5,5222.5,5214.5,5220.0,1000.0
18/02/2026 13:30,5219.5,5227.0,5219.0,5224.0,1000.0
18/02/2026 13:35,5224.0,5225.0,5221.0,5224.5,1000.0
18/02/2026 13:40,5224.5,5226.0,5222.5,5226.0,1000.0
18/02/2026 13:45,5225.5,5228.0,5224.5,5228.0,1000.0
18/02/2026 13:50,5228.0,5229.0,5223.5,5225.5,1000.0
18/02/2026 13:55,5225.5,5228.5,5223.5,5228.5,1000.0
18/02/2026 14:00,5228.5,5234.0,5227.0,5229.0,1000.0
18/02/2026 14:05,5229.5,5231.5,5225.0,5231.0,1000.0
18/02/2026 14:10,5231.0,5232.0,5229.5,5231.5,1000.0
18/02/2026 14:15,5232.0,5234.0,5230.5,5231.0,1000.0
18/02/2026 14:20,5231.5,5234.0,5229.5,5232.5,1000.0
18/02/2026 14:25,5233.0,5238.0,5231.0,5236.5,1000.0
18/02/2026 14:30,5236.5,5243.5,5234.5,5242.5,1000.0
18/02/2026 14:35,5242.5,5245.0,5240.0,5243.0,1000.0
18/02/2026 14:40,5243.5,5248.5,5242.5,5247.0,1000.0
18/02/2026 14:45,5247.0,5247.5,5243.5,5244.5,1000.0
18/02/2026 14:50,5245.0,5245.0,5239.5,5243.5,1000.0
18/02/2026 14:55,5243.5,5243.5,5238.5,5239.5,1000.0
18/02/2026 15:00,5239.5,5242.0,5239.5,5241.0,1000.0
18/02/2026 15:05,5241.0,5250.0,5241.0,5249.5,1000.0
18/02/2026 15:10,5250.0,5250.5,5247.5,5248.5,1000.0
18/02/2026 15:15,5248.5,5253.5,5247.0,5251.0,1000.0
18/02/2026 15:20,5250.5,5256.5,5250.5,5256.0,1000.0
18/02/2026 15:25,5256.5,5260.0,5255.5,5256.0,1000.0
18/02/2026 15:30,5256.0,5259.5,5254.5,5255.0,1000.0
18/02/2026 15:35,5255.0,5256.0,5251.0,5251.5,1000.0
18/02/2026 15:40,5251.5,5254.5,5250.0,5254.5,1000.0
18/02/2026 15:45,5254.0,5260.5,5253.0,5258.5,1000.0
18/02/2026 15:50,5258.5,5262.5,5254.0,5255.5,1000.0
18/02/2026 15:55,5255.0,5256.5,5252.5,5254.0,1000.0
18/02/2026 16:00,5254.5,5256.5,5252.5,5254.5,1000.0
18/02/2026 16:05,5254.5,5257.0,5253.5,5255.0,1000.0
18/02/2026 16:10,5255.0,5257.5,5254.5,5255.0,1000.0
18/02/2026 16:15,5255.0,5257.5,5254.5,5256.0,1000.0
18/02/2026 16:20,5255.5,5256.5,5254.5,5255.5,1000.0
18/02/2026 16:25,5255.5,5258.5,5254.5,5257.0,1000.0
18/02/2026 16:30,5257.0,5261.0,5256.0,5258.0,1000.0
18/02/2026 16:35,5257.5,5261.0,5257.5,5259.0,1000.0
18/02/2026 16:40,5259.5,5259.5,5256.5,5258.0,1000.0
18/02/2026 16:45,5258.5,5260.5,5255.5,5259.5,1000.0
18/02/2026 16:50,5260.0,5261.5,5259.5,5260.0,1000.0
18/02/2026 16:55,5260.0,5260.5,5254.0,5255.5,1000.0
18/02/2026 17:00,5256.0,5256.0,5249.5,5249.5,1000.0
18/02/2026 17:05,5250.0,5250.5,5247.5,5250.5,1000.0
18/02/2026 17:10,5250.0,5254.0,5250.0,5253.0,1000.0
18/02/2026 17:15,5253.0,5254.0,5251.0,5252.5,1000.0
18/02/2026 17:20,5252.5,5254.5,5252.0,5254.5,1000.0
18/02/2026 17:25,5254.5,5254.5,5253.5,5254.0,1000.0
18/02/2026 17:30,5254.0,5254.5,5248.0,5248.5,1000.0
18/02/2026 17:35,5248.0,5250.5,5248.0,5250.0,1000.0
18/02/2026 17:40,5249.5,5251.5,5249.0,5250.5,1000.0
18/02/2026 17:45,5250.5,5252.0,5249.5,5250.0,1000.0
18/02/2026 17:50,5250.0,5250.5,5248.0,5249.5,1000.0
18/02/2026 17:55,5250.0,5251.5,5248.0,5248.5,1000.0
18/02/2026 18:00,5248.5,5252.0,5248.0,5250.5,1000.0
18/02/2026 18:05,5250.5,5251.5,5249.0,5249.5,1000.0
18/02/2026 18:10,5250.0,5253.5,5249.0,5253.0,1000.0
18/02/2026 18:15,5252.5,5254.0,5250.5,5251.0,1000.0
18/02/2026 18:20,5250.5,5253.5,5249.5,5250.5,1000.0
18/02/2026 18:25,5250.0,5252.0,5249.0,5249.5,1000.0
18/03/2026 09:00,5209.5,5212.5,5199.5,5212.5,1000.0
18/03/2026 09:05,5212.5,5219.0,5209.5,5218.5,1000.0
18/03/2026 09:10,5218.5,5223.0,5215.5,5219.5,1000.0
18/03/2026 09:15,5220.0,5223.0,5217.5,5222.0,1000.0
18/03/2026 09:20,5221.5,5226.0,5217.5,5224.0,1000.0
18/03/2026 09:25,5223.5,5229.0,5223.5,5226.0,1000.0
18/03/2026 09:30,5226.0,5232.5,5225.5,5228.5,1000.0
18/03/2026 09:35,5228.0,5232.5,5225.5,5226.5,1000.0
18/03/2026 09:40,5227.0,5240.0,5224.5,5237.5,1000.0
18/03/2026 09:45,5237.5,5243.0,5236.5,5240.0,1000.0
18/03/2026 09:50,5240.0,5247.0,5236.0,5245.0,1000.0
18/03/2026 09:55,5244.5,5247.5,5240.0,5246.5,1000.0
18/03/2026 10:00,5246.5,5248.5,5239.5,5244.0,1000.0
18/03/2026 10:05,5244.5,5246.5,5238.0,5240.5,1000.0
18/03/2026 10:10,5240.0,5243.0,5237.5,5242.5,1000.0
18/03/2026 10:15,5242.0,5246.0,5237.0,5239.0,1000.0
18/03/2026 10:20,5239.0,5242.0,5235.5,5240.5,1000.0
18/03/2026 10:25,5241.0,5241.0,5234.0,5234.5,1000.0
18/03/2026 10:30,5235.0,5237.0,5231.5,5234.5,1000.0
18/03/2026 10:35,5234.0,5234.5,5229.5,5231.0,1000.0
18/03/2026 10:40,5230.5,5236.5,5229.0,5233.0,1000.0
18/03/2026 10:45,5233.0,5234.0,5229.5,5231.0,1000.0
18/03/2026 10:50,5231.0,5239.0,5230.0,5237.0,1000.0
18/03/2026 10:55,5236.5,5238.0,5227.5,5229.5,1000.0
18/03/2026 11:00,5229.0,5229.5,5222.0,5223.0,1000.0
18/03/2026 11:05,5223.5,5224.0,5217.0,5219.0,1000.0
18/03/2026 11:10,5219.5,5228.0,5219.0,5226.5,1000.0
18/03/2026 11:15,5226.5,5230.0,5223.0,5229.0,1000.0
18/03/2026 11:20,5229.0,5233.5,5228.0,5230.5,1000.0
18/03/2026 11:25,5230.5,5241.5,5230.0,5239.0,1000.0
18/03/2026 11:30,5239.0,5240.0,5229.5,5232.5,1000.0
18/03/2026 11:35,5232.0,5233.5,5226.5,5229.5,1000.0
18/03/2026 11:40,5229.5,5233.0,5226.5,5231.5,1000.0
18/03/2026 11:45,5231.5,5231.5,5222.5,5224.0,1000.0
18/03/2026 11:50,5224.5,5229.5,5222.5,5226.5,1000.0
18/03/2026 11:55,5227.0,5228.5,5218.5,5219.5,1000.0
18/03/2026 12:00,5219.0,5220.0,5214.0,5216.5,1000.0
18/03/2026 12:05,5216.5,5218.0,5209.0,5211.0,1000.0
18/03/2026 12:10,5210.5,5216.5,5210.5,5215.0,1000.0
18/03/2026 12:15,5214.5,5219.5,5214.0,5218.0,1000.0
18/03/2026 12:20,5218.0,5222.5,5216.0,5217.0,1000.0
18/03/2026 12:25,5216.5,5220.0,5216.5,5219.5,1000.0
18/03/2026 12:30,5219.5,5219.5,5214.0,5216.5,1000.0
18/03/2026 12:35,5216.0,5217.0,5213.0,5215.0,1000.0
18/03/2026 12:40,5215.5,5218.0,5213.0,5216.5,1000.0
18/03/2026 12:45,5216.0,5217.5,5214.0,5216.5,1000.0
18/03/2026 12:50,5216.5,5220.0,5216.0,5216.5,1000.0
18/03/2026 12:55,5216.5,5220.0,5216.0,5218.0,1000.0
18/03/2026 13:00,5218.5,5220.5,5213.5,5215.0,1000.0
18/03/2026 13:05,5215.0,5215.5,5213.0,5215.0,1000.0
18/03/2026 13:10,5215.0,5215.5,5208.5,5209.0,1000.0
18/03/2026 13:15,5208.5,5212.5,5208.5,5209.0,1000.0
18/03/2026 13:20,5209.0,5210.0,5207.0,5209.0,1000.0
18/03/2026 13:25,5209.0,5211.5,5208.0,5209.5,1000.0
18/03/2026 13:30,5209.5,5224.5,5209.0,5224.5,1000.0
18/03/2026 13:35,5224.5,5229.0,5223.0,5224.0,1000.0
18/03/2026 13:40,5224.0,5226.5,5223.5,5224.0,1000.0
18/03/2026 13:45,5224.0,5226.5,5223.0,5226.5,1000.0
18/03/2026 13:50,5226.5,5227.0,5221.0,5222.5,1000.0
18/03/2026 13:55,5222.0,5222.5,5218.5,5220.0,1000.0
18/03/2026 14:00,5219.5,5223.0,5219.0,5222.0,1000.0
18/03/2026 14:05,5222.0,5227.0,5221.5,5226.0,1000.0
18/03/2026 14:10,5225.5,5229.0,5224.0,5227.5,1000.0
18/03/2026 14:15,5227.5,5228.5,5223.5,5226.0,1000.0
18/03/2026 14:20,5226.0,5227.0,5222.5,5222.5,1000.0
18/03/2026 14:25,5222.5,5225.5,5222.5,5225.5,1000.0
18/03/2026 14:30,5225.5,5229.0,5223.0,5223.5,1000.0
18/03/2026 14:35,5223.5,5223.5,5218.0,5220.0,1000.0
18/03/2026 14:40,5220.0,5223.0,5219.0,5219.5,1000.0
18/03/2026 14:45,5219.5,5220.0,5213.5,5217.0,1000.0
18/03/2026 14:50,5216.5,5221.0,5216.5,5220.0,1000.0
18/03/2026 14:55,5220.5,5222.0,5217.0,5219.0,1000.0
18/03/2026 15:00,5219.0,5221.5,5212.0,5217.0,1000.0
18/03/2026 15:05,5217.0,5222.0,5216.5,5221.5,1000.0
18/03/2026 15:10,5221.5,5224.0,5219.0,5222.5,1000.0
18/03/2026 15:15,5222.5,5231.5,5221.0,5224.0,1000.0
18/03/2026 15:20,5224.0,5227.5,5222.5,5225.0,1000.0
18/03/2026 15:25,5224.5,5228.5,5224.0,5226.0,1000.0
18/03/2026 15:30,5226.5,5233.5,5225.5,5231.5,1000.0
18/03/2026 15:35,5232.0,5235.0,5223.5,5235.0,1000.0
18/03/2026 15:40,5235.0,5237.0,5231.0,5235.5,1000.0
18/03/2026 15:45,5235.5,5238.0,5234.0,5236.5,1000.0
18/03/2026 15:50,5236.5,5240.5,5234.5,5237.0,1000.0
18/03/2026 15:55,5237.0,5240.5,5235.5,5239.5,1000.0
18/03/2026 16:00,5239.5,5241.5,5232.5,5233.5,1000.0
18/03/2026 16:05,5233.0,5237.0,5232.0,5234.0,1000.0
18/03/2026 16:10,5234.0,5240.0,5234.0,5237.5,1000.0
18/03/2026 16:15,5237.5,5240.5,5236.5,5239.5,1000.0
18/03/2026 16:20,5240.0,5245.5,5238.0,5245.5,1000.0
18/03/2026 16:25,5245.5,5247.0,5242.0,5244.0,1000.0
18/03/2026 16:30,5244.0,5244.5,5237.0,5237.5,1000.0
18/03/2026 16:35,5237.5,5241.0,5237.0,5239.0,1000.0
18/03/2026 16:40,5239.0,5246.0,5238.0,5244.5,1000.0
18/03/2026 16:45,5244.5,5251.5,5243.5,5249.5,1000.0
18/03/2026 16:50,5249.5,5257.5,5247.5,5257.5,1000.0
18/03/2026 16:55,5257.0,5261.5,5257.0,5258.5,1000.0
18/03/2026 17:00,5258.5,5263.0,5257.5,5259.0,1000.0
18/03/2026 17:05,5259.5,5265.0,5259.0,5262.5,1000.0
18/03/2026 17:10,5262.5,5268.5,5261.0,5264.0,1000.0
18/03/2026 17:15,5264.5,5267.5,5263.0,5267.0,1000.0
18/03/2026 17:20,5267.0,5270.0,5265.5,5266.5,1000.0
18/03/2026 17:25,5266.5,5279.0,5266.0,5277.5,1000.0
18/03/2026 17:30,5277.5,5278.5,5272.5,5275.5,1000.0
18/03/2026 17:35,5276.0,5278.0,5271.5,5277.5,1000.0
18/03/2026 17:40,5277.5,5278.0,5273.0,5274.0,1000.0
18/03/2026 17:45,5274.0,5277.5,5273.0,5276.5,1000.0
18/03/2026 17:50,5276.5,5285.5,5276.5,5282.5,1000.0
18/03/2026 17:55,5283.0,5285.0,5280.5,5283.0,1000.0
18/03/2026 18:00,5283.0,5288.5,5282.0,5287.5,1000.0
18/03/2026 18:05,5287.0,5288.0,5284.5,5287.5,1000.0
18/03/2026 18:10,5287.0,5289.5,5284.0,5285.0,1000.0
18/03/2026 18:15,5284.5,5285.0,5263.0,5263.0,1000.0
18/03/2026 18:20,5263.5,5273.0,5263.5,5270.5,1000.0
18/03/2026 18:25,5270.5,5272.0,5261.0,5261.5,1000.0
18/11/2025 09:00,5351.0,5354.0,5346.5,5347.5,1000.0
18/11/2025 09:05,5347.5,5350.5,5346.0,5350.5,1000.0
18/11/2025 09:10,5350.0,5352.0,5348.5,5350.5,1000.0
18/11/2025 09:15,5350.5,5352.0,5349.0,5351.0,1000.0
18/11/2025 09:20,5351.0,5354.0,5350.5,5353.5,1000.0
18/11/2025 09:25,5354.0,5358.5,5353.5,5355.0,1000.0
18/11/2025 09:30,5355.0,5356.5,5351.0,5351.5,1000.0
18/11/2025 09:35,5351.5,5354.0,5349.5,5354.0,1000.0
18/11/2025 09:40,5354.0,5357.0,5353.0,5356.0,1000.0
18/11/2025 09:45,5355.5,5358.5,5354.5,5354.5,1000.0
18/11/2025 09:50,5354.5,5358.0,5354.5,5357.0,1000.0
18/11/2025 09:55,5357.5,5358.0,5356.0,5356.5,1000.0
18/11/2025 10:00,5357.0,5357.5,5354.5,5355.5,1000.0
18/11/2025 10:05,5356.0,5356.5,5349.0,5352.5,1000.0
18/11/2025 10:10,5352.5,5353.0,5346.5,5347.0,1000.0
18/11/2025 10:15,5347.0,5347.5,5338.5,5340.5,1000.0
18/11/2025 10:20,5340.5,5340.5,5337.5,5338.0,1000.0
18/11/2025 10:25,5338.5,5341.5,5336.5,5341.5,1000.0
18/11/2025 10:30,5341.0,5341.5,5334.0,5336.0,1000.0
18/11/2025 10:35,5336.0,5341.5,5335.0,5339.0,1000.0
18/11/2025 10:40,5339.0,5339.5,5336.0,5338.5,1000.0
18/11/2025 10:45,5338.5,5339.5,5335.0,5337.0,1000.0
18/11/2025 10:50,5337.5,5337.5,5328.5,5330.0,1000.0
18/11/2025 10:55,5330.0,5336.5,5329.0,5336.5,1000.0
18/11/2025 11:00,5336.0,5336.5,5331.5,5334.0,1000.0
18/11/2025 11:05,5334.5,5337.0,5333.5,5336.0,1000.0
18/11/2025 11:10,5336.0,5338.5,5335.5,5338.5,1000.0
18/11/2025 11:15,5338.5,5339.5,5334.0,5334.5,1000.0
18/11/2025 11:20,5334.5,5337.5,5334.5,5335.5,1000.0
18/11/2025 11:25,5336.0,5336.5,5334.5,5336.5,1000.0
18/11/2025 11:30,5336.5,5338.0,5330.5,5334.5,1000.0
18/11/2025 11:35,5334.5,5335.0,5331.0,5332.0,1000.0
18/11/2025 11:40,5332.0,5338.5,5331.0,5338.0,1000.0
18/11/2025 11:45,5338.0,5338.5,5335.0,5336.5,1000.0
18/11/2025 11:50,5337.0,5345.0,5335.5,5344.5,1000.0
18/11/2025 11:55,5344.0,5350.0,5343.5,5350.0,1000.0
18/11/2025 12:00,5350.0,5355.5,5349.5,5354.0,1000.0
18/11/2025 12:05,5354.5,5355.0,5348.5,5352.0,1000.0
18/11/2025 12:10,5352.0,5354.0,5350.0,5351.0,1000.0
18/11/2025 12:15,5351.5,5354.0,5349.0,5350.0,1000.0
18/11/2025 12:20,5350.0,5351.5,5345.5,5351.0,1000.0
18/11/2025 12:25,5351.0,5351.5,5348.0,5349.0,1000.0
18/11/2025 12:30,5349.0,5350.5,5347.0,5349.5,1000.0
18/11/2025 12:35,5349.5,5352.0,5349.0,5349.5,1000.0
18/11/2025 12:40,5349.5,5353.0,5348.0,5351.0,1000.0
18/11/2025 12:45,5351.5,5352.5,5350.5,5351.5,1000.0
18/11/2025 12:50,5351.5,5354.0,5349.0,5350.0,1000.0
18/11/2025 12:55,5350.0,5351.5,5348.0,5351.0,1000.0
18/11/2025 13:00,5351.0,5356.5,5350.5,5353.5,1000.0
18/11/2025 13:05,5353.0,5354.5,5352.0,5353.5,1000.0
18/11/2025 13:10,5353.0,5353.5,5350.0,5350.5,1000.0
18/11/2025 13:15,5350.5,5351.5,5347.0,5347.0,1000.0
18/11/2025 13:20,5347.0,5347.5,5342.0,5344.0,1000.0
18/11/2025 13:25,5344.0,5344.5,5338.5,5339.5,1000.0
18/11/2025 13:30,5339.5,5339.5,5333.5,5336.0,1000.0
18/11/2025 13:35,5335.5,5338.0,5333.5,5337.5,1000.0
18/11/2025 13:40,5337.5,5339.0,5335.5,5336.0,1000.0
18/11/2025 13:45,5335.5,5337.5,5334.0,5335.5,1000.0
18/11/2025 13:50,5335.5,5336.5,5333.5,5333.5,1000.0
18/11/2025 13:55,5333.5,5334.5,5331.0,5333.5,1000.0
18/11/2025 14:00,5333.0,5334.0,5332.0,5333.0,1000.0
18/11/2025 14:05,5332.5,5336.5,5332.0,5335.5,1000.0
18/11/2025 14:10,5336.0,5337.5,5334.5,5336.0,1000.0
18/11/2025 14:15,5335.5,5337.0,5333.0,5336.0,1000.0
18/11/2025 14:20,5336.0,5337.0,5334.0,5336.0,1000.0
18/11/2025 14:25,5336.0,5340.5,5336.0,5339.5,1000.0
18/11/2025 14:30,5339.5,5341.5,5339.0,5339.0,1000.0
18/11/2025 14:35,5339.0,5339.5,5336.0,5336.5,1000.0
18/11/2025 14:40,5336.0,5336.5,5332.5,5334.5,1000.0
18/11/2025 14:45,5334.5,5336.5,5333.5,5334.5,1000.0
18/11/2025 14:50,5334.5,5336.0,5334.0,5335.0,1000.0
18/11/2025 14:55,5334.5,5335.5,5333.5,5335.0,1000.0
18/11/2025 15:00,5334.5,5335.0,5333.0,5335.0,1000.0
18/11/2025 15:05,5335.0,5335.0,5333.0,5334.0,1000.0
18/11/2025 15:10,5333.5,5334.5,5332.0,5333.5,1000.0
18/11/2025 15:15,5333.5,5333.5,5330.0,5331.0,1000.0
18/11/2025 15:20,5331.0,5333.0,5330.5,5331.5,1000.0
18/11/2025 15:25,5331.0,5333.0,5330.0,5331.5,1000.0
18/11/2025 15:30,5331.5,5331.5,5329.0,5329.5,1000.0
18/11/2025 15:35,5329.5,5332.5,5329.5,5330.5,1000.0
18/11/2025 15:40,5330.5,5331.0,5328.0,5329.5,1000.0
18/11/2025 15:45,5329.0,5330.5,5328.5,5330.0,1000.0
18/11/2025 15:50,5329.5,5330.5,5329.0,5330.0,1000.0
18/11/2025 15:55,5330.0,5332.5,5330.0,5332.0,1000.0
18/11/2025 16:00,5332.0,5333.0,5331.0,5332.5,1000.0
18/11/2025 16:05,5332.5,5333.0,5330.5,5330.5,1000.0
18/11/2025 16:10,5330.5,5331.0,5329.5,5329.5,1000.0
18/11/2025 16:15,5329.5,5330.0,5328.0,5328.5,1000.0
18/11/2025 16:20,5329.0,5331.5,5328.5,5330.5,1000.0
18/11/2025 16:25,5331.0,5332.0,5330.0,5331.5,1000.0
18/11/2025 16:30,5331.5,5332.0,5330.0,5331.0,1000.0
18/11/2025 16:35,5330.5,5331.0,5329.0,5330.0,1000.0
18/11/2025 16:40,5329.5,5331.0,5329.0,5330.5,1000.0
18/11/2025 16:45,5330.5,5331.0,5329.0,5330.0,1000.0
18/11/2025 16:50,5330.0,5331.0,5330.0,5330.0,1000.0
18/11/2025 16:55,5330.0,5331.5,5330.0,5331.0,1000.0
18/11/2025 17:00,5330.5,5331.5,5330.0,5330.0,1000.0
18/11/2025 17:05,5330.5,5331.5,5330.0,5331.0,1000.0
18/11/2025 17:10,5331.0,5333.5,5330.5,5333.0,1000.0
18/11/2025 17:15,5333.5,5334.0,5332.5,5333.5,1000.0
18/11/2025 17:20,5333.5,5334.5,5333.0,5334.5,1000.0
18/11/2025 17:25,5334.5,5337.0,5333.5,5334.5,1000.0
18/11/2025 17:30,5334.5,5336.5,5334.0,5336.0,1000.0
18/11/2025 17:35,5335.5,5336.0,5334.0,5334.0,1000.0
18/11/2025 17:40,5334.5,5336.0,5334.0,5335.5,1000.0
18/11/2025 17:45,5336.0,5337.5,5335.5,5337.0,1000.0
18/11/2025 17:50,5336.5,5339.0,5336.0,5338.0,1000.0
18/11/2025 17:55,5338.5,5339.0,5334.5,5334.5,1000.0
18/11/2025 18:00,5334.5,5336.0,5334.5,5335.5,1000.0
18/11/2025 18:05,5335.0,5335.5,5334.5,5335.0,1000.0
18/11/2025 18:10,5335.0,5336.5,5334.5,5335.5,1000.0
18/11/2025 18:15,5335.5,5336.5,5334.0,5336.0,1000.0
18/11/2025 18:20,5336.5,5337.5,5335.5,5337.0,1000.0
18/11/2025 18:25,5337.5,5340.0,5336.0,5339.5,1000.0
18/12/2025 09:00,5519.0,5526.0,5516.0,5525.5,1000.0
18/12/2025 09:05,5525.5,5530.0,5523.0,5528.5,1000.0
18/12/2025 09:10,5529.0,5536.0,5527.0,5535.5,1000.0
18/12/2025 09:15,5535.5,5536.0,5528.0,5531.0,1000.0
18/12/2025 09:20,5531.0,5535.5,5528.0,5535.5,1000.0
18/12/2025 09:25,5535.0,5535.5,5529.0,5529.5,1000.0
18/12/2025 09:30,5529.5,5535.5,5529.0,5534.0,1000.0
18/12/2025 09:35,5534.0,5536.5,5532.0,5536.0,1000.0
18/12/2025 09:40,5536.0,5543.5,5534.5,5543.5,1000.0
18/12/2025 09:45,5543.0,5552.0,5540.5,5548.5,1000.0
18/12/2025 09:50,5548.0,5558.0,5547.5,5556.5,1000.0
18/12/2025 09:55,5556.5,5571.5,5556.0,5568.5,1000.0
18/12/2025 10:00,5568.0,5569.5,5557.5,5558.0,1000.0
18/12/2025 10:05,5558.5,5562.5,5552.5,5559.5,1000.0
18/12/2025 10:10,5560.0,5561.0,5554.0,5556.5,1000.0
18/12/2025 10:15,5557.0,5557.5,5546.5,5546.5,1000.0
18/12/2025 10:20,5546.5,5555.0,5546.5,5551.0,1000.0
18/12/2025 10:25,5551.0,5552.5,5546.5,5549.0,1000.0
18/12/2025 10:30,5548.5,5549.5,5528.5,5529.5,1000.0
18/12/2025 10:35,5529.5,5540.0,5528.5,5537.5,1000.0
18/12/2025 10:40,5538.0,5545.5,5535.5,5544.0,1000.0
18/12/2025 10:45,5544.0,5547.5,5538.5,5539.5,1000.0
18/12/2025 10:50,5539.5,5540.0,5532.0,5538.5,1000.0
18/12/2025 10:55,5538.5,5553.5,5538.0,5551.0,1000.0
18/12/2025 11:00,5551.0,5552.0,5539.0,5539.0,1000.0
18/12/2025 11:05,5539.0,5546.0,5539.0,5544.5,1000.0
18/12/2025 11:10,5544.5,5548.5,5543.0,5547.5,1000.0
18/12/2025 11:15,5547.5,5549.0,5543.0,5548.5,1000.0
18/12/2025 11:20,5548.0,5553.5,5547.0,5547.5,1000.0
18/12/2025 11:25,5547.5,5551.0,5546.0,5547.0,1000.0
18/12/2025 11:30,5547.5,5549.0,5542.0,5546.5,1000.0
18/12/2025 11:35,5546.0,5548.0,5542.0,5542.0,1000.0
18/12/2025 11:40,5542.0,5553.5,5542.0,5551.0,1000.0
18/12/2025 11:45,5551.5,5552.5,5546.0,5547.5,1000.0
18/12/2025 11:50,5547.0,5547.5,5536.0,5543.0,1000.0
18/12/2025 11:55,5543.5,5546.0,5541.5,5542.5,1000.0
18/12/2025 12:00,5542.0,5544.5,5539.0,5543.0,1000.0
18/12/2025 12:05,5542.5,5543.5,5535.0,5537.0,1000.0
18/12/2025 12:10,5537.5,5539.5,5533.0,5533.5,1000.0
18/12/2025 12:15,5533.5,5537.5,5531.0,5532.0,1000.0
18/12/2025 12:20,5532.0,5533.0,5528.0,5531.0,1000.0
18/12/2025 12:25,5531.0,5531.5,5524.5,5524.5,1000.0
18/12/2025 12:30,5525.0,5531.5,5524.5,5531.0,1000.0
18/12/2025 12:35,5530.5,5534.5,5527.0,5530.0,1000.0
18/12/2025 12:40,5530.0,5533.0,5529.0,5530.5,1000.0
18/12/2025 12:45,5530.5,5533.0,5527.5,5528.0,1000.0
18/12/2025 12:50,5528.5,5529.5,5522.5,5523.0,1000.0
18/12/2025 12:55,5523.5,5525.0,5514.5,5525.0,1000.0
18/12/2025 13:00,5525.0,5529.5,5518.5,5518.5,1000.0
18/12/2025 13:05,5518.5,5527.0,5513.5,5520.0,1000.0
18/12/2025 13:10,5520.0,5526.0,5518.5,5525.0,1000.0
18/12/2025 13:15,5525.0,5529.0,5521.5,5526.5,1000.0
18/12/2025 13:20,5526.5,5530.0,5525.5,5527.0,1000.0
18/12/2025 13:25,5527.5,5530.0,5525.5,5530.0,1000.0
18/12/2025 13:30,5530.0,5534.0,5529.5,5531.0,1000.0
18/12/2025 13:35,5530.5,5530.5,5524.0,5525.5,1000.0
18/12/2025 13:40,5525.0,5528.5,5524.5,5527.0,1000.0
18/12/2025 13:45,5527.0,5529.5,5526.0,5528.5,1000.0
18/12/2025 13:50,5529.0,5530.0,5525.0,5526.0,1000.0
18/12/2025 13:55,5526.0,5529.5,5525.5,5529.0,1000.0
18/12/2025 14:00,5528.5,5529.5,5524.0,5526.5,1000.0
18/12/2025 14:05,5526.5,5533.0,5526.0,5531.0,1000.0
18/12/2025 14:10,5531.5,5541.5,5530.5,5540.0,1000.0
18/12/2025 14:15,5540.0,5543.5,5536.0,5537.0,1000.0
18/12/2025 14:20,5537.0,5540.0,5535.5,5540.0,1000.0
18/12/2025 14:25,5539.5,5542.5,5536.0,5541.0,1000.0
18/12/2025 14:30,5541.0,5543.0,5535.5,5536.0,1000.0
18/12/2025 14:35,5536.0,5541.5,5535.0,5536.0,1000.0
18/12/2025 14:40,5535.5,5537.5,5533.0,5534.0,1000.0
18/12/2025 14:45,5534.0,5534.5,5531.0,5532.5,1000.0
18/12/2025 14:50,5532.5,5534.0,5527.0,5528.5,1000.0
18/12/2025 14:55,5528.0,5532.0,5527.5,5527.5,1000.0
18/12/2025 15:00,5527.5,5529.5,5524.5,5527.5,1000.0
18/12/2025 15:05,5527.5,5528.0,5523.0,5524.0,1000.0
18/12/2025 15:10,5524.0,5525.0,5522.0,5524.0,1000.0
18/12/2025 15:15,5523.5,5525.0,5522.0,5523.5,1000.0
18/12/2025 15:20,5523.5,5524.5,5522.0,5523.5,1000.0
18/12/2025 15:25,5524.0,5524.5,5522.5,5523.0,1000.0
18/12/2025 15:30,5522.5,5524.0,5522.0,5523.0,1000.0
18/12/2025 15:35,5523.0,5525.0,5521.5,5523.5,1000.0
18/12/2025 15:40,5523.5,5528.0,5523.0,5527.0,1000.0
18/12/2025 15:45,5527.0,5529.5,5526.0,5528.0,1000.0
18/12/2025 15:50,5527.5,5530.0,5527.0,5530.0,1000.0
18/12/2025 15:55,5529.5,5532.0,5525.5,5531.0,1000.0
18/12/2025 16:00,5531.0,5531.5,5527.5,5530.0,1000.0
18/12/2025 16:05,5530.0,5531.0,5528.5,5530.5,1000.0
18/12/2025 16:10,5531.0,5531.5,5528.5,5531.0,1000.0
18/12/2025 16:15,5531.0,5535.0,5530.0,5534.0,1000.0
18/12/2025 16:20,5534.0,5535.0,5531.0,5532.0,1000.0
18/12/2025 16:25,5531.5,5532.5,5530.5,5532.0,1000.0
18/12/2025 16:30,5532.0,5533.0,5530.0,5532.0,1000.0
18/12/2025 16:35,5532.5,5535.0,5531.5,5532.0,1000.0
18/12/2025 16:40,5532.5,5535.5,5532.5,5535.0,1000.0
18/12/2025 16:45,5535.0,5535.5,5532.5,5532.5,1000.0
18/12/2025 16:50,5532.5,5536.5,5531.5,5534.5,1000.0
18/12/2025 16:55,5534.5,5536.0,5534.0,5535.0,1000.0
18/12/2025 17:00,5535.0,5536.0,5530.5,5531.5,1000.0
18/12/2025 17:05,5531.0,5535.0,5529.5,5534.0,1000.0
18/12/2025 17:10,5534.5,5535.5,5533.0,5533.5,1000.0
18/12/2025 17:15,5533.5,5535.5,5533.0,5534.5,1000.0
18/12/2025 17:20,5534.0,5535.0,5533.5,5534.0,1000.0
18/12/2025 17:25,5534.0,5535.0,5533.5,5534.5,1000.0
18/12/2025 17:30,5534.0,5536.5,5534.0,5535.0,1000.0
18/12/2025 17:35,5535.0,5536.0,5534.5,5535.0,1000.0
18/12/2025 17:40,5535.5,5535.5,5534.0,5535.5,1000.0
18/12/2025 17:45,5535.5,5537.0,5534.5,5536.0,1000.0
18/12/2025 17:50,5535.5,5537.5,5533.0,5534.0,1000.0
18/12/2025 17:55,5533.5,5535.0,5532.5,5535.0,1000.0
18/12/2025 18:00,5535.0,5536.5,5531.5,5534.5,1000.0
18/12/2025 18:05,5535.0,5536.0,5531.5,5534.0,1000.0
18/12/2025 18:10,5534.5,5536.0,5534.0,5534.5,1000.0
18/12/2025 18:15,5535.0,5535.5,5533.0,5533.5,1000.0
18/12/2025 18:20,5533.5,5534.5,5532.5,5533.5,1000.0
18/12/2025 18:25,5533.0,5537.0,5532.5,5534.5,1000.0
19/01/2026 09:00,5397.0,5398.0,5386.5,5395.5,1000.0
19/01/2026 09:05,5396.0,5400.0,5393.5,5397.0,1000.0
19/01/2026 09:10,5396.5,5398.5,5394.5,5396.0,1000.0
19/01/2026 09:15,5396.0,5398.0,5392.5,5393.5,1000.0
19/01/2026 09:20,5393.5,5395.5,5389.0,5390.5,1000.0
19/01/2026 09:25,5390.5,5394.0,5389.0,5391.0,1000.0
19/01/2026 09:30,5391.0,5392.0,5387.0,5388.5,1000.0
19/01/2026 09:35,5387.5,5390.0,5385.0,5388.5,1000.0
19/01/2026 09:40,5388.5,5389.0,5382.5,5384.0,1000.0
19/01/2026 09:45,5384.0,5385.5,5381.5,5385.5,1000.0
19/01/2026 09:50,5385.5,5388.5,5384.0,5387.0,1000.0
19/01/2026 09:55,5386.5,5388.5,5383.5,5386.0,1000.0
19/01/2026 10:00,5386.0,5391.0,5385.5,5387.5,1000.0
19/01/2026 10:05,5387.5,5391.5,5382.5,5384.5,1000.0
19/01/2026 10:10,5384.0,5385.5,5375.5,5379.0,1000.0
19/01/2026 10:15,5379.0,5383.0,5378.5,5382.0,1000.0
19/01/2026 10:20,5382.0,5383.5,5380.5,5382.0,1000.0
19/01/2026 10:25,5382.0,5384.0,5381.0,5382.0,1000.0
19/01/2026 10:30,5381.5,5382.5,5380.0,5380.5,1000.0
19/01/2026 10:35,5380.5,5382.0,5377.5,5379.0,1000.0
19/01/2026 10:40,5379.5,5383.5,5379.0,5382.5,1000.0
19/01/2026 10:45,5382.0,5386.0,5381.5,5382.0,1000.0
19/01/2026 10:50,5381.5,5384.0,5381.5,5382.5,1000.0
19/01/2026 10:55,5382.0,5384.0,5379.0,5380.5,1000.0
19/01/2026 11:00,5381.0,5384.0,5380.5,5382.5,1000.0
19/01/2026 11:05,5382.5,5385.0,5381.0,5385.0,1000.0
19/01/2026 11:10,5385.0,5385.0,5380.0,5382.0,1000.0
19/01/2026 11:15,5382.0,5384.5,5381.5,5384.0,1000.0
19/01/2026 11:20,5384.0,5388.0,5382.5,5386.0,1000.0
19/01/2026 11:25,5386.5,5386.5,5384.0,5385.0,1000.0
19/01/2026 11:30,5385.5,5385.5,5381.0,5383.0,1000.0
19/01/2026 11:35,5383.5,5385.0,5382.0,5384.5,1000.0
19/01/2026 11:40,5384.0,5386.5,5383.0,5385.0,1000.0
19/01/2026 11:45,5385.5,5386.0,5383.0,5384.5,1000.0
19/01/2026 11:50,5384.0,5386.0,5382.5,5385.0,1000.0
19/01/2026 11:55,5384.5,5386.0,5383.5,5384.0,1000.0
19/01/2026 12:00,5383.5,5385.5,5382.5,5385.0,1000.0
19/01/2026 12:05,5385.0,5386.0,5384.5,5384.5,1000.0
19/01/2026 12:10,5385.0,5385.5,5382.0,5383.5,1000.0
19/01/2026 12:15,5383.0,5384.5,5382.5,5384.0,1000.0
19/01/2026 12:20,5384.5,5384.5,5380.5,5380.5,1000.0
19/01/2026 12:25,5380.5,5382.5,5379.5,5381.0,1000.0
19/01/2026 12:30,5381.0,5384.5,5381.0,5381.5,1000.0
19/01/2026 12:35,5382.0,5383.0,5380.5,5381.0,1000.0
19/01/2026 12:40,5381.0,5382.0,5380.5,5381.0,1000.0
19/01/2026 12:45,5381.5,5382.0,5379.0,5380.0,1000.0
19/01/2026 12:50,5380.0,5381.0,5378.0,5379.0,1000.0
19/01/2026 12:55,5378.5,5379.5,5375.5,5376.0,1000.0
19/01/2026 13:00,5376.0,5377.5,5372.5,5373.0,1000.0
19/01/2026 13:05,5372.5,5377.5,5371.5,5372.5,1000.0
19/01/2026 13:10,5372.0,5372.5,5364.0,5365.0,1000.0
19/01/2026 13:15,5365.5,5367.0,5362.5,5366.5,1000.0
19/01/2026 13:20,5366.5,5369.0,5365.0,5368.0,1000.0
19/01/2026 13:25,5367.5,5372.5,5367.5,5370.0,1000.0
19/01/2026 13:30,5369.5,5371.5,5369.0,5369.5,1000.0
19/01/2026 13:35,5370.0,5373.0,5369.5,5372.5,1000.0
19/01/2026 13:40,5372.0,5373.5,5371.0,5371.0,1000.0
19/01/2026 13:45,5371.5,5373.0,5371.0,5372.5,1000.0
19/01/2026 13:50,5372.5,5374.0,5371.0,5373.5,1000.0
19/01/2026 13:55,5373.0,5373.5,5371.5,5372.0,1000.0
19/01/2026 14:00,5372.5,5373.5,5370.5,5373.0,1000.0
19/01/2026 14:05,5373.5,5374.0,5371.0,5373.0,1000.0
19/01/2026 14:10,5373.0,5373.5,5370.5,5371.5,1000.0
19/01/2026 14:15,5371.5,5372.0,5370.0,5372.0,1000.0
19/01/2026 14:20,5372.0,5372.5,5371.5,5372.5,1000.0
19/01/2026 14:25,5372.5,5375.0,5372.0,5375.0,1000.0
19/01/2026 14:30,5375.0,5376.5,5374.0,5375.5,1000.0
19/01/2026 14:35,5375.0,5378.5,5375.0,5377.5,1000.0
19/01/2026 14:40,5377.5,5379.5,5374.5,5376.0,1000.0
19/01/2026 14:45,5375.5,5376.0,5374.0,5375.0,1000.0
19/01/2026 14:50,5375.5,5375.5,5373.5,5374.5,1000.0
19/01/2026 14:55,5374.0,5374.0,5369.5,5370.5,1000.0
19/01/2026 15:00,5370.5,5372.0,5369.0,5369.5,1000.0
19/01/2026 15:05,5370.0,5373.0,5369.0,5371.5,1000.0
19/01/2026 15:10,5372.0,5375.5,5372.0,5375.5,1000.0
19/01/2026 15:15,5375.0,5377.0,5374.5,5375.5,1000.0
19/01/2026 15:20,5375.5,5377.0,5374.5,5375.0,1000.0
19/01/2026 15:25,5375.0,5378.0,5375.0,5377.5,1000.0
19/01/2026 15:30,5377.0,5379.0,5377.0,5378.0,1000.0
19/01/2026 15:35,5378.0,5379.5,5377.0,5378.0,1000.0
19/01/2026 15:40,5378.5,5379.5,5377.5,5379.0,1000.0
19/01/2026 15:45,5378.5,5382.0,5378.5,5380.5,1000.0
19/01/2026 15:50,5381.0,5382.0,5380.0,5381.5,1000.0
19/01/2026 15:55,5381.5,5383.5,5380.0,5381.5,1000.0
19/01/2026 16:00,5381.5,5381.5,5379.5,5380.0,1000.0
19/01/2026 16:05,5379.5,5381.0,5379.5,5380.5,1000.0
19/01/2026 16:10,5381.0,5383.5,5381.0,5382.5,1000.0
19/01/2026 16:15,5382.0,5385.0,5382.0,5383.5,1000.0
19/01/2026 16:20,5384.0,5384.0,5382.0,5382.0,1000.0
19/01/2026 16:25,5382.0,5383.0,5380.0,5380.0,1000.0
19/01/2026 16:30,5380.5,5381.0,5378.5,5379.0,1000.0
19/01/2026 16:35,5379.5,5381.0,5379.0,5379.5,1000.0
19/01/2026 16:40,5380.0,5380.5,5378.5,5379.0,1000.0
19/01/2026 16:45,5379.0,5380.5,5379.0,5380.0,1000.0
19/01/2026 16:50,5380.0,5382.5,5380.0,5382.0,1000.0
19/01/2026 16:55,5381.5,5382.5,5381.0,5381.5,1000.0
19/01/2026 17:00,5381.5,5381.5,5380.0,5380.5,1000.0
19/01/2026 17:05,5380.5,5381.0,5380.0,5380.5,1000.0
19/01/2026 17:10,5380.5,5382.5,5380.5,5382.0,1000.0
19/01/2026 17:15,5381.5,5382.0,5381.0,5381.0,1000.0
19/01/2026 17:20,5381.0,5382.5,5380.5,5381.5,1000.0
19/01/2026 17:25,5382.0,5383.0,5381.0,5382.0,1000.0
19/01/2026 17:30,5382.0,5383.0,5382.0,5382.5,1000.0
19/01/2026 17:35,5382.5,5383.0,5382.0,5382.0,1000.0
19/01/2026 17:40,5382.0,5384.0,5382.0,5383.5,1000.0
19/01/2026 17:45,5383.5,5385.0,5381.5,5381.5,1000.0
19/01/2026 17:50,5381.5,5383.5,5381.5,5383.0,1000.0
19/01/2026 17:55,5383.5,5384.0,5382.0,5383.5,1000.0
19/01/2026 18:00,5383.5,5384.0,5382.5,5383.0,1000.0
19/01/2026 18:05,5382.5,5386.0,5382.5,5384.5,1000.0
19/01/2026 18:10,5385.0,5385.5,5384.0,5384.5,1000.0
19/01/2026 18:15,5385.0,5387.0,5384.0,5386.0,1000.0
19/01/2026 18:20,5386.0,5388.0,5385.0,5387.0,1000.0
19/01/2026 18:25,5386.5,5389.0,5385.0,5387.5,1000.0
19/02/2026 09:00,5260.0,5265.0,5252.5,5262.5,1000.0
19/02/2026 09:05,5263.0,5266.5,5259.5,5262.0,1000.0
19/02/2026 09:10,5262.0,5263.0,5259.0,5260.0,1000.0
19/02/2026 09:15,5260.0,5260.5,5254.0,5257.5,1000.0
19/02/2026 09:20,5257.5,5258.0,5244.0,5244.5,1000.0
19/02/2026 09:25,5244.5,5247.5,5241.5,5244.5,1000.0
19/02/2026 09:30,5244.0,5246.0,5240.0,5241.0,1000.0
19/02/2026 09:35,5241.0,5244.0,5239.5,5241.0,1000.0
19/02/2026 09:40,5241.5,5242.0,5237.0,5241.0,1000.0
19/02/2026 09:45,5241.0,5242.0,5239.0,5242.0,1000.0
19/02/2026 09:50,5242.0,5246.5,5240.5,5244.5,1000.0
19/02/2026 09:55,5244.5,5246.5,5241.5,5244.0,1000.0
19/02/2026 10:00,5244.0,5248.5,5242.0,5246.5,1000.0
19/02/2026 10:05,5246.5,5253.5,5245.5,5247.0,1000.0
19/02/2026 10:10,5247.0,5249.5,5244.5,5245.0,1000.0
19/02/2026 10:15,5245.0,5248.5,5244.0,5245.5,1000.0
19/02/2026 10:20,5245.0,5246.5,5242.5,5244.5,1000.0
19/02/2026 10:25,5244.5,5245.0,5239.5,5241.0,1000.0
19/02/2026 10:30,5241.0,5244.0,5235.5,5237.5,1000.0
19/02/2026 10:35,5237.5,5238.5,5228.5,5230.0,1000.0
19/02/2026 10:40,5230.0,5233.5,5227.0,5230.5,1000.0
19/02/2026 10:45,5230.0,5234.0,5230.0,5231.5,1000.0
19/02/2026 10:50,5231.5,5234.0,5228.0,5231.0,1000.0
19/02/2026 10:55,5231.0,5235.0,5228.0,5230.0,1000.0
19/02/2026 11:00,5229.5,5233.0,5228.0,5230.0,1000.0
19/02/2026 11:05,5230.0,5232.5,5229.0,5232.5,1000.0
19/02/2026 11:10,5232.5,5238.0,5231.0,5236.0,1000.0
19/02/2026 11:15,5236.5,5237.5,5230.5,5234.0,1000.0
19/02/2026 11:20,5234.0,5236.5,5232.5,5234.5,1000.0
19/02/2026 11:25,5234.5,5235.5,5231.0,5233.5,1000.0
19/02/2026 11:30,5233.5,5236.5,5231.5,5235.5,1000.0
19/02/2026 11:35,5235.5,5242.0,5235.0,5239.5,1000.0
19/02/2026 11:40,5239.5,5244.5,5233.5,5233.5,1000.0
19/02/2026 11:45,5234.0,5244.0,5232.5,5242.0,1000.0
19/02/2026 11:50,5242.0,5245.5,5241.0,5243.0,1000.0
19/02/2026 11:55,5243.0,5244.5,5241.0,5243.5,1000.0
19/02/2026 12:00,5243.5,5246.0,5232.5,5235.0,1000.0
19/02/2026 12:05,5235.0,5239.5,5227.0,5229.5,1000.0
19/02/2026 12:10,5229.5,5234.0,5227.5,5233.0,1000.0
19/02/2026 12:15,5233.0,5240.0,5230.0,5237.5,1000.0
19/02/2026 12:20,5237.5,5241.0,5234.5,5235.5,1000.0
19/02/2026 12:25,5235.5,5236.5,5232.5,5234.0,1000.0
19/02/2026 12:30,5234.5,5235.0,5229.0,5229.5,1000.0
19/02/2026 12:35,5230.0,5232.0,5228.0,5232.0,1000.0
19/02/2026 12:40,5231.5,5233.0,5230.0,5233.0,1000.0
19/02/2026 12:45,5232.5,5234.0,5228.0,5230.5,1000.0
19/02/2026 12:50,5230.5,5234.0,5229.5,5233.0,1000.0
19/02/2026 12:55,5233.0,5233.0,5227.5,5228.5,1000.0
19/02/2026 13:00,5228.5,5231.0,5227.5,5230.0,1000.0
19/02/2026 13:05,5230.0,5233.5,5229.5,5231.0,1000.0
19/02/2026 13:10,5231.0,5236.5,5231.0,5234.0,1000.0
19/02/2026 13:15,5234.5,5234.5,5232.0,5233.5,1000.0
19/02/2026 13:20,5234.0,5237.5,5233.5,5236.5,1000.0
19/02/2026 13:25,5237.0,5239.0,5236.0,5237.5,1000.0
19/02/2026 13:30,5237.5,5238.5,5234.5,5234.5,1000.0
19/02/2026 13:35,5234.5,5237.0,5234.5,5236.0,1000.0
19/02/2026 13:40,5236.5,5236.5,5232.0,5235.0,1000.0
19/02/2026 13:45,5235.0,5236.5,5233.5,5235.5,1000.0
19/02/2026 13:50,5235.0,5239.0,5234.5,5235.5,1000.0
19/02/2026 13:55,5235.5,5238.0,5235.0,5237.0,1000.0
19/02/2026 14:00,5237.5,5242.5,5236.0,5239.5,1000.0
19/02/2026 14:05,5239.5,5241.0,5238.5,5239.5,1000.0
19/02/2026 14:10,5240.0,5242.5,5239.0,5240.0,1000.0
19/02/2026 14:15,5239.5,5241.5,5237.0,5238.0,1000.0
19/02/2026 14:20,5238.0,5238.0,5234.0,5237.0,1000.0
19/02/2026 14:25,5237.0,5237.5,5235.0,5236.5,1000.0
19/02/2026 14:30,5237.0,5237.0,5234.0,5235.5,1000.0
19/02/2026 14:35,5235.5,5238.5,5233.5,5237.0,1000.0
19/02/2026 14:40,5236.5,5238.0,5236.0,5238.0,1000.0
19/02/2026 14:45,5237.5,5242.0,5237.0,5240.5,1000.0
19/02/2026 14:50,5240.5,5243.5,5238.5,5242.5,1000.0
19/02/2026 14:55,5242.5,5244.5,5241.0,5243.0,1000.0
19/02/2026 15:00,5242.5,5244.5,5240.5,5243.0,1000.0
19/02/2026 15:05,5242.5,5243.5,5240.0,5241.5,1000.0
19/02/2026 15:10,5241.5,5243.5,5238.0,5238.0,1000.0
19/02/2026 15:15,5238.0,5241.5,5238.0,5239.5,1000.0
19/02/2026 15:20,5239.5,5241.5,5239.0,5239.5,1000.0
19/02/2026 15:25,5239.5,5240.0,5238.0,5238.5,1000.0
19/02/2026 15:30,5238.5,5241.0,5238.0,5240.5,1000.0
19/02/2026 15:35,5240.5,5241.5,5239.0,5239.5,1000.0
19/02/2026 15:40,5239.5,5240.5,5237.5,5238.5,1000.0
19/02/2026 15:45,5238.0,5239.0,5236.5,5238.5,1000.0
19/02/2026 15:50,5238.0,5239.0,5237.0,5237.5,1000.0
19/02/2026 15:55,5237.5,5239.5,5237.0,5238.0,1000.0
19/02/2026 16:00,5238.0,5240.0,5237.0,5239.5,1000.0
19/02/2026 16:05,5239.5,5240.5,5238.0,5238.0,1000.0
19/02/2026 16:10,5238.0,5240.0,5238.0,5239.5,1000.0
19/02/2026 16:15,5239.0,5240.0,5238.0,5239.0,1000.0
19/02/2026 16:20,5239.5,5240.5,5239.0,5240.0,1000.0
19/02/2026 16:25,5240.0,5240.0,5236.0,5236.5,1000.0
19/02/2026 16:30,5236.5,5239.0,5236.0,5238.0,1000.0
19/02/2026 16:35,5238.0,5244.0,5237.0,5243.5,1000.0
19/02/2026 16:40,5244.0,5244.5,5240.0,5242.5,1000.0
19/02/2026 16:45,5243.0,5245.0,5242.0,5242.0,1000.0
19/02/2026 16:50,5242.0,5243.0,5240.0,5240.5,1000.0
19/02/2026 16:55,5240.5,5241.0,5239.0,5240.5,1000.0
19/02/2026 17:00,5240.5,5240.5,5238.0,5239.0,1000.0
19/02/2026 17:05,5239.0,5239.5,5238.5,5239.5,1000.0
19/02/2026 17:10,5239.5,5240.0,5237.0,5239.0,1000.0
19/02/2026 17:15,5239.0,5241.0,5239.0,5239.0,1000.0
19/02/2026 17:20,5239.0,5239.5,5237.0,5239.0,1000.0
19/02/2026 17:25,5239.0,5239.0,5236.0,5236.5,1000.0
19/02/2026 17:30,5236.5,5237.0,5231.5,5232.5,1000.0
19/02/2026 17:35,5232.0,5235.0,5232.0,5234.5,1000.0
19/02/2026 17:40,5234.5,5236.0,5227.5,5227.5,1000.0
19/02/2026 17:45,5228.0,5230.5,5226.0,5226.5,1000.0
19/02/2026 17:50,5227.0,5228.5,5225.0,5227.5,1000.0
19/02/2026 17:55,5227.0,5228.5,5226.5,5226.5,1000.0
19/02/2026 18:00,5227.0,5227.5,5225.5,5225.5,1000.0
19/02/2026 18:05,5226.0,5226.5,5224.0,5225.5,1000.0
19/02/2026 18:10,5225.5,5226.5,5224.5,5225.5,1000.0
19/02/2026 18:15,5226.0,5226.0,5222.5,5223.5,1000.0
19/02/2026 18:20,5224.0,5224.5,5221.5,5223.0,1000.0
19/02/2026 18:25,5223.5,5224.0,5222.0,5223.0,1000.0
19/03/2026 09:00,5256.0,5284.0,5256.0,5280.5,1000.0
19/03/2026 09:05,5280.5,5283.0,5268.5,5270.0,1000.0
19/03/2026 09:10,5270.0,5273.0,5265.0,5268.0,1000.0
19/03/2026 09:15,5268.5,5275.0,5268.5,5272.5,1000.0
19/03/2026 09:20,5272.5,5298.0,5272.0,5295.0,1000.0
19/03/2026 09:25,5295.0,5329.5,5292.5,5326.0,1000.0
19/03/2026 09:30,5325.5,5327.0,5313.5,5323.0,1000.0
19/03/2026 09:35,5322.5,5324.5,5308.0,5311.0,1000.0
19/03/2026 09:40,5311.0,5311.0,5293.0,5298.0,1000.0
19/03/2026 09:45,5298.0,5307.5,5295.5,5300.0,1000.0
19/03/2026 09:50,5300.5,5306.0,5295.0,5297.0,1000.0
19/03/2026 09:55,5297.0,5300.5,5292.5,5296.0,1000.0
19/03/2026 10:00,5296.5,5309.0,5292.5,5308.5,1000.0
19/03/2026 10:05,5308.5,5316.0,5306.0,5313.5,1000.0
19/03/2026 10:10,5314.0,5330.0,5313.0,5319.0,1000.0
19/03/2026 10:15,5319.5,5320.0,5293.0,5295.0,1000.0
19/03/2026 10:20,5295.0,5306.0,5286.5,5303.0,1000.0
19/03/2026 10:25,5303.0,5308.5,5294.0,5296.5,1000.0
19/03/2026 10:30,5297.0,5308.5,5296.5,5297.5,1000.0
19/03/2026 10:35,5297.5,5301.0,5282.0,5287.5,1000.0
19/03/2026 10:40,5288.0,5299.5,5282.5,5299.5,1000.0
19/03/2026 10:45,5300.0,5304.5,5297.0,5297.5,1000.0
19/03/2026 10:50,5297.5,5297.5,5278.0,5280.0,1000.0
19/03/2026 10:55,5279.5,5285.5,5276.0,5278.0,1000.0
19/03/2026 11:00,5277.5,5283.5,5271.0,5282.0,1000.0
19/03/2026 11:05,5282.0,5285.5,5276.0,5281.0,1000.0
19/03/2026 11:10,5281.0,5282.0,5271.5,5278.5,1000.0
19/03/2026 11:15,5278.5,5285.0,5276.0,5279.5,1000.0
19/03/2026 11:20,5279.5,5285.0,5276.5,5283.0,1000.0
19/03/2026 11:25,5282.5,5294.0,5280.5,5293.0,1000.0
19/03/2026 11:30,5292.5,5293.0,5274.5,5274.5,1000.0
19/03/2026 11:35,5274.5,5275.0,5265.0,5269.0,1000.0
19/03/2026 11:40,5269.0,5271.0,5265.0,5270.5,1000.0
19/03/2026 11:45,5270.0,5276.0,5267.0,5271.0,1000.0
19/03/2026 11:50,5271.5,5272.5,5259.5,5263.0,1000.0
19/03/2026 11:55,5263.0,5265.0,5260.0,5262.5,1000.0
19/03/2026 12:00,5263.0,5263.5,5256.0,5257.5,1000.0
19/03/2026 12:05,5257.5,5259.0,5249.5,5256.5,1000.0
19/03/2026 12:10,5256.0,5259.5,5250.5,5251.0,1000.0
19/03/2026 12:15,5251.5,5257.0,5247.0,5256.0,1000.0
19/03/2026 12:20,5256.0,5261.0,5255.5,5260.5,1000.0
19/03/2026 12:25,5261.0,5269.5,5260.0,5267.5,1000.0
19/03/2026 12:30,5267.5,5275.0,5266.0,5271.5,1000.0
19/03/2026 12:35,5271.5,5275.0,5267.5,5271.5,1000.0
19/03/2026 12:40,5272.0,5277.5,5270.5,5276.5,1000.0
19/03/2026 12:45,5276.5,5281.0,5269.0,5270.0,1000.0
19/03/2026 12:50,5270.0,5275.5,5266.0,5269.5,1000.0
19/03/2026 12:55,5269.0,5271.0,5250.5,5260.0,1000.0
19/03/2026 13:00,5260.0,5262.5,5248.5,5256.0,1000.0
19/03/2026 13:05,5256.0,5259.5,5251.0,5255.0,1000.0
19/03/2026 13:10,5254.5,5262.5,5252.0,5260.5,1000.0
19/03/2026 13:15,5261.0,5265.0,5258.5,5262.0,1000.0
19/03/2026 13:20,5262.0,5264.0,5253.5,5255.5,1000.0
19/03/2026 13:25,5255.5,5260.0,5253.5,5259.0,1000.0
19/03/2026 13:30,5258.5,5263.0,5256.5,5261.5,1000.0
19/03/2026 13:35,5261.5,5266.5,5259.0,5261.0,1000.0
19/03/2026 13:40,5261.0,5263.5,5256.5,5261.5,1000.0
19/03/2026 13:45,5261.5,5269.0,5260.5,5269.0,1000.0
19/03/2026 13:50,5269.0,5272.0,5263.5,5264.0,1000.0
19/03/2026 13:55,5264.0,5267.5,5263.5,5265.0,1000.0
19/03/2026 14:00,5264.5,5266.0,5258.0,5265.0,1000.0
19/03/2026 14:05,5265.5,5274.5,5264.0,5271.5,1000.0
19/03/2026 14:10,5271.0,5272.5,5266.0,5267.5,1000.0
19/03/2026 14:15,5268.0,5269.0,5258.5,5259.5,1000.0
19/03/2026 14:20,5259.0,5260.0,5249.0,5254.0,1000.0
19/03/2026 14:25,5254.0,5254.5,5249.0,5252.5,1000.0
19/03/2026 14:30,5252.5,5255.5,5249.5,5254.0,1000.0
19/03/2026 14:35,5253.5,5258.5,5253.0,5258.0,1000.0
19/03/2026 14:40,5258.0,5260.0,5253.5,5254.0,1000.0
19/03/2026 14:45,5253.5,5258.0,5251.0,5255.0,1000.0
19/03/2026 14:50,5255.5,5255.5,5248.0,5249.5,1000.0
19/03/2026 14:55,5249.0,5256.0,5248.5,5256.0,1000.0
19/03/2026 15:00,5255.5,5265.0,5255.5,5264.5,1000.0
19/03/2026 15:05,5264.0,5264.5,5258.5,5261.5,1000.0
19/03/2026 15:10,5261.0,5261.5,5255.0,5257.0,1000.0
19/03/2026 15:15,5257.5,5264.5,5254.0,5260.0,1000.0
19/03/2026 15:20,5259.5,5260.5,5257.0,5258.5,1000.0
19/03/2026 15:25,5258.0,5262.0,5256.5,5261.5,1000.0
19/03/2026 15:30,5261.5,5264.5,5260.0,5262.0,1000.0
19/03/2026 15:35,5262.0,5272.5,5261.5,5272.5,1000.0
19/03/2026 15:40,5272.0,5273.5,5267.5,5269.5,1000.0
19/03/2026 15:45,5270.0,5274.0,5270.0,5273.0,1000.0
19/03/2026 15:50,5273.0,5274.0,5260.0,5261.5,1000.0
19/03/2026 15:55,5262.0,5263.0,5250.0,5251.0,1000.0
19/03/2026 16:00,5251.5,5252.0,5228.5,5233.0,1000.0
19/03/2026 16:05,5232.5,5233.5,5215.5,5229.0,1000.0
19/03/2026 16:10,5229.0,5235.5,5221.5,5224.5,1000.0
19/03/2026 16:15,5224.0,5228.0,5221.0,5223.0,1000.0
19/03/2026 16:20,5223.5,5230.5,5222.5,5225.0,1000.0
19/03/2026 16:25,5225.5,5235.5,5224.0,5228.5,1000.0
19/03/2026 16:30,5228.5,5232.0,5222.0,5229.0,1000.0
19/03/2026 16:35,5229.5,5238.0,5227.5,5233.5,1000.0
19/03/2026 16:40,5233.5,5235.0,5228.5,5234.5,1000.0
19/03/2026 16:45,5234.5,5245.0,5234.0,5238.5,1000.0
19/03/2026 16:50,5238.5,5241.0,5232.0,5233.0,1000.0
19/03/2026 16:55,5233.0,5236.0,5229.0,5230.5,1000.0
19/03/2026 17:00,5230.5,5234.0,5227.0,5231.5,1000.0
19/03/2026 17:05,5231.5,5233.0,5229.5,5231.5,1000.0
19/03/2026 17:10,5231.0,5237.5,5229.5,5233.0,1000.0
19/03/2026 17:15,5232.5,5239.5,5231.0,5237.0,1000.0
19/03/2026 17:20,5237.0,5239.0,5232.5,5233.5,1000.0
19/03/2026 17:25,5233.5,5238.5,5229.5,5237.0,1000.0
19/03/2026 17:30,5236.5,5241.5,5236.5,5239.0,1000.0
19/03/2026 17:35,5239.0,5240.0,5236.0,5236.5,1000.0
19/03/2026 17:40,5237.0,5238.0,5235.0,5237.0,1000.0
19/03/2026 17:45,5237.5,5238.5,5233.5,5237.0,1000.0
19/03/2026 17:50,5237.5,5238.0,5234.0,5237.0,1000.0
19/03/2026 17:55,5237.0,5237.0,5234.0,5235.5,1000.0
19/03/2026 18:00,5235.5,5235.5,5232.5,5233.5,1000.0
19/03/2026 18:05,5234.0,5239.0,5234.0,5238.5,1000.0
19/03/2026 18:10,5239.0,5240.0,5235.5,5235.5,1000.0
19/03/2026 18:15,5236.0,5239.0,5236.0,5237.5,1000.0
19/03/2026 18:20,5238.0,5240.5,5236.0,5236.5,1000.0
19/03/2026 18:25,5236.0,5241.0,5235.5,5239.5,1000.0
19/11/2025 09:00,5336.5,5339.5,5332.5,5334.5,1000.0
19/11/2025 09:05,5334.5,5336.0,5333.0,5335.5,1000.0
19/11/2025 09:10,5335.5,5337.5,5333.5,5336.5,1000.0
19/11/2025 09:15,5336.5,5340.5,5336.0,5339.0,1000.0
19/11/2025 09:20,5339.0,5343.0,5338.0,5342.5,1000.0
19/11/2025 09:25,5342.0,5343.0,5340.0,5341.0,1000.0
19/11/2025 09:30,5341.5,5342.0,5337.0,5339.5,1000.0
19/11/2025 09:35,5339.5,5344.0,5338.5,5344.0,1000.0
19/11/2025 09:40,5343.5,5344.0,5341.5,5343.0,1000.0
19/11/2025 09:45,5343.5,5344.5,5337.5,5338.5,1000.0
19/11/2025 09:50,5338.5,5341.0,5336.0,5341.0,1000.0
19/11/2025 09:55,5340.5,5351.0,5340.0,5351.0,1000.0
19/11/2025 10:00,5351.0,5352.0,5345.5,5347.0,1000.0
19/11/2025 10:05,5346.5,5348.0,5344.0,5348.0,1000.0
19/11/2025 10:10,5347.5,5353.0,5347.0,5349.0,1000.0
19/11/2025 10:15,5349.5,5351.0,5345.0,5346.5,1000.0
19/11/2025 10:20,5346.5,5347.0,5344.0,5345.5,1000.0
19/11/2025 10:25,5346.0,5349.0,5345.5,5346.0,1000.0
19/11/2025 10:30,5346.5,5349.5,5344.5,5348.5,1000.0
19/11/2025 10:35,5348.5,5350.0,5347.0,5347.5,1000.0
19/11/2025 10:40,5347.0,5348.5,5346.0,5348.5,1000.0
19/11/2025 10:45,5348.0,5349.5,5346.5,5347.5,1000.0
19/11/2025 10:50,5347.5,5349.5,5347.0,5349.0,1000.0
19/11/2025 10:55,5349.0,5349.5,5346.5,5347.5,1000.0
19/11/2025 11:00,5347.5,5349.0,5347.0,5347.0,1000.0
19/11/2025 11:05,5347.5,5349.0,5347.0,5348.5,1000.0
19/11/2025 11:10,5348.5,5351.0,5348.0,5350.0,1000.0
19/11/2025 11:15,5349.5,5352.5,5348.5,5352.0,1000.0
19/11/2025 11:20,5352.5,5355.0,5352.0,5352.0,1000.0
19/11/2025 11:25,5352.0,5353.5,5352.0,5353.0,1000.0
19/11/2025 11:30,5353.0,5355.0,5350.0,5350.5,1000.0
19/11/2025 11:35,5350.5,5351.0,5347.5,5349.5,1000.0
19/11/2025 11:40,5349.5,5350.5,5346.0,5349.5,1000.0
19/11/2025 11:45,5350.0,5350.5,5347.5,5348.5,1000.0
19/11/2025 11:50,5348.0,5348.5,5342.5,5343.0,1000.0
19/11/2025 11:55,5342.5,5344.5,5340.5,5341.0,1000.0
19/11/2025 12:00,5341.5,5343.5,5339.5,5340.5,1000.0
19/11/2025 12:05,5340.5,5344.0,5339.5,5342.0,1000.0
19/11/2025 12:10,5342.0,5342.5,5338.5,5339.5,1000.0
19/11/2025 12:15,5339.0,5341.0,5336.5,5340.0,1000.0
19/11/2025 12:20,5340.0,5341.0,5338.5,5340.0,1000.0
19/11/2025 12:25,5340.0,5342.5,5339.5,5342.5,1000.0
19/11/2025 12:30,5342.5,5344.0,5340.5,5342.0,1000.0
19/11/2025 12:35,5342.0,5345.0,5340.5,5344.0,1000.0
19/11/2025 12:40,5344.0,5348.0,5343.5,5347.0,1000.0
19/11/2025 12:45,5347.5,5349.5,5347.0,5348.0,1000.0
19/11/2025 12:50,5348.5,5349.0,5346.5,5348.0,1000.0
19/11/2025 12:55,5348.0,5349.5,5346.5,5347.0,1000.0
19/11/2025 13:00,5347.0,5348.0,5345.5,5346.5,1000.0
19/11/2025 13:05,5346.5,5349.5,5346.0,5347.0,1000.0
19/11/2025 13:10,5347.0,5349.0,5346.5,5347.0,1000.0
19/11/2025 13:15,5347.0,5348.5,5346.5,5348.0,1000.0
19/11/2025 13:20,5348.0,5348.5,5346.5,5348.5,1000.0
19/11/2025 13:25,5348.5,5351.0,5348.0,5350.5,1000.0
19/11/2025 13:30,5350.0,5351.0,5347.5,5349.5,1000.0
19/11/2025 13:35,5349.0,5351.0,5348.0,5350.0,1000.0
19/11/2025 13:40,5349.5,5351.0,5348.0,5349.5,1000.0
19/11/2025 13:45,5349.0,5351.5,5348.5,5351.0,1000.0
19/11/2025 13:50,5351.0,5352.0,5348.5,5349.5,1000.0
19/11/2025 13:55,5349.5,5351.5,5348.5,5349.5,1000.0
19/11/2025 14:00,5349.5,5352.5,5348.0,5352.5,1000.0
19/11/2025 14:05,5352.5,5354.5,5352.0,5353.0,1000.0
19/11/2025 14:10,5353.5,5356.0,5352.5,5354.0,1000.0
19/11/2025 14:15,5354.5,5356.0,5353.5,5355.0,1000.0
19/11/2025 14:20,5354.5,5357.0,5354.0,5357.0,1000.0
19/11/2025 14:25,5357.0,5358.5,5353.5,5353.5,1000.0
19/11/2025 14:30,5354.0,5357.0,5353.5,5356.5,1000.0
19/11/2025 14:35,5357.0,5359.0,5356.5,5358.0,1000.0
19/11/2025 14:40,5358.5,5359.5,5354.0,5354.5,1000.0
19/11/2025 14:45,5354.5,5356.5,5352.0,5355.0,1000.0
19/11/2025 14:50,5354.5,5356.0,5352.0,5353.0,1000.0
19/11/2025 14:55,5353.0,5353.5,5351.0,5352.5,1000.0
19/11/2025 15:00,5353.0,5353.0,5348.5,5349.5,1000.0
19/11/2025 15:05,5349.0,5352.0,5348.5,5351.5,1000.0
19/11/2025 15:10,5352.0,5352.5,5350.5,5351.5,1000.0
19/11/2025 15:15,5351.0,5353.5,5351.0,5353.0,1000.0
19/11/2025 15:20,5353.0,5355.5,5352.0,5355.0,1000.0
19/11/2025 15:25,5355.0,5355.5,5353.5,5354.0,1000.0
19/11/2025 15:30,5354.0,5354.5,5351.5,5352.0,1000.0
19/11/2025 15:35,5351.5,5352.0,5345.0,5347.5,1000.0
19/11/2025 15:40,5347.5,5347.5,5343.0,5345.0,1000.0
19/11/2025 15:45,5344.5,5345.0,5342.5,5344.5,1000.0
19/11/2025 15:50,5344.5,5344.5,5341.5,5342.5,1000.0
19/11/2025 15:55,5343.0,5343.5,5342.5,5343.5,1000.0
19/11/2025 16:00,5343.0,5346.5,5342.5,5345.5,1000.0
19/11/2025 16:05,5345.0,5347.0,5343.5,5346.5,1000.0
19/11/2025 16:10,5346.5,5348.0,5346.5,5347.5,1000.0
19/11/2025 16:15,5347.5,5349.0,5346.5,5348.5,1000.0
19/11/2025 16:20,5348.5,5351.0,5348.0,5350.0,1000.0
19/11/2025 16:25,5349.5,5351.5,5349.5,5351.0,1000.0
19/11/2025 16:30,5350.5,5351.5,5349.5,5351.5,1000.0
19/11/2025 16:35,5351.0,5353.0,5350.5,5352.5,1000.0
19/11/2025 16:40,5352.5,5353.0,5351.5,5352.5,1000.0
19/11/2025 16:45,5352.0,5352.5,5350.5,5350.5,1000.0
19/11/2025 16:50,5351.0,5351.0,5348.5,5348.5,1000.0
19/11/2025 16:55,5348.5,5349.5,5347.5,5349.0,1000.0
19/11/2025 17:00,5349.0,5352.5,5348.5,5348.5,1000.0
19/11/2025 17:05,5348.5,5349.5,5348.0,5349.0,1000.0
19/11/2025 17:10,5348.5,5348.5,5346.5,5348.0,1000.0
19/11/2025 17:15,5347.5,5349.0,5345.5,5346.5,1000.0
19/11/2025 17:20,5347.0,5348.0,5345.5,5346.0,1000.0
19/11/2025 17:25,5346.0,5346.5,5345.0,5346.0,1000.0
19/11/2025 17:30,5345.5,5347.5,5345.0,5347.0,1000.0
19/11/2025 17:35,5347.5,5347.5,5344.0,5345.0,1000.0
19/11/2025 17:40,5345.0,5347.0,5345.0,5345.5,1000.0
19/11/2025 17:45,5345.5,5347.0,5345.5,5346.5,1000.0
19/11/2025 17:50,5346.5,5347.5,5345.5,5346.0,1000.0
19/11/2025 17:55,5346.0,5346.5,5342.5,5343.0,1000.0
19/11/2025 18:00,5343.5,5344.5,5342.0,5343.5,1000.0
19/11/2025 18:05,5343.0,5344.0,5343.0,5344.0,1000.0
19/11/2025 18:10,5343.5,5346.5,5343.5,5346.5,1000.0
19/11/2025 18:15,5346.5,5348.0,5343.0,5343.0,1000.0
19/11/2025 18:20,5343.0,5344.5,5338.5,5339.5,1000.0
19/11/2025 18:25,5340.0,5342.0,5336.0,5338.5,1000.0
19/12/2025 09:00,5535.0,5548.0,5530.5,5536.0,1000.0
19/12/2025 09:05,5536.0,5541.5,5532.0,5540.0,1000.0
19/12/2025 09:10,5540.0,5544.5,5534.5,5539.0,1000.0
19/12/2025 09:15,5538.5,5548.5,5538.5,5548.5,1000.0
19/12/2025 09:20,5548.0,5554.5,5544.5,5549.0,1000.0
19/12/2025 09:25,5549.5,5554.5,5545.5,5552.5,1000.0
19/12/2025 09:30,5553.0,5555.0,5550.5,5554.0,1000.0
19/12/2025 09:35,5554.0,5555.5,5547.0,5547.0,1000.0
19/12/2025 09:40,5547.5,5556.0,5547.0,5555.5,1000.0
19/12/2025 09:45,5556.0,5556.5,5547.5,5549.5,1000.0
19/12/2025 09:50,5549.5,5551.5,5541.5,5544.0,1000.0
19/12/2025 09:55,5543.5,5549.5,5542.0,5549.5,1000.0
19/12/2025 10:00,5549.5,5549.5,5537.0,5544.5,1000.0
19/12/2025 10:05,5544.5,5547.5,5537.5,5539.0,1000.0
19/12/2025 10:10,5539.0,5543.5,5536.5,5539.5,1000.0
19/12/2025 10:15,5539.0,5541.5,5535.5,5540.5,1000.0
19/12/2025 10:20,5540.5,5541.0,5535.5,5539.5,1000.0
19/12/2025 10:25,5539.5,5539.5,5532.5,5535.0,1000.0
19/12/2025 10:30,5534.5,5538.0,5531.5,5535.0,1000.0
19/12/2025 10:35,5534.5,5538.5,5532.5,5535.0,1000.0
19/12/2025 10:40,5535.5,5540.0,5534.5,5534.5,1000.0
19/12/2025 10:45,5534.5,5536.5,5529.5,5533.0,1000.0
19/12/2025 10:50,5533.5,5534.0,5528.5,5531.5,1000.0
19/12/2025 10:55,5531.0,5532.0,5521.5,5523.0,1000.0
19/12/2025 11:00,5522.5,5524.5,5515.0,5523.0,1000.0
19/12/2025 11:05,5523.5,5526.5,5522.0,5523.5,1000.0
19/12/2025 11:10,5524.0,5528.5,5523.0,5526.5,1000.0
19/12/2025 11:15,5526.0,5527.0,5522.5,5525.5,1000.0
19/12/2025 11:20,5525.5,5526.0,5520.5,5521.5,1000.0
19/12/2025 11:25,5521.0,5521.5,5515.0,5517.5,1000.0
19/12/2025 11:30,5517.0,5519.5,5511.0,5512.0,1000.0
19/12/2025 11:35,5511.5,5517.0,5508.0,5515.0,1000.0
19/12/2025 11:40,5515.0,5517.0,5508.0,5509.5,1000.0
19/12/2025 11:45,5509.5,5516.0,5509.0,5513.5,1000.0
19/12/2025 11:50,5513.5,5518.0,5512.5,5517.5,1000.0
19/12/2025 11:55,5517.5,5518.0,5514.0,5516.5,1000.0
19/12/2025 12:00,5516.0,5518.0,5513.5,5516.5,1000.0
19/12/2025 12:05,5517.0,5518.0,5515.0,5516.5,1000.0
19/12/2025 12:10,5516.5,5523.5,5516.5,5522.0,1000.0
19/12/2025 12:15,5522.0,5523.0,5517.0,5520.5,1000.0
19/12/2025 12:20,5521.0,5524.0,5519.5,5521.0,1000.0
19/12/2025 12:25,5520.5,5522.0,5517.0,5519.0,1000.0
19/12/2025 12:30,5518.5,5520.0,5513.0,5515.5,1000.0
19/12/2025 12:35,5516.0,5517.0,5515.0,5515.0,1000.0
19/12/2025 12:40,5515.5,5517.5,5513.5,5516.0,1000.0
19/12/2025 12:45,5516.0,5517.0,5513.5,5514.5,1000.0
19/12/2025 12:50,5514.0,5517.0,5514.0,5516.0,1000.0
19/12/2025 12:55,5516.0,5522.0,5514.0,5522.0,1000.0
19/12/2025 13:00,5522.0,5522.0,5515.5,5516.0,1000.0
19/12/2025 13:05,5516.5,5517.5,5515.0,5516.0,1000.0
19/12/2025 13:10,5516.0,5517.0,5513.5,5514.0,1000.0
19/12/2025 13:15,5514.0,5516.0,5513.5,5515.0,1000.0
19/12/2025 13:20,5515.0,5516.5,5513.0,5513.5,1000.0
19/12/2025 13:25,5513.5,5515.0,5513.0,5514.0,1000.0
19/12/2025 13:30,5514.0,5519.0,5513.5,5518.0,1000.0
19/12/2025 13:35,5518.5,5519.5,5516.5,5519.0,1000.0
19/12/2025 13:40,5518.5,5520.0,5517.5,5519.0,1000.0
19/12/2025 13:45,5519.0,5520.5,5517.5,5518.5,1000.0
19/12/2025 13:50,5519.0,5520.5,5518.0,5520.0,1000.0
19/12/2025 13:55,5520.0,5523.0,5520.0,5521.5,1000.0
19/12/2025 14:00,5521.5,5522.5,5520.0,5522.0,1000.0
19/12/2025 14:05,5522.0,5522.5,5521.0,5522.0,1000.0
19/12/2025 14:10,5522.0,5526.5,5521.5,5526.0,1000.0
19/12/2025 14:15,5525.5,5526.0,5523.5,5523.5,1000.0
19/12/2025 14:20,5524.0,5529.5,5523.5,5527.5,1000.0
19/12/2025 14:25,5527.5,5531.0,5526.5,5528.5,1000.0
19/12/2025 14:30,5528.5,5530.5,5527.0,5530.5,1000.0
19/12/2025 14:35,5530.0,5531.0,5529.5,5530.5,1000.0
19/12/2025 14:40,5530.5,5533.0,5529.0,5532.5,1000.0
19/12/2025 14:45,5533.0,5537.5,5532.0,5536.5,1000.0
19/12/2025 14:50,5536.5,5541.5,5536.0,5540.5,1000.0
19/12/2025 14:55,5540.5,5542.0,5538.0,5540.5,1000.0
19/12/2025 15:00,5540.5,5543.0,5538.5,5539.5,1000.0
19/12/2025 15:05,5540.0,5540.0,5538.0,5538.5,1000.0
19/12/2025 15:10,5538.5,5539.0,5534.5,5536.5,1000.0
19/12/2025 15:15,5536.5,5538.5,5534.5,5536.5,1000.0
19/12/2025 15:20,5536.5,5542.5,5536.5,5541.0,1000.0
19/12/2025 15:25,5541.0,5541.0,5538.0,5539.0,1000.0
19/12/2025 15:30,5539.0,5541.0,5538.5,5540.0,1000.0
19/12/2025 15:35,5540.5,5542.0,5539.5,5540.5,1000.0
19/12/2025 15:40,5540.0,5543.5,5539.5,5543.0,1000.0
19/12/2025 15:45,5543.0,5543.5,5540.0,5541.5,1000.0
19/12/2025 15:50,5541.5,5543.0,5539.0,5540.5,1000.0
19/12/2025 15:55,5540.5,5542.5,5539.5,5541.5,1000.0
19/12/2025 16:00,5541.5,5543.0,5541.5,5541.5,1000.0
19/12/2025 16:05,5541.5,5542.0,5538.5,5539.5,1000.0
19/12/2025 16:10,5539.0,5540.0,5535.0,5535.5,1000.0
19/12/2025 16:15,5535.5,5538.0,5535.0,5538.0,1000.0
19/12/2025 16:20,5537.5,5540.0,5537.5,5537.5,1000.0
19/12/2025 16:25,5537.5,5539.5,5537.0,5538.5,1000.0
19/12/2025 16:30,5538.5,5540.0,5538.5,5539.0,1000.0
19/12/2025 16:35,5539.0,5541.0,5539.0,5541.0,1000.0
19/12/2025 16:40,5541.0,5541.5,5538.5,5539.5,1000.0
19/12/2025 16:45,5539.5,5540.5,5538.0,5538.0,1000.0
19/12/2025 16:50,5538.0,5540.5,5537.5,5539.5,1000.0
19/12/2025 16:55,5540.0,5540.5,5539.0,5540.0,1000.0
19/12/2025 17:00,5540.0,5540.0,5537.5,5539.0,1000.0
19/12/2025 17:05,5538.5,5539.5,5538.5,5539.0,1000.0
19/12/2025 17:10,5539.0,5542.0,5538.5,5541.5,1000.0
19/12/2025 17:15,5542.0,5544.0,5540.5,5542.5,1000.0
19/12/2025 17:20,5543.0,5544.0,5542.0,5543.5,1000.0
19/12/2025 17:25,5544.0,5544.0,5542.0,5543.0,1000.0
19/12/2025 17:30,5543.0,5545.0,5542.5,5544.0,1000.0
19/12/2025 17:35,5544.0,5547.5,5543.0,5547.0,1000.0
19/12/2025 17:40,5547.5,5548.0,5546.5,5547.0,1000.0
19/12/2025 17:45,5547.0,5552.0,5547.0,5551.0,1000.0
19/12/2025 17:50,5551.0,5553.0,5549.0,5552.5,1000.0
19/12/2025 17:55,5552.5,5558.5,5550.5,5552.5,1000.0
19/12/2025 18:00,5552.5,5556.0,5550.5,5554.0,1000.0
19/12/2025 18:05,5554.0,5554.5,5551.0,5553.0,1000.0
19/12/2025 18:10,5552.5,5555.5,5551.5,5553.5,1000.0
19/12/2025 18:15,5553.0,5558.5,5553.0,5558.0,1000.0
19/12/2025 18:20,5557.5,5559.0,5554.5,5558.0,1000.0
19/12/2025 18:25,5558.0,5560.5,5555.0,5555.0,1000.0
2/1/2026 10:00,5471.5,5476.0,5470.0,5471.0,1000.0
2/1/2026 10:05,5471.0,5478.0,5471.0,5477.0,1000.0
2/1/2026 10:10,5477.0,5480.5,5474.5,5480.5,1000.0
2/1/2026 10:15,5480.5,5481.0,5477.0,5477.0,1000.0
2/1/2026 10:20,5477.0,5478.5,5475.5,5475.5,1000.0
2/1/2026 10:25,5475.5,5477.5,5475.0,5475.0,1000.0
2/1/2026 10:30,5475.0,5479.0,5473.0,5473.5,1000.0
2/1/2026 10:35,5473.5,5475.5,5473.0,5474.5,1000.0
2/1/2026 10:40,5474.0,5475.5,5473.0,5473.5,1000.0
2/1/2026 10:45,5473.0,5475.0,5463.0,5467.0,1000.0
2/1/2026 10:50,5467.5,5467.5,5459.0,5462.5,1000.0
2/1/2026 10:55,5462.5,5471.0,5461.0,5470.0,1000.0
2/1/2026 11:00,5470.0,5474.5,5469.0,5470.5,1000.0
2/1/2026 11:05,5471.0,5473.5,5470.0,5472.5,1000.0
2/1/2026 11:10,5472.5,5473.5,5467.0,5468.5,1000.0
2/1/2026 11:15,5469.0,5469.0,5458.0,5466.0,1000.0
2/1/2026 11:20,5466.0,5466.5,5457.0,5459.0,1000.0
2/1/2026 11:25,5459.0,5462.0,5457.5,5462.0,1000.0
2/1/2026 11:30,5462.0,5471.0,5462.0,5469.5,1000.0
2/1/2026 11:35,5469.5,5477.0,5469.0,5475.5,1000.0
2/1/2026 11:40,5475.5,5480.0,5474.5,5477.0,1000.0
2/1/2026 11:45,5476.5,5480.0,5474.0,5474.5,1000.0
2/1/2026 11:50,5474.0,5475.0,5471.0,5474.5,1000.0
2/1/2026 11:55,5474.5,5478.0,5471.5,5475.0,1000.0
2/1/2026 12:00,5475.0,5480.0,5473.5,5478.5,1000.0
2/1/2026 12:05,5478.0,5483.5,5477.5,5481.0,1000.0
2/1/2026 12:10,5481.0,5485.0,5478.5,5483.0,1000.0
2/1/2026 12:15,5483.5,5488.0,5480.5,5486.0,1000.0
2/1/2026 12:20,5486.5,5491.5,5484.5,5486.0,1000.0
2/1/2026 12:25,5486.0,5487.0,5483.0,5487.0,1000.0
2/1/2026 12:30,5487.0,5488.5,5485.0,5486.0,1000.0
2/1/2026 12:35,5486.0,5486.5,5482.0,5485.0,1000.0
2/1/2026 12:40,5484.5,5485.0,5481.0,5483.5,1000.0
2/1/2026 12:45,5483.5,5486.5,5480.5,5481.0,1000.0
2/1/2026 12:50,5481.0,5483.0,5477.5,5478.0,1000.0
2/1/2026 12:55,5478.0,5478.5,5473.5,5475.0,1000.0
2/1/2026 13:00,5475.0,5479.5,5474.0,5479.0,1000.0
2/1/2026 13:05,5479.0,5480.0,5476.0,5476.0,1000.0
2/1/2026 13:10,5476.5,5478.5,5475.0,5475.5,1000.0
2/1/2026 13:15,5475.0,5475.5,5468.5,5471.0,1000.0
2/1/2026 13:20,5471.0,5471.5,5468.0,5469.5,1000.0
2/1/2026 13:25,5469.5,5471.5,5469.0,5470.0,1000.0
2/1/2026 13:30,5470.5,5470.5,5466.0,5467.5,1000.0
2/1/2026 13:35,5467.5,5470.0,5465.5,5467.0,1000.0
2/1/2026 13:40,5466.5,5469.0,5466.0,5469.0,1000.0
2/1/2026 13:45,5468.5,5470.0,5467.0,5467.5,1000.0
2/1/2026 13:50,5468.0,5471.0,5467.0,5467.5,1000.0
2/1/2026 13:55,5467.5,5468.0,5460.0,5461.0,1000.0
2/1/2026 14:00,5460.5,5462.5,5457.0,5457.0,1000.0
2/1/2026 14:05,5457.0,5459.0,5455.0,5458.5,1000.0
2/1/2026 14:10,5458.5,5459.0,5454.5,5455.5,1000.0
2/1/2026 14:15,5455.5,5456.5,5454.0,5456.0,1000.0
2/1/2026 14:20,5456.5,5459.5,5456.0,5457.5,1000.0
2/1/2026 14:25,5458.0,5460.0,5456.5,5457.0,1000.0
2/1/2026 14:30,5457.0,5458.0,5455.5,5457.0,1000.0
2/1/2026 14:35,5457.0,5461.5,5456.5,5461.0,1000.0
2/1/2026 14:40,5460.5,5462.5,5459.5,5460.0,1000.0
2/1/2026 14:45,5460.0,5462.5,5459.0,5461.5,1000.0
2/1/2026 14:50,5461.5,5462.0,5460.0,5461.0,1000.0
2/1/2026 14:55,5460.5,5461.0,5458.0,5460.5,1000.0
2/1/2026 15:00,5460.5,5462.0,5458.5,5462.0,1000.0
2/1/2026 15:05,5461.5,5462.5,5458.0,5458.5,1000.0
2/1/2026 15:10,5458.0,5459.5,5457.5,5459.0,1000.0
2/1/2026 15:15,5459.0,5460.0,5455.5,5458.0,1000.0
2/1/2026 15:20,5458.0,5458.0,5454.0,5454.5,1000.0
2/1/2026 15:25,5455.0,5458.5,5454.5,5458.0,1000.0
2/1/2026 15:30,5457.5,5459.0,5456.5,5458.5,1000.0
2/1/2026 15:35,5458.5,5461.0,5458.0,5458.0,1000.0
2/1/2026 15:40,5458.5,5461.5,5458.0,5461.0,1000.0
2/1/2026 15:45,5460.5,5462.5,5460.0,5461.5,1000.0
2/1/2026 15:50,5461.5,5462.0,5459.0,5459.0,1000.0
2/1/2026 15:55,5459.5,5463.5,5459.0,5463.0,1000.0
2/1/2026 16:00,5463.0,5465.0,5462.5,5464.0,1000.0
2/1/2026 16:05,5464.0,5464.0,5460.5,5461.5,1000.0
2/1/2026 16:10,5461.5,5462.5,5459.0,5459.5,1000.0
2/1/2026 16:15,5459.0,5460.0,5457.5,5459.0,1000.0
2/1/2026 16:20,5459.5,5461.0,5458.0,5460.0,1000.0
2/1/2026 16:25,5460.5,5460.5,5458.5,5459.5,1000.0
2/1/2026 16:30,5459.5,5461.5,5458.5,5460.5,1000.0
2/1/2026 16:35,5460.5,5461.0,5458.5,5459.0,1000.0
2/1/2026 16:40,5459.0,5459.0,5456.0,5457.5,1000.0
2/1/2026 16:45,5457.5,5458.5,5455.5,5455.5,1000.0
2/1/2026 16:50,5456.0,5457.0,5455.0,5456.0,1000.0
2/1/2026 16:55,5456.0,5461.0,5455.0,5461.0,1000.0
2/1/2026 17:00,5460.5,5464.0,5460.0,5462.5,1000.0
2/1/2026 17:05,5462.5,5463.0,5460.5,5462.0,1000.0
2/1/2026 17:10,5462.5,5462.5,5460.5,5462.0,1000.0
2/1/2026 17:15,5461.5,5462.5,5460.5,5462.0,1000.0
2/1/2026 17:20,5461.5,5462.0,5461.0,5461.0,1000.0
2/1/2026 17:25,5461.5,5466.0,5461.0,5465.5,1000.0
2/1/2026 17:30,5465.5,5465.5,5464.0,5465.0,1000.0
2/1/2026 17:35,5465.0,5466.0,5464.5,5465.0,1000.0
2/1/2026 17:40,5465.5,5465.5,5463.0,5464.5,1000.0
2/1/2026 17:45,5464.5,5465.0,5462.5,5463.5,1000.0
2/1/2026 17:50,5463.5,5464.5,5463.0,5464.0,1000.0
2/1/2026 17:55,5464.5,5465.0,5462.0,5462.5,1000.0
2/1/2026 18:00,5462.0,5464.0,5462.0,5464.0,1000.0
2/1/2026 18:05,5464.0,5464.0,5460.5,5461.0,1000.0
2/1/2026 18:10,5460.5,5461.5,5459.5,5460.5,1000.0
2/1/2026 18:15,5460.5,5462.0,5459.0,5460.0,1000.0
2/1/2026 18:20,5460.5,5460.5,5454.5,5458.0,1000.0
2/1/2026 18:25,5458.0,5459.0,5452.0,5456.0,1000.0
2/1/2026 9:00,5507.0,5508.0,5497.0,5505.5,1000.0
2/1/2026 9:05,5505.5,5506.5,5487.5,5493.0,1000.0
2/1/2026 9:10,5493.0,5496.0,5488.5,5488.5,1000.0
2/1/2026 9:15,5488.5,5492.0,5484.0,5485.0,1000.0
2/1/2026 9:20,5485.0,5491.0,5485.0,5487.5,1000.0
2/1/2026 9:25,5487.0,5489.0,5481.5,5485.0,1000.0
2/1/2026 9:30,5485.0,5490.5,5484.5,5489.0,1000.0
2/1/2026 9:35,5489.0,5490.0,5482.5,5482.5,1000.0
2/1/2026 9:40,5482.5,5485.0,5477.0,5477.5,1000.0
2/1/2026 9:45,5478.0,5480.5,5476.5,5478.0,1000.0
2/1/2026 9:50,5478.0,5479.0,5473.0,5474.0,1000.0
2/1/2026 9:55,5473.5,5476.0,5467.5,5471.5,1000.0
2/10/2025 10:00,5368.5,5372.5,5366.5,5366.5,1000.0
2/10/2025 10:05,5366.5,5369.0,5364.0,5365.0,1000.0
2/10/2025 10:10,5365.5,5368.0,5365.0,5367.5,1000.0
2/10/2025 10:15,5367.0,5369.5,5366.5,5368.5,1000.0
2/10/2025 10:20,5368.5,5369.5,5365.5,5366.5,1000.0
2/10/2025 10:25,5366.5,5366.5,5364.0,5364.5,1000.0
2/10/2025 10:30,5364.0,5367.5,5359.5,5366.0,1000.0
2/10/2025 10:35,5366.5,5373.0,5366.0,5372.0,1000.0
2/10/2025 10:40,5372.0,5376.0,5371.0,5374.0,1000.0
2/10/2025 10:45,5374.0,5375.0,5367.5,5370.0,1000.0
2/10/2025 10:50,5370.0,5374.0,5369.0,5371.5,1000.0
2/10/2025 10:55,5371.5,5374.5,5371.0,5373.5,1000.0
2/10/2025 11:00,5374.0,5382.0,5373.5,5381.0,1000.0
2/10/2025 11:05,5380.5,5381.0,5375.0,5377.0,1000.0
2/10/2025 11:10,5377.0,5380.5,5375.5,5378.5,1000.0
2/10/2025 11:15,5378.5,5380.0,5377.0,5380.0,1000.0
2/10/2025 11:20,5380.0,5383.5,5379.5,5379.5,1000.0
2/10/2025 11:25,5380.0,5381.5,5378.0,5379.0,1000.0
2/10/2025 11:30,5379.5,5385.5,5376.0,5384.0,1000.0
2/10/2025 11:35,5384.5,5389.0,5383.5,5388.5,1000.0
2/10/2025 11:40,5388.0,5393.5,5387.0,5392.0,1000.0
2/10/2025 11:45,5392.5,5392.5,5385.5,5388.5,1000.0
2/10/2025 11:50,5388.5,5389.0,5384.5,5386.5,1000.0
2/10/2025 11:55,5387.0,5388.5,5385.0,5388.0,1000.0
2/10/2025 12:00,5388.0,5394.5,5387.0,5391.5,1000.0
2/10/2025 12:05,5391.5,5393.5,5385.5,5387.5,1000.0
2/10/2025 12:10,5387.5,5392.0,5385.5,5390.5,1000.0
2/10/2025 12:15,5390.5,5394.0,5390.5,5393.0,1000.0
2/10/2025 12:20,5393.0,5397.0,5392.5,5397.0,1000.0
2/10/2025 12:25,5397.0,5411.0,5395.5,5411.0,1000.0
2/10/2025 12:30,5410.5,5413.0,5404.5,5406.5,1000.0
2/10/2025 12:35,5406.5,5410.5,5405.0,5405.0,1000.0
2/10/2025 12:40,5405.0,5407.5,5402.0,5404.5,1000.0
2/10/2025 12:45,5404.0,5408.0,5403.0,5407.0,1000.0
2/10/2025 12:50,5407.5,5409.0,5405.0,5407.0,1000.0
2/10/2025 12:55,5407.5,5409.5,5405.0,5405.5,1000.0
2/10/2025 13:00,5406.0,5407.0,5403.5,5406.0,1000.0
2/10/2025 13:05,5406.5,5407.0,5403.5,5404.0,1000.0
2/10/2025 13:10,5404.0,5404.5,5402.0,5402.5,1000.0
2/10/2025 13:15,5403.0,5403.0,5394.0,5395.0,1000.0
2/10/2025 13:20,5395.5,5396.5,5394.0,5395.0,1000.0
2/10/2025 13:25,5395.5,5396.5,5389.5,5390.5,1000.0
2/10/2025 13:30,5390.5,5392.5,5388.5,5388.5,1000.0
2/10/2025 13:35,5389.0,5392.0,5388.5,5389.0,1000.0
2/10/2025 13:40,5389.5,5391.0,5388.5,5389.0,1000.0
2/10/2025 13:45,5389.0,5390.0,5387.5,5390.0,1000.0
2/10/2025 13:50,5389.5,5390.0,5385.5,5386.0,1000.0
2/10/2025 13:55,5386.5,5387.0,5384.5,5385.0,1000.0
2/10/2025 14:00,5385.5,5386.0,5376.5,5378.0,1000.0
2/10/2025 14:05,5377.5,5382.5,5377.0,5382.0,1000.0
2/10/2025 14:10,5382.5,5385.5,5381.0,5385.0,1000.0
2/10/2025 14:15,5385.0,5386.0,5383.0,5385.0,1000.0
2/10/2025 14:20,5385.0,5385.5,5383.0,5384.0,1000.0
2/10/2025 14:25,5383.5,5386.0,5383.0,5385.0,1000.0
2/10/2025 14:30,5385.5,5387.5,5383.5,5384.0,1000.0
2/10/2025 14:35,5384.0,5388.0,5383.5,5386.0,1000.0
2/10/2025 14:40,5386.0,5386.5,5385.5,5386.0,1000.0
2/10/2025 14:45,5386.0,5387.0,5385.5,5385.5,1000.0
2/10/2025 14:50,5385.5,5387.0,5384.5,5386.0,1000.0
2/10/2025 14:55,5386.0,5388.0,5386.0,5386.5,1000.0
2/10/2025 15:00,5386.5,5390.0,5386.5,5388.5,1000.0
2/10/2025 15:05,5389.0,5391.5,5388.5,5389.0,1000.0
2/10/2025 15:10,5389.0,5389.5,5386.0,5386.5,1000.0
2/10/2025 15:15,5386.0,5386.5,5381.5,5382.5,1000.0
2/10/2025 15:20,5382.0,5384.5,5382.0,5383.0,1000.0
2/10/2025 15:25,5383.0,5383.5,5382.0,5382.5,1000.0
2/10/2025 15:30,5382.0,5383.5,5381.5,5381.5,1000.0
2/10/2025 15:35,5381.5,5382.5,5380.0,5380.5,1000.0
2/10/2025 15:40,5380.5,5382.5,5380.0,5380.5,1000.0
2/10/2025 15:45,5380.5,5382.0,5380.0,5381.0,1000.0
2/10/2025 15:50,5381.0,5381.5,5378.5,5379.5,1000.0
2/10/2025 15:55,5379.5,5381.0,5379.0,5379.5,1000.0
2/10/2025 16:00,5379.0,5380.0,5375.5,5376.5,1000.0
2/10/2025 16:05,5376.5,5378.0,5374.5,5376.5,1000.0
2/10/2025 16:10,5376.5,5378.0,5376.0,5377.0,1000.0
2/10/2025 16:15,5377.5,5378.5,5377.0,5378.0,1000.0
2/10/2025 16:20,5377.5,5379.5,5377.0,5379.5,1000.0
2/10/2025 16:25,5379.0,5380.5,5378.5,5379.5,1000.0
2/10/2025 16:30,5380.0,5380.0,5377.5,5378.5,1000.0
2/10/2025 16:35,5378.5,5380.0,5378.0,5378.5,1000.0
2/10/2025 16:40,5378.5,5379.0,5376.0,5377.0,1000.0
2/10/2025 16:45,5377.0,5379.0,5377.0,5378.0,1000.0
2/10/2025 16:50,5378.0,5380.5,5378.0,5380.0,1000.0
2/10/2025 16:55,5380.0,5380.0,5377.0,5379.0,1000.0
2/10/2025 17:00,5379.0,5380.0,5378.0,5378.5,1000.0
2/10/2025 17:05,5379.0,5380.0,5377.0,5379.5,1000.0
2/10/2025 17:10,5379.0,5381.5,5379.0,5381.0,1000.0
2/10/2025 17:15,5381.0,5382.0,5380.5,5381.0,1000.0
2/10/2025 17:20,5380.5,5382.0,5380.0,5381.0,1000.0
2/10/2025 17:25,5381.0,5381.5,5380.5,5380.5,1000.0
2/10/2025 17:30,5381.0,5381.0,5378.5,5379.0,1000.0
2/10/2025 17:35,5379.5,5381.5,5379.0,5380.0,1000.0
2/10/2025 17:40,5380.5,5381.0,5379.5,5381.0,1000.0
2/10/2025 17:45,5380.5,5381.5,5380.0,5380.5,1000.0
2/10/2025 17:50,5380.5,5380.5,5378.5,5379.5,1000.0
2/10/2025 17:55,5379.0,5379.5,5377.5,5377.5,1000.0
2/10/2025 18:00,5378.0,5378.5,5377.5,5378.5,1000.0
2/10/2025 18:05,5378.0,5379.0,5377.5,5378.5,1000.0
2/10/2025 18:10,5379.0,5379.0,5377.5,5378.5,1000.0
2/10/2025 18:15,5378.5,5379.0,5378.0,5379.0,1000.0
2/10/2025 18:20,5378.5,5380.0,5378.0,5378.0,1000.0
2/10/2025 18:25,5378.0,5379.0,5375.5,5379.0,1000.0
2/10/2025 9:00,5359.5,5360.5,5347.0,5351.5,1000.0
2/10/2025 9:05,5351.0,5355.0,5351.0,5352.0,1000.0
2/10/2025 9:10,5352.5,5353.5,5347.5,5349.0,1000.0
2/10/2025 9:15,5348.5,5351.5,5347.0,5348.5,1000.0
2/10/2025 9:20,5348.5,5355.0,5348.0,5353.5,1000.0
2/10/2025 9:25,5353.5,5358.0,5351.5,5357.5,1000.0
2/10/2025 9:30,5357.5,5362.0,5356.5,5361.0,1000.0
2/10/2025 9:35,5361.5,5363.5,5359.5,5362.5,1000.0
2/10/2025 9:40,5362.5,5369.5,5361.5,5367.0,1000.0
2/10/2025 9:45,5366.5,5368.0,5362.0,5366.5,1000.0
2/10/2025 9:50,5367.0,5369.0,5365.5,5367.5,1000.0
2/10/2025 9:55,5367.0,5370.0,5366.0,5368.5,1000.0
2/12/2025 10:00,5387.5,5392.5,5384.5,5391.5,1000.0
2/12/2025 10:05,5391.5,5394.0,5390.0,5391.0,1000.0
2/12/2025 10:10,5391.0,5392.0,5389.0,5390.0,1000.0
2/12/2025 10:15,5390.0,5392.0,5389.0,5391.0,1000.0
2/12/2025 10:20,5391.0,5391.5,5389.0,5389.0,1000.0
2/12/2025 10:25,5389.0,5390.5,5388.5,5389.5,1000.0
2/12/2025 10:30,5389.0,5391.5,5388.0,5391.0,1000.0
2/12/2025 10:35,5391.0,5393.0,5390.0,5391.0,1000.0
2/12/2025 10:40,5391.0,5391.0,5386.0,5388.5,1000.0
2/12/2025 10:45,5388.5,5391.0,5387.5,5389.5,1000.0
2/12/2025 10:50,5389.5,5390.0,5384.5,5384.5,1000.0
2/12/2025 10:55,5384.0,5385.0,5379.0,5379.5,1000.0
2/12/2025 11:00,5379.5,5382.0,5378.5,5380.5,1000.0
2/12/2025 11:05,5380.5,5381.5,5377.5,5378.0,1000.0
2/12/2025 11:10,5378.0,5379.0,5370.5,5371.5,1000.0
2/12/2025 11:15,5371.5,5375.5,5370.5,5375.5,1000.0
2/12/2025 11:20,5375.5,5376.0,5371.5,5374.0,1000.0
2/12/2025 11:25,5374.5,5378.0,5374.0,5377.0,1000.0
2/12/2025 11:30,5377.0,5378.0,5376.0,5376.0,1000.0
2/12/2025 11:35,5376.5,5377.5,5375.0,5377.0,1000.0
2/12/2025 11:40,5377.0,5380.0,5376.5,5380.0,1000.0
2/12/2025 11:45,5379.5,5380.5,5373.5,5373.5,1000.0
2/12/2025 11:50,5374.0,5375.5,5373.0,5374.5,1000.0
2/12/2025 11:55,5374.0,5375.0,5372.5,5372.5,1000.0
2/12/2025 12:00,5373.0,5375.0,5370.0,5370.5,1000.0
2/12/2025 12:05,5370.5,5375.0,5368.0,5375.0,1000.0
2/12/2025 12:10,5375.0,5377.0,5369.0,5372.0,1000.0
2/12/2025 12:15,5371.5,5374.0,5370.0,5373.0,1000.0
2/12/2025 12:20,5373.5,5377.0,5372.0,5376.0,1000.0
2/12/2025 12:25,5376.0,5377.5,5374.0,5376.0,1000.0
2/12/2025 12:30,5376.0,5376.0,5370.5,5373.5,1000.0
2/12/2025 12:35,5374.0,5375.0,5372.0,5375.0,1000.0
2/12/2025 12:40,5374.5,5376.0,5374.0,5374.5,1000.0
2/12/2025 12:45,5375.0,5376.5,5374.5,5376.0,1000.0
2/12/2025 12:50,5376.5,5377.5,5374.5,5376.5,1000.0
2/12/2025 12:55,5377.0,5377.0,5373.5,5374.0,1000.0
2/12/2025 13:00,5374.0,5376.5,5373.0,5374.0,1000.0
2/12/2025 13:05,5374.0,5377.0,5373.0,5376.0,1000.0
2/12/2025 13:10,5375.5,5378.5,5374.5,5377.0,1000.0
2/12/2025 13:15,5376.5,5377.5,5376.0,5376.0,1000.0
2/12/2025 13:20,5376.0,5379.0,5375.0,5379.0,1000.0
2/12/2025 13:25,5378.5,5379.5,5377.5,5379.0,1000.0
2/12/2025 13:30,5379.0,5379.5,5377.0,5377.0,1000.0
2/12/2025 13:35,5377.0,5377.5,5375.5,5376.0,1000.0
2/12/2025 13:40,5376.0,5377.0,5375.0,5376.5,1000.0
2/12/2025 13:45,5376.5,5377.5,5376.0,5377.0,1000.0
2/12/2025 13:50,5377.5,5379.0,5376.0,5378.0,1000.0
2/12/2025 13:55,5378.0,5378.5,5374.5,5377.5,1000.0
2/12/2025 14:00,5377.0,5377.5,5374.5,5375.0,1000.0
2/12/2025 14:05,5375.5,5375.5,5372.5,5373.0,1000.0
2/12/2025 14:10,5373.0,5374.5,5371.0,5371.0,1000.0
2/12/2025 14:15,5370.5,5371.0,5364.0,5364.0,1000.0
2/12/2025 14:20,5364.0,5366.0,5362.5,5364.0,1000.0
2/12/2025 14:25,5364.0,5366.5,5363.0,5364.0,1000.0
2/12/2025 14:30,5364.5,5366.5,5364.0,5366.0,1000.0
2/12/2025 14:35,5366.0,5367.0,5366.0,5367.0,1000.0
2/12/2025 14:40,5367.0,5368.0,5364.5,5367.0,1000.0
2/12/2025 14:45,5367.0,5367.5,5363.5,5364.5,1000.0
2/12/2025 14:50,5364.5,5366.5,5364.0,5364.5,1000.0
2/12/2025 14:55,5364.5,5370.0,5364.5,5369.0,1000.0
2/12/2025 15:00,5369.0,5369.5,5368.0,5368.5,1000.0
2/12/2025 15:05,5368.5,5369.0,5365.5,5368.0,1000.0
2/12/2025 15:10,5368.5,5370.0,5367.5,5368.0,1000.0
2/12/2025 15:15,5367.5,5368.5,5365.0,5365.5,1000.0
2/12/2025 15:20,5365.5,5367.5,5365.0,5366.0,1000.0
2/12/2025 15:25,5366.5,5369.0,5366.0,5367.5,1000.0
2/12/2025 15:30,5368.0,5370.0,5367.0,5370.0,1000.0
2/12/2025 15:35,5370.0,5370.5,5368.5,5368.5,1000.0
2/12/2025 15:40,5368.5,5370.0,5368.0,5370.0,1000.0
2/12/2025 15:45,5370.0,5370.0,5367.5,5368.5,1000.0
2/12/2025 15:50,5368.5,5369.5,5367.5,5368.5,1000.0
2/12/2025 15:55,5368.5,5369.5,5367.5,5368.0,1000.0
2/12/2025 16:00,5368.0,5368.0,5366.0,5367.0,1000.0
2/12/2025 16:05,5367.0,5368.5,5367.0,5367.0,1000.0
2/12/2025 16:10,5367.0,5368.0,5366.5,5367.0,1000.0
2/12/2025 16:15,5367.0,5367.5,5365.5,5366.0,1000.0
2/12/2025 16:20,5365.5,5367.0,5365.0,5365.5,1000.0
2/12/2025 16:25,5365.5,5366.5,5364.5,5365.5,1000.0
2/12/2025 16:30,5365.0,5366.0,5364.0,5365.0,1000.0
2/12/2025 16:35,5365.0,5366.5,5364.5,5366.5,1000.0
2/12/2025 16:40,5366.0,5367.0,5366.0,5367.0,1000.0
2/12/2025 16:45,5366.5,5368.0,5366.5,5367.5,1000.0
2/12/2025 16:50,5367.5,5368.0,5365.0,5366.0,1000.0
2/12/2025 16:55,5366.5,5366.5,5363.0,5364.5,1000.0
2/12/2025 17:00,5364.5,5364.5,5362.5,5364.0,1000.0
2/12/2025 17:05,5364.0,5365.5,5363.5,5365.5,1000.0
2/12/2025 17:10,5365.5,5366.5,5365.0,5366.0,1000.0
2/12/2025 17:15,5366.0,5366.0,5363.5,5363.5,1000.0
2/12/2025 17:20,5363.5,5364.0,5362.0,5362.5,1000.0
2/12/2025 17:25,5362.5,5363.0,5362.0,5362.0,1000.0
2/12/2025 17:30,5362.0,5363.0,5361.0,5361.0,1000.0
2/12/2025 17:35,5361.0,5363.5,5361.0,5363.5,1000.0
2/12/2025 17:40,5363.5,5364.0,5362.0,5362.5,1000.0
2/12/2025 17:45,5362.5,5364.0,5362.5,5363.0,1000.0
2/12/2025 17:50,5363.5,5363.5,5362.5,5362.5,1000.0
2/12/2025 17:55,5363.0,5363.0,5361.5,5361.5,1000.0
2/12/2025 18:00,5362.0,5362.0,5360.0,5361.0,1000.0
2/12/2025 18:05,5361.0,5362.0,5360.5,5361.0,1000.0
2/12/2025 18:10,5360.5,5362.5,5360.0,5362.0,1000.0
2/12/2025 18:15,5362.0,5363.5,5361.0,5363.5,1000.0
2/12/2025 18:20,5363.0,5363.5,5360.0,5363.0,1000.0
2/12/2025 18:25,5362.5,5363.0,5361.0,5361.5,1000.0
2/12/2025 9:00,5388.0,5388.5,5378.5,5379.5,1000.0
2/12/2025 9:05,5379.0,5380.5,5374.5,5379.5,1000.0
2/12/2025 9:10,5380.0,5386.0,5378.5,5384.5,1000.0
2/12/2025 9:15,5384.5,5387.0,5383.5,5387.0,1000.0
2/12/2025 9:20,5387.0,5388.0,5383.5,5383.5,1000.0
2/12/2025 9:25,5383.5,5386.0,5380.5,5385.5,1000.0
2/12/2025 9:30,5385.0,5387.5,5384.5,5386.5,1000.0
2/12/2025 9:35,5386.5,5390.0,5386.5,5390.0,1000.0
2/12/2025 9:40,5389.5,5391.5,5388.5,5390.0,1000.0
2/12/2025 9:45,5390.5,5392.0,5390.0,5391.5,1000.0
2/12/2025 9:50,5391.5,5396.5,5391.5,5394.5,1000.0
2/12/2025 9:55,5394.5,5395.0,5385.0,5387.0,1000.0
2/2/2026 10:00,5274.0,5286.0,5273.0,5283.5,1000.0
2/2/2026 10:05,5283.5,5288.0,5283.0,5286.0,1000.0
2/2/2026 10:10,5285.5,5290.5,5283.0,5287.5,1000.0
2/2/2026 10:15,5287.5,5292.5,5286.0,5292.0,1000.0
2/2/2026 10:20,5291.5,5295.5,5291.0,5292.5,1000.0
2/2/2026 10:25,5293.0,5294.0,5286.5,5288.0,1000.0
2/2/2026 10:30,5288.0,5292.5,5285.5,5286.5,1000.0
2/2/2026 10:35,5286.5,5295.0,5286.5,5292.5,1000.0
2/2/2026 10:40,5292.5,5293.5,5291.0,5291.5,1000.0
2/2/2026 10:45,5291.5,5292.0,5288.0,5290.0,1000.0
2/2/2026 10:50,5290.5,5291.0,5287.0,5289.0,1000.0
2/2/2026 10:55,5289.0,5289.5,5286.5,5288.5,1000.0
2/2/2026 11:00,5288.5,5292.0,5285.5,5289.0,1000.0
2/2/2026 11:05,5289.5,5291.5,5286.0,5291.0,1000.0
2/2/2026 11:10,5291.0,5300.0,5289.5,5298.5,1000.0
2/2/2026 11:15,5298.5,5308.5,5298.0,5306.5,1000.0
2/2/2026 11:20,5306.5,5312.0,5304.0,5304.0,1000.0
2/2/2026 11:25,5304.0,5309.5,5302.5,5307.0,1000.0
2/2/2026 11:30,5307.0,5309.5,5295.5,5296.5,1000.0
2/2/2026 11:35,5296.5,5298.5,5288.0,5288.5,1000.0
2/2/2026 11:40,5288.5,5293.5,5288.0,5291.5,1000.0
2/2/2026 11:45,5291.5,5292.5,5286.0,5289.5,1000.0
2/2/2026 11:50,5289.5,5290.5,5278.0,5283.5,1000.0
2/2/2026 11:55,5284.0,5290.0,5283.0,5289.5,1000.0
2/2/2026 12:00,5289.5,5294.5,5286.5,5287.0,1000.0
2/2/2026 12:05,5287.0,5290.0,5284.5,5285.5,1000.0
2/2/2026 12:10,5285.5,5299.0,5284.5,5298.0,1000.0
2/2/2026 12:15,5298.0,5300.0,5293.5,5294.0,1000.0
2/2/2026 12:20,5293.5,5295.5,5289.5,5292.5,1000.0
2/2/2026 12:25,5293.0,5301.0,5291.5,5298.5,1000.0
2/2/2026 12:30,5298.5,5300.5,5293.5,5294.5,1000.0
2/2/2026 12:35,5294.0,5295.0,5290.5,5291.5,1000.0
2/2/2026 12:40,5291.0,5295.0,5290.5,5293.5,1000.0
2/2/2026 12:45,5293.5,5295.0,5291.5,5292.5,1000.0
2/2/2026 12:50,5293.0,5295.0,5290.0,5291.0,1000.0
2/2/2026 12:55,5291.0,5294.5,5291.0,5293.5,1000.0
2/2/2026 13:00,5294.0,5296.5,5291.0,5292.5,1000.0
2/2/2026 13:05,5293.0,5293.5,5287.0,5287.5,1000.0
2/2/2026 13:10,5288.0,5290.0,5286.0,5287.0,1000.0
2/2/2026 13:15,5287.0,5289.0,5286.0,5287.5,1000.0
2/2/2026 13:20,5287.5,5290.0,5286.5,5288.0,1000.0
2/2/2026 13:25,5288.5,5291.5,5288.0,5289.5,1000.0
2/2/2026 13:30,5289.5,5293.5,5289.0,5293.0,1000.0
2/2/2026 13:35,5293.0,5293.0,5290.0,5290.5,1000.0
2/2/2026 13:40,5290.5,5291.0,5287.0,5290.0,1000.0
2/2/2026 13:45,5289.5,5290.5,5288.0,5288.0,1000.0
2/2/2026 13:50,5288.0,5288.0,5284.0,5287.5,1000.0
2/2/2026 13:55,5288.0,5291.0,5286.5,5290.5,1000.0
2/2/2026 14:00,5291.0,5291.5,5287.5,5290.0,1000.0
2/2/2026 14:05,5290.0,5290.5,5288.5,5288.5,1000.0
2/2/2026 14:10,5288.5,5289.5,5282.0,5282.0,1000.0
2/2/2026 14:15,5282.0,5286.0,5280.5,5285.5,1000.0
2/2/2026 14:20,5285.5,5289.0,5285.5,5286.5,1000.0
2/2/2026 14:25,5286.5,5288.5,5285.0,5286.5,1000.0
2/2/2026 14:30,5286.5,5290.5,5286.5,5288.5,1000.0
2/2/2026 14:35,5288.0,5291.0,5287.5,5289.0,1000.0
2/2/2026 14:40,5289.0,5290.0,5287.5,5288.0,1000.0
2/2/2026 14:45,5288.5,5290.0,5286.0,5286.5,1000.0
2/2/2026 14:50,5287.0,5288.0,5285.5,5287.5,1000.0
2/2/2026 14:55,5287.5,5289.5,5286.5,5289.0,1000.0
2/2/2026 15:00,5289.5,5296.0,5289.0,5294.0,1000.0
2/2/2026 15:05,5293.5,5298.5,5293.5,5293.5,1000.0
2/2/2026 15:10,5294.0,5295.0,5291.5,5294.5,1000.0
2/2/2026 15:15,5294.5,5294.5,5291.0,5294.0,1000.0
2/2/2026 15:20,5294.0,5294.5,5291.5,5292.5,1000.0
2/2/2026 15:25,5292.5,5294.0,5292.0,5293.0,1000.0
2/2/2026 15:30,5293.0,5294.5,5291.0,5291.0,1000.0
2/2/2026 15:35,5291.0,5294.0,5290.5,5293.5,1000.0
2/2/2026 15:40,5293.0,5293.5,5292.0,5292.5,1000.0
2/2/2026 15:45,5292.5,5293.0,5289.0,5291.0,1000.0
2/2/2026 15:50,5291.0,5293.0,5290.0,5292.5,1000.0
2/2/2026 15:55,5292.0,5293.5,5290.5,5291.5,1000.0
2/2/2026 16:00,5291.5,5292.5,5290.5,5292.0,1000.0
2/2/2026 16:05,5292.0,5292.5,5291.0,5292.0,1000.0
2/2/2026 16:10,5292.0,5293.0,5291.0,5291.5,1000.0
2/2/2026 16:15,5291.5,5292.5,5291.0,5292.0,1000.0
2/2/2026 16:20,5292.0,5292.5,5291.5,5292.0,1000.0
2/2/2026 16:25,5292.0,5294.0,5291.0,5292.5,1000.0
2/2/2026 16:30,5292.5,5295.0,5291.5,5294.5,1000.0
2/2/2026 16:35,5294.5,5294.5,5291.5,5292.0,1000.0
2/2/2026 16:40,5292.0,5292.5,5286.0,5287.5,1000.0
2/2/2026 16:45,5287.0,5289.0,5286.5,5289.0,1000.0
2/2/2026 16:50,5288.5,5289.5,5286.5,5289.0,1000.0
2/2/2026 16:55,5289.0,5289.5,5286.5,5288.5,1000.0
2/2/2026 17:00,5288.0,5290.0,5288.0,5289.0,1000.0
2/2/2026 17:05,5289.0,5289.5,5287.0,5287.5,1000.0
2/2/2026 17:10,5288.0,5288.5,5287.0,5288.0,1000.0
2/2/2026 17:15,5288.0,5290.0,5288.0,5290.0,1000.0
2/2/2026 17:20,5289.5,5290.0,5288.0,5289.0,1000.0
2/2/2026 17:25,5288.5,5290.5,5287.5,5288.5,1000.0
2/2/2026 17:30,5288.5,5289.5,5288.0,5289.0,1000.0
2/2/2026 17:35,5289.5,5289.5,5288.0,5289.0,1000.0
2/2/2026 17:40,5288.5,5290.0,5287.5,5288.0,1000.0
2/2/2026 17:45,5288.0,5289.5,5287.5,5289.5,1000.0
2/2/2026 17:50,5289.0,5289.5,5288.0,5288.0,1000.0
2/2/2026 17:55,5288.0,5288.5,5286.5,5288.0,1000.0
2/2/2026 18:00,5288.0,5290.5,5287.5,5289.0,1000.0
2/2/2026 18:05,5289.0,5290.0,5288.5,5289.0,1000.0
2/2/2026 18:10,5289.0,5289.5,5286.5,5288.5,1000.0
2/2/2026 18:15,5288.0,5290.0,5288.0,5289.5,1000.0
2/2/2026 18:20,5289.0,5290.5,5287.5,5290.0,1000.0
2/2/2026 18:25,5290.0,5291.5,5288.5,5291.5,1000.0
2/2/2026 9:00,5297.5,5297.5,5271.0,5273.5,1000.0
2/2/2026 9:05,5274.0,5286.5,5272.5,5281.0,1000.0
2/2/2026 9:10,5281.0,5283.0,5274.0,5277.0,1000.0
2/2/2026 9:15,5276.5,5288.5,5275.5,5288.5,1000.0
2/2/2026 9:20,5288.0,5288.5,5276.5,5276.5,1000.0
2/2/2026 9:25,5277.0,5281.5,5276.5,5278.0,1000.0
2/2/2026 9:30,5278.5,5281.0,5275.0,5276.5,1000.0
2/2/2026 9:35,5276.5,5282.5,5273.0,5274.0,1000.0
2/2/2026 9:40,5274.0,5277.0,5267.5,5268.5,1000.0
2/2/2026 9:45,5268.0,5275.5,5266.5,5275.0,1000.0
2/2/2026 9:50,5275.0,5279.5,5274.0,5278.5,1000.0
2/2/2026 9:55,5278.0,5280.5,5272.5,5274.5,1000.0
2/3/2026 10:00,5240.5,5249.5,5235.5,5248.0,1000.0
2/3/2026 10:05,5248.5,5249.5,5241.0,5248.0,1000.0
2/3/2026 10:10,5247.5,5250.5,5246.0,5248.5,1000.0
2/3/2026 10:15,5248.5,5250.0,5241.5,5241.5,1000.0
2/3/2026 10:20,5241.5,5242.5,5229.0,5230.5,1000.0
2/3/2026 10:25,5230.0,5238.0,5229.0,5237.5,1000.0
2/3/2026 10:30,5237.5,5246.5,5236.0,5245.0,1000.0
2/3/2026 10:35,5245.0,5250.0,5243.5,5248.5,1000.0
2/3/2026 10:40,5248.0,5255.5,5246.5,5250.5,1000.0
2/3/2026 10:45,5250.5,5252.5,5246.5,5251.0,1000.0
2/3/2026 10:50,5251.0,5253.0,5240.0,5242.5,1000.0
2/3/2026 10:55,5242.5,5250.0,5239.5,5249.0,1000.0
2/3/2026 11:00,5249.0,5255.0,5244.5,5245.0,1000.0
2/3/2026 11:05,5245.0,5245.0,5230.5,5233.0,1000.0
2/3/2026 11:10,5232.5,5238.5,5232.5,5235.5,1000.0
2/3/2026 11:15,5235.5,5246.0,5235.0,5244.0,1000.0
2/3/2026 11:20,5244.0,5246.0,5241.5,5242.5,1000.0
2/3/2026 11:25,5243.0,5246.0,5242.0,5245.0,1000.0
2/3/2026 11:30,5245.0,5247.0,5236.5,5242.5,1000.0
2/3/2026 11:35,5242.5,5243.5,5234.0,5236.0,1000.0
2/3/2026 11:40,5236.0,5236.5,5228.5,5234.5,1000.0
2/3/2026 11:45,5234.0,5236.0,5227.5,5229.0,1000.0
2/3/2026 11:50,5229.0,5232.0,5228.0,5228.5,1000.0
2/3/2026 11:55,5229.0,5232.0,5227.0,5230.0,1000.0
2/3/2026 12:00,5230.0,5233.0,5228.0,5231.0,1000.0
2/3/2026 12:05,5231.0,5232.0,5223.5,5226.5,1000.0
2/3/2026 12:10,5226.0,5226.5,5216.5,5218.5,1000.0
2/3/2026 12:15,5218.5,5227.5,5218.5,5227.0,1000.0
2/3/2026 12:20,5227.0,5233.0,5226.0,5231.5,1000.0
2/3/2026 12:25,5231.5,5235.5,5228.0,5228.0,1000.0
2/3/2026 12:30,5228.0,5233.5,5225.0,5232.5,1000.0
2/3/2026 12:35,5232.0,5239.0,5231.5,5234.5,1000.0
2/3/2026 12:40,5234.5,5235.5,5229.0,5231.5,1000.0
2/3/2026 12:45,5232.0,5233.5,5230.0,5231.5,1000.0
2/3/2026 12:50,5231.5,5242.0,5231.5,5238.5,1000.0
2/3/2026 12:55,5238.0,5241.5,5236.5,5239.5,1000.0
2/3/2026 13:00,5240.0,5245.0,5239.0,5241.0,1000.0
2/3/2026 13:05,5241.0,5241.5,5235.0,5236.5,1000.0
2/3/2026 13:10,5236.5,5238.0,5234.0,5234.5,1000.0
2/3/2026 13:15,5234.5,5241.5,5234.5,5241.0,1000.0
2/3/2026 13:20,5241.0,5241.5,5238.0,5238.0,1000.0
2/3/2026 13:25,5238.0,5241.5,5236.0,5240.0,1000.0
2/3/2026 13:30,5240.5,5243.0,5238.0,5238.5,1000.0
2/3/2026 13:35,5238.5,5239.5,5235.0,5235.5,1000.0
2/3/2026 13:40,5235.5,5236.0,5228.0,5229.5,1000.0
2/3/2026 13:45,5229.5,5230.0,5225.5,5227.0,1000.0
2/3/2026 13:50,5227.0,5230.0,5227.0,5229.5,1000.0
2/3/2026 13:55,5230.0,5232.0,5227.5,5231.0,1000.0
2/3/2026 14:00,5231.0,5234.5,5230.0,5231.0,1000.0
2/3/2026 14:05,5231.5,5232.5,5229.5,5231.0,1000.0
2/3/2026 14:10,5231.5,5233.5,5226.0,5226.5,1000.0
2/3/2026 14:15,5227.0,5227.5,5222.0,5222.5,1000.0
2/3/2026 14:20,5222.0,5223.0,5218.0,5220.5,1000.0
2/3/2026 14:25,5220.5,5221.5,5218.5,5221.0,1000.0
2/3/2026 14:30,5221.0,5221.0,5216.0,5218.0,1000.0
2/3/2026 14:35,5217.5,5222.5,5216.5,5221.0,1000.0
2/3/2026 14:40,5221.5,5224.0,5220.0,5221.5,1000.0
2/3/2026 14:45,5221.5,5222.5,5218.0,5218.5,1000.0
2/3/2026 14:50,5218.0,5218.5,5208.0,5210.5,1000.0
2/3/2026 14:55,5210.0,5211.5,5208.0,5209.5,1000.0
2/3/2026 15:00,5209.5,5214.0,5207.5,5213.5,1000.0
2/3/2026 15:05,5213.0,5218.5,5211.5,5218.0,1000.0
2/3/2026 15:10,5218.0,5218.5,5210.0,5210.0,1000.0
2/3/2026 15:15,5210.5,5214.5,5209.5,5212.0,1000.0
2/3/2026 15:20,5211.5,5217.5,5211.5,5217.0,1000.0
2/3/2026 15:25,5216.5,5218.0,5214.0,5215.5,1000.0
2/3/2026 15:30,5215.5,5216.0,5213.0,5214.0,1000.0
2/3/2026 15:35,5214.0,5215.5,5213.0,5214.5,1000.0
2/3/2026 15:40,5214.5,5219.0,5214.0,5217.5,1000.0
2/3/2026 15:45,5217.0,5219.5,5216.0,5216.0,1000.0
2/3/2026 15:50,5216.0,5216.5,5213.5,5214.0,1000.0
2/3/2026 15:55,5214.0,5214.0,5209.0,5211.0,1000.0
2/3/2026 16:00,5210.5,5212.0,5208.0,5210.0,1000.0
2/3/2026 16:05,5210.0,5211.0,5206.5,5207.0,1000.0
2/3/2026 16:10,5206.5,5208.5,5205.5,5207.5,1000.0
2/3/2026 16:15,5207.5,5209.0,5206.5,5206.5,1000.0
2/3/2026 16:20,5206.5,5210.5,5205.5,5209.0,1000.0
2/3/2026 16:25,5209.0,5210.0,5208.5,5210.0,1000.0
2/3/2026 16:30,5210.0,5210.0,5207.5,5209.5,1000.0
2/3/2026 16:35,5209.0,5209.5,5206.0,5208.0,1000.0
2/3/2026 16:40,5208.5,5211.0,5208.0,5209.5,1000.0
2/3/2026 16:45,5210.0,5210.5,5204.0,5205.5,1000.0
2/3/2026 16:50,5205.0,5207.5,5204.5,5206.0,1000.0
2/3/2026 16:55,5205.5,5206.5,5204.5,5205.0,1000.0
2/3/2026 17:00,5205.5,5206.5,5204.5,5206.0,1000.0
2/3/2026 17:05,5206.5,5230.0,5205.0,5222.5,1000.0
2/3/2026 17:10,5223.0,5227.0,5217.0,5221.0,1000.0
2/3/2026 17:15,5221.0,5222.0,5212.0,5217.0,1000.0
2/3/2026 17:20,5216.5,5221.5,5216.0,5217.5,1000.0
2/3/2026 17:25,5217.5,5221.0,5217.0,5218.5,1000.0
2/3/2026 17:30,5218.0,5218.0,5210.5,5213.5,1000.0
2/3/2026 17:35,5213.5,5216.0,5213.0,5214.0,1000.0
2/3/2026 17:40,5214.0,5216.0,5214.0,5215.0,1000.0
2/3/2026 17:45,5215.0,5216.0,5213.5,5214.5,1000.0
2/3/2026 17:50,5214.5,5215.5,5213.5,5214.5,1000.0
2/3/2026 17:55,5214.5,5216.5,5214.5,5216.0,1000.0
2/3/2026 18:00,5216.0,5217.5,5213.5,5216.0,1000.0
2/3/2026 18:05,5215.5,5216.0,5213.0,5215.5,1000.0
2/3/2026 18:10,5215.5,5216.0,5212.0,5213.0,1000.0
2/3/2026 18:15,5212.5,5215.0,5210.5,5213.0,1000.0
2/3/2026 18:20,5213.5,5214.5,5211.0,5212.5,1000.0
2/3/2026 18:25,5212.5,5217.5,5211.5,5215.0,1000.0
2/3/2026 9:00,5188.5,5199.0,5178.0,5198.0,1000.0
2/3/2026 9:05,5198.5,5203.5,5195.0,5201.5,1000.0
2/3/2026 9:10,5201.0,5208.0,5199.5,5207.5,1000.0
2/3/2026 9:15,5208.0,5228.0,5206.5,5225.0,1000.0
2/3/2026 9:20,5225.0,5228.0,5214.0,5214.5,1000.0
2/3/2026 9:25,5214.0,5220.5,5214.0,5219.5,1000.0
2/3/2026 9:30,5219.5,5222.5,5217.5,5222.0,1000.0
2/3/2026 9:35,5222.0,5234.0,5220.5,5227.5,1000.0
2/3/2026 9:40,5227.5,5230.5,5223.0,5224.5,1000.0
2/3/2026 9:45,5224.0,5232.5,5223.5,5231.0,1000.0
2/3/2026 9:50,5231.0,5239.0,5228.5,5236.5,1000.0
2/3/2026 9:55,5236.5,5245.5,5235.5,5241.0,1000.0
2/4/2026 10:00,5208.0,5212.0,5207.0,5211.0,1000.0
2/4/2026 10:05,5210.5,5212.0,5205.5,5211.5,1000.0
2/4/2026 10:10,5211.0,5215.5,5208.0,5210.0,1000.0
2/4/2026 10:15,5210.5,5210.5,5204.5,5206.0,1000.0
2/4/2026 10:20,5206.0,5207.0,5203.5,5205.0,1000.0
2/4/2026 10:25,5204.5,5206.0,5199.0,5201.0,1000.0
2/4/2026 10:30,5201.0,5201.0,5195.0,5196.0,1000.0
2/4/2026 10:35,5195.5,5202.5,5195.0,5201.5,1000.0
2/4/2026 10:40,5201.5,5202.5,5194.5,5195.0,1000.0
2/4/2026 10:45,5195.0,5197.0,5189.5,5191.5,1000.0
2/4/2026 10:50,5191.5,5192.0,5186.0,5190.5,1000.0
2/4/2026 10:55,5190.0,5191.5,5188.0,5190.5,1000.0
2/4/2026 11:00,5190.5,5193.0,5189.0,5191.5,1000.0
2/4/2026 11:05,5192.0,5194.0,5190.0,5192.5,1000.0
2/4/2026 11:10,5192.0,5195.0,5192.0,5194.0,1000.0
2/4/2026 11:15,5193.5,5193.5,5189.5,5191.0,1000.0
2/4/2026 11:20,5191.0,5193.5,5188.5,5190.0,1000.0
2/4/2026 11:25,5190.0,5197.5,5189.5,5195.5,1000.0
2/4/2026 11:30,5196.0,5196.5,5186.0,5189.0,1000.0
2/4/2026 11:35,5189.0,5190.0,5169.0,5177.5,1000.0
2/4/2026 11:40,5177.5,5182.5,5176.0,5177.5,1000.0
2/4/2026 11:45,5177.5,5189.0,5177.0,5187.5,1000.0
2/4/2026 11:50,5187.5,5191.0,5183.5,5184.5,1000.0
2/4/2026 11:55,5184.5,5191.0,5182.5,5187.5,1000.0
2/4/2026 12:00,5187.5,5190.5,5186.5,5188.0,1000.0
2/4/2026 9:00,5220.0,5225.5,5215.5,5215.5,1000.0
2/4/2026 9:05,5216.0,5217.0,5209.0,5211.5,1000.0
2/4/2026 9:10,5211.5,5214.0,5210.0,5212.0,1000.0
2/4/2026 9:15,5212.5,5215.0,5210.5,5215.0,1000.0
2/4/2026 9:20,5214.5,5218.5,5210.0,5211.5,1000.0
2/4/2026 9:25,5211.0,5216.0,5208.5,5212.0,1000.0
2/4/2026 9:30,5212.0,5213.0,5205.5,5208.0,1000.0
2/4/2026 9:35,5208.0,5212.5,5207.5,5209.5,1000.0
2/4/2026 9:40,5209.5,5212.5,5208.0,5209.5,1000.0
2/4/2026 9:45,5210.0,5210.0,5203.0,5204.0,1000.0
2/4/2026 9:50,5204.0,5205.5,5200.5,5205.5,1000.0
2/4/2026 9:55,5205.5,5209.5,5202.5,5208.0,1000.0
20/01/2026 09:00,5394.0,5396.0,5387.5,5389.0,1000.0
20/01/2026 09:05,5389.0,5391.0,5387.0,5390.0,1000.0
20/01/2026 09:10,5390.0,5393.5,5389.0,5391.5,1000.0
20/01/2026 09:15,5391.5,5398.0,5390.0,5392.5,1000.0
20/01/2026 09:20,5392.5,5402.5,5391.0,5399.0,1000.0
20/01/2026 09:25,5399.0,5408.0,5395.5,5408.0,1000.0
20/01/2026 09:30,5407.5,5410.0,5406.5,5409.5,1000.0
20/01/2026 09:35,5409.0,5412.5,5407.5,5411.0,1000.0
20/01/2026 09:40,5410.5,5412.0,5403.5,5403.5,1000.0
20/01/2026 09:45,5404.0,5405.0,5399.5,5400.5,1000.0
20/01/2026 09:50,5400.5,5401.5,5393.0,5395.5,1000.0
20/01/2026 09:55,5395.5,5397.5,5393.0,5396.5,1000.0
20/01/2026 10:00,5396.5,5406.5,5396.0,5402.5,1000.0
20/01/2026 10:05,5402.0,5407.0,5401.0,5405.0,1000.0
20/01/2026 10:10,5404.5,5409.0,5403.5,5408.5,1000.0
20/01/2026 10:15,5409.0,5411.0,5403.5,5404.0,1000.0
20/01/2026 10:20,5403.5,5405.0,5400.5,5404.0,1000.0
20/01/2026 10:25,5404.0,5410.5,5403.5,5410.0,1000.0
20/01/2026 10:30,5410.0,5422.0,5409.0,5422.0,1000.0
20/01/2026 10:35,5422.0,5424.0,5411.5,5414.0,1000.0
20/01/2026 10:40,5414.0,5418.0,5412.5,5416.5,1000.0
20/01/2026 10:45,5416.5,5419.0,5409.0,5412.0,1000.0
20/01/2026 10:50,5411.5,5415.5,5410.0,5412.5,1000.0
20/01/2026 10:55,5412.0,5412.5,5405.5,5406.0,1000.0
20/01/2026 11:00,5405.5,5407.0,5400.5,5403.0,1000.0
20/01/2026 11:05,5403.0,5409.0,5400.5,5406.5,1000.0
20/01/2026 11:10,5406.0,5407.0,5402.5,5405.0,1000.0
20/01/2026 11:15,5405.0,5406.0,5402.5,5404.5,1000.0
20/01/2026 11:20,5404.5,5407.0,5402.5,5405.0,1000.0
20/01/2026 11:25,5404.5,5408.0,5402.5,5408.0,1000.0
20/01/2026 11:30,5408.0,5408.0,5396.5,5397.5,1000.0
20/01/2026 11:35,5397.0,5397.5,5390.0,5394.5,1000.0
20/01/2026 11:40,5395.0,5398.0,5391.5,5394.0,1000.0
20/01/2026 11:45,5394.0,5399.0,5393.5,5397.0,1000.0
20/01/2026 11:50,5397.0,5398.0,5393.0,5394.5,1000.0
20/01/2026 11:55,5394.5,5395.0,5390.0,5391.0,1000.0
20/01/2026 12:00,5391.5,5394.5,5388.5,5391.0,1000.0
20/01/2026 12:05,5390.5,5393.0,5387.5,5390.0,1000.0
20/01/2026 12:10,5390.5,5392.5,5387.5,5388.0,1000.0
20/01/2026 12:15,5388.5,5389.0,5383.0,5385.5,1000.0
20/01/2026 12:20,5385.5,5386.0,5376.0,5377.5,1000.0
20/01/2026 12:25,5377.5,5380.0,5374.0,5377.0,1000.0
20/01/2026 12:30,5376.5,5379.5,5374.0,5374.5,1000.0
20/01/2026 12:35,5374.5,5378.5,5373.5,5378.0,1000.0
20/01/2026 12:40,5378.0,5379.5,5375.0,5376.5,1000.0
20/01/2026 12:45,5377.0,5378.5,5375.5,5377.5,1000.0
20/01/2026 12:50,5378.0,5381.5,5377.0,5381.5,1000.0
20/01/2026 12:55,5381.0,5383.0,5378.5,5380.0,1000.0
20/01/2026 13:00,5380.5,5382.0,5376.5,5380.5,1000.0
20/01/2026 13:05,5380.0,5381.0,5376.5,5378.5,1000.0
20/01/2026 13:10,5378.5,5379.0,5374.0,5377.0,1000.0
20/01/2026 13:15,5377.5,5378.0,5375.0,5376.0,1000.0
20/01/2026 13:20,5376.0,5376.5,5374.0,5376.0,1000.0
20/01/2026 13:25,5376.0,5377.5,5375.0,5375.5,1000.0
20/01/2026 13:30,5375.5,5377.0,5374.0,5376.0,1000.0
20/01/2026 13:35,5375.5,5377.5,5374.5,5376.5,1000.0
20/01/2026 13:40,5377.0,5379.5,5376.0,5378.5,1000.0
20/01/2026 13:45,5378.5,5379.0,5376.5,5377.5,1000.0
20/01/2026 13:50,5377.5,5380.5,5375.5,5378.5,1000.0
20/01/2026 13:55,5379.0,5379.0,5375.0,5377.0,1000.0
20/01/2026 14:00,5377.0,5378.5,5376.5,5376.5,1000.0
20/01/2026 14:05,5376.5,5377.0,5374.5,5376.5,1000.0
20/01/2026 14:10,5376.5,5378.0,5375.0,5377.5,1000.0
20/01/2026 14:15,5378.0,5378.0,5375.0,5375.5,1000.0
20/01/2026 14:20,5375.0,5379.5,5375.0,5379.5,1000.0
20/01/2026 14:25,5379.0,5381.5,5377.0,5381.5,1000.0
20/01/2026 14:30,5381.0,5385.5,5381.0,5384.5,1000.0
20/01/2026 14:35,5384.5,5386.0,5382.5,5385.0,1000.0
20/01/2026 14:40,5384.5,5386.0,5383.0,5385.5,1000.0
20/01/2026 14:45,5385.5,5389.5,5385.5,5386.5,1000.0
20/01/2026 14:50,5386.5,5388.5,5385.0,5386.5,1000.0
20/01/2026 14:55,5386.5,5387.5,5385.5,5386.5,1000.0
20/01/2026 15:00,5387.0,5389.5,5385.0,5389.0,1000.0
20/01/2026 15:05,5388.5,5395.5,5387.5,5393.0,1000.0
20/01/2026 15:10,5392.5,5393.5,5388.5,5389.5,1000.0
20/01/2026 15:15,5390.0,5390.0,5389.0,5389.5,1000.0
20/01/2026 15:20,5389.5,5391.0,5387.5,5388.0,1000.0
20/01/2026 15:25,5388.0,5391.5,5387.5,5390.5,1000.0
20/01/2026 15:30,5390.5,5391.0,5388.5,5390.0,1000.0
20/01/2026 15:35,5389.5,5392.0,5388.5,5389.0,1000.0
20/01/2026 15:40,5389.0,5392.5,5388.5,5391.5,1000.0
20/01/2026 15:45,5392.0,5400.0,5391.5,5396.5,1000.0
20/01/2026 15:50,5396.0,5401.0,5395.5,5399.5,1000.0
20/01/2026 15:55,5399.5,5401.5,5396.5,5397.5,1000.0
20/01/2026 16:00,5397.5,5398.0,5393.5,5395.0,1000.0
20/01/2026 16:05,5395.5,5395.5,5391.5,5392.0,1000.0
20/01/2026 16:10,5391.5,5394.0,5391.0,5391.0,1000.0
20/01/2026 16:15,5391.5,5393.5,5391.0,5392.5,1000.0
20/01/2026 16:20,5392.5,5394.5,5392.0,5394.0,1000.0
20/01/2026 16:25,5393.5,5395.0,5390.5,5391.5,1000.0
20/01/2026 16:30,5391.5,5394.0,5391.5,5394.0,1000.0
20/01/2026 16:35,5393.5,5395.0,5393.0,5394.0,1000.0
20/01/2026 16:40,5394.0,5394.0,5392.0,5392.0,1000.0
20/01/2026 16:45,5392.0,5392.5,5391.0,5392.0,1000.0
20/01/2026 16:50,5392.0,5392.5,5391.5,5391.5,1000.0
20/01/2026 16:55,5391.5,5395.0,5391.5,5394.0,1000.0
20/01/2026 17:00,5394.5,5395.5,5393.0,5393.5,1000.0
20/01/2026 17:05,5393.5,5394.5,5392.5,5393.5,1000.0
20/01/2026 17:10,5393.0,5394.5,5392.0,5393.5,1000.0
20/01/2026 17:15,5393.0,5394.0,5391.5,5393.0,1000.0
20/01/2026 17:20,5393.0,5394.0,5392.0,5392.5,1000.0
20/01/2026 17:25,5393.0,5393.5,5390.0,5390.5,1000.0
20/01/2026 17:30,5390.5,5391.5,5390.0,5390.5,1000.0
20/01/2026 17:35,5391.0,5392.5,5390.5,5392.0,1000.0
20/01/2026 17:40,5391.5,5392.0,5389.5,5390.0,1000.0
20/01/2026 17:45,5390.0,5390.0,5389.0,5389.0,1000.0
20/01/2026 17:50,5389.0,5390.0,5388.0,5389.5,1000.0
20/01/2026 17:55,5389.5,5390.5,5389.0,5389.5,1000.0
20/01/2026 18:00,5389.0,5389.5,5388.0,5389.0,1000.0
20/01/2026 18:05,5388.5,5391.0,5388.0,5389.0,1000.0
20/01/2026 18:10,5389.0,5392.0,5388.0,5391.0,1000.0
20/01/2026 18:15,5391.0,5391.5,5390.0,5390.5,1000.0
20/01/2026 18:20,5390.0,5393.0,5389.5,5392.5,1000.0
20/01/2026 18:25,5392.0,5393.0,5391.5,5392.0,1000.0
20/02/2026 09:00,5222.5,5225.0,5218.5,5222.0,1000.0
20/02/2026 09:05,5222.0,5223.0,5215.0,5220.0,1000.0
20/02/2026 09:10,5220.0,5221.0,5217.5,5218.5,1000.0
20/02/2026 09:15,5218.5,5221.0,5217.0,5220.0,1000.0
20/02/2026 09:20,5220.0,5223.0,5219.5,5220.5,1000.0
20/02/2026 09:25,5220.5,5227.0,5220.0,5226.5,1000.0
20/02/2026 09:30,5227.0,5229.5,5223.5,5229.0,1000.0
20/02/2026 09:35,5228.5,5230.0,5226.0,5226.5,1000.0
20/02/2026 09:40,5226.5,5229.5,5225.5,5228.5,1000.0
20/02/2026 09:45,5228.5,5232.5,5227.5,5232.0,1000.0
20/02/2026 09:50,5231.5,5233.5,5227.0,5228.5,1000.0
20/02/2026 09:55,5228.5,5230.0,5226.0,5228.5,1000.0
20/02/2026 10:00,5228.5,5231.5,5226.5,5228.5,1000.0
20/02/2026 10:05,5228.5,5232.5,5224.0,5224.0,1000.0
20/02/2026 10:10,5224.5,5226.5,5219.5,5222.0,1000.0
20/02/2026 10:15,5222.5,5226.5,5221.5,5224.0,1000.0
20/02/2026 10:20,5223.5,5227.5,5223.5,5224.0,1000.0
20/02/2026 10:25,5224.5,5225.0,5220.0,5221.0,1000.0
20/02/2026 10:30,5221.5,5225.0,5216.5,5221.5,1000.0
20/02/2026 10:35,5222.0,5223.5,5217.0,5219.0,1000.0
20/02/2026 10:40,5219.0,5223.5,5219.0,5220.0,1000.0
20/02/2026 10:45,5219.5,5224.0,5218.0,5222.5,1000.0
20/02/2026 10:50,5223.0,5223.0,5214.0,5215.5,1000.0
20/02/2026 10:55,5215.5,5216.0,5212.0,5213.0,1000.0
20/02/2026 11:00,5213.0,5217.5,5212.5,5216.0,1000.0
20/02/2026 11:05,5215.5,5216.5,5213.5,5216.0,1000.0
20/02/2026 11:10,5215.5,5216.5,5212.5,5212.5,1000.0
20/02/2026 11:15,5213.0,5214.0,5210.5,5213.0,1000.0
20/02/2026 11:20,5213.5,5214.0,5212.5,5213.5,1000.0
20/02/2026 11:25,5213.5,5215.0,5212.5,5214.5,1000.0
20/02/2026 11:30,5214.5,5216.0,5212.5,5213.0,1000.0
20/02/2026 11:35,5213.0,5213.5,5208.0,5210.5,1000.0
20/02/2026 11:40,5210.5,5211.5,5202.0,5205.0,1000.0
20/02/2026 11:45,5204.5,5204.5,5200.5,5203.5,1000.0
20/02/2026 11:50,5203.5,5204.5,5200.0,5200.5,1000.0
20/02/2026 11:55,5200.0,5209.0,5200.0,5207.0,1000.0
20/02/2026 12:00,5207.5,5207.5,5191.5,5198.5,1000.0
20/02/2026 12:05,5198.5,5210.0,5197.5,5200.0,1000.0
20/02/2026 12:10,5199.5,5205.0,5196.5,5204.5,1000.0
20/02/2026 12:15,5204.5,5208.5,5193.5,5198.0,1000.0
20/02/2026 12:20,5198.0,5201.5,5196.5,5200.5,1000.0
20/02/2026 12:25,5200.5,5204.0,5198.5,5201.0,1000.0
20/02/2026 12:30,5201.5,5208.5,5199.0,5207.5,1000.0
20/02/2026 12:35,5207.0,5208.0,5200.5,5202.5,1000.0
20/02/2026 12:40,5202.5,5206.5,5199.0,5199.5,1000.0
20/02/2026 12:45,5199.5,5203.0,5196.0,5198.0,1000.0
20/02/2026 12:50,5198.5,5200.0,5196.0,5197.0,1000.0
20/02/2026 12:55,5197.0,5198.0,5195.0,5195.5,1000.0
20/02/2026 13:00,5196.0,5197.0,5190.0,5192.0,1000.0
20/02/2026 13:05,5192.0,5193.0,5187.0,5190.0,1000.0
20/02/2026 13:10,5190.5,5192.0,5187.5,5191.5,1000.0
20/02/2026 13:15,5191.0,5194.0,5190.0,5191.5,1000.0
20/02/2026 13:20,5192.0,5195.5,5191.5,5194.0,1000.0
20/02/2026 13:25,5194.0,5196.0,5193.5,5195.0,1000.0
20/02/2026 13:30,5195.0,5196.5,5193.5,5194.0,1000.0
20/02/2026 13:35,5194.0,5195.0,5192.0,5193.0,1000.0
20/02/2026 13:40,5193.0,5194.0,5192.0,5194.0,1000.0
20/02/2026 13:45,5193.5,5196.0,5192.5,5195.5,1000.0
20/02/2026 13:50,5195.0,5196.5,5193.5,5194.5,1000.0
20/02/2026 13:55,5194.5,5197.5,5194.0,5196.5,1000.0
20/02/2026 14:00,5196.0,5198.5,5195.5,5197.0,1000.0
20/02/2026 14:05,5196.5,5198.0,5195.0,5198.0,1000.0
20/02/2026 14:10,5198.0,5202.5,5197.5,5202.5,1000.0
20/02/2026 14:15,5202.0,5206.5,5202.0,5205.0,1000.0
20/02/2026 14:20,5205.5,5207.0,5203.5,5206.0,1000.0
20/02/2026 14:25,5206.5,5207.5,5204.5,5206.0,1000.0
20/02/2026 14:30,5206.0,5206.0,5199.5,5201.0,1000.0
20/02/2026 14:35,5201.0,5202.0,5197.5,5198.5,1000.0
20/02/2026 14:40,5198.0,5201.5,5197.5,5199.0,1000.0
20/02/2026 14:45,5198.5,5199.0,5195.5,5195.5,1000.0
20/02/2026 14:50,5195.5,5197.5,5194.0,5194.5,1000.0
20/02/2026 14:55,5195.0,5201.0,5194.5,5201.0,1000.0
20/02/2026 15:00,5200.5,5203.5,5197.5,5198.0,1000.0
20/02/2026 15:05,5198.0,5199.0,5195.5,5196.0,1000.0
20/02/2026 15:10,5196.0,5197.5,5194.5,5196.5,1000.0
20/02/2026 15:15,5196.0,5197.0,5194.5,5196.0,1000.0
20/02/2026 15:20,5196.0,5197.5,5192.0,5192.0,1000.0
20/02/2026 15:25,5192.5,5197.0,5191.0,5193.5,1000.0
20/02/2026 15:30,5193.0,5196.5,5187.0,5190.5,1000.0
20/02/2026 15:35,5190.5,5197.0,5184.5,5187.5,1000.0
20/02/2026 15:40,5187.5,5189.0,5185.5,5187.5,1000.0
20/02/2026 15:45,5187.5,5187.5,5183.0,5184.5,1000.0
20/02/2026 15:50,5184.5,5186.5,5184.0,5186.0,1000.0
20/02/2026 15:55,5185.5,5188.5,5185.0,5187.5,1000.0
20/02/2026 16:00,5187.0,5189.0,5186.5,5188.5,1000.0
20/02/2026 16:05,5188.5,5190.0,5187.5,5187.5,1000.0
20/02/2026 16:10,5188.0,5188.5,5186.0,5186.0,1000.0
20/02/2026 16:15,5186.5,5190.0,5186.0,5189.0,1000.0
20/02/2026 16:20,5189.5,5190.0,5187.0,5188.0,1000.0
20/02/2026 16:25,5188.0,5190.0,5187.0,5189.5,1000.0
20/02/2026 16:30,5190.0,5190.0,5186.5,5188.0,1000.0
20/02/2026 16:35,5187.5,5189.0,5187.0,5187.0,1000.0
20/02/2026 16:40,5187.0,5189.0,5186.5,5188.5,1000.0
20/02/2026 16:45,5188.5,5189.5,5186.5,5187.0,1000.0
20/02/2026 16:50,5186.5,5187.0,5185.0,5187.0,1000.0
20/02/2026 16:55,5186.5,5186.5,5183.5,5185.5,1000.0
20/02/2026 17:00,5185.5,5186.0,5182.5,5184.0,1000.0
20/02/2026 17:05,5184.0,5185.0,5183.0,5184.5,1000.0
20/02/2026 17:10,5184.0,5184.5,5181.5,5182.5,1000.0
20/02/2026 17:15,5182.5,5183.0,5182.0,5183.0,1000.0
20/02/2026 17:20,5182.5,5183.5,5181.5,5183.0,1000.0
20/02/2026 17:25,5183.0,5184.5,5182.5,5184.0,1000.0
20/02/2026 17:30,5184.0,5185.5,5183.5,5184.0,1000.0
20/02/2026 17:35,5183.5,5184.0,5181.5,5182.0,1000.0
20/02/2026 17:40,5182.0,5183.5,5181.5,5182.5,1000.0
20/02/2026 17:45,5183.0,5183.5,5181.5,5182.0,1000.0
20/02/2026 17:50,5182.0,5183.0,5181.5,5181.5,1000.0
20/02/2026 17:55,5182.0,5186.0,5181.5,5184.5,1000.0
20/02/2026 18:00,5185.0,5186.0,5183.0,5185.0,1000.0
20/02/2026 18:05,5184.5,5185.0,5181.0,5181.5,1000.0
20/02/2026 18:10,5182.0,5182.0,5180.0,5180.5,1000.0
20/02/2026 18:15,5181.0,5183.0,5179.5,5180.5,1000.0
20/02/2026 18:20,5181.0,5184.5,5180.5,5184.5,1000.0
20/02/2026 18:25,5184.5,5186.5,5183.5,5186.0,1000.0
20/03/2026 09:00,5261.0,5262.0,5250.0,5259.0,1000.0
20/03/2026 09:05,5259.0,5259.5,5249.0,5249.5,1000.0
20/03/2026 09:10,5249.5,5255.0,5246.0,5253.0,1000.0
20/03/2026 09:15,5252.5,5258.0,5251.0,5252.0,1000.0
20/03/2026 09:20,5252.0,5262.0,5252.0,5256.0,1000.0
20/03/2026 09:25,5256.0,5258.0,5248.0,5249.5,1000.0
20/03/2026 09:30,5249.5,5255.5,5248.0,5254.0,1000.0
20/03/2026 09:35,5253.5,5262.0,5250.0,5262.0,1000.0
20/03/2026 09:40,5262.0,5268.0,5261.0,5263.0,1000.0
20/03/2026 09:45,5263.0,5269.0,5261.5,5265.5,1000.0
20/03/2026 09:50,5265.5,5266.5,5259.5,5262.5,1000.0
20/03/2026 09:55,5262.0,5266.5,5256.5,5257.5,1000.0
20/03/2026 10:00,5258.0,5265.5,5256.0,5262.5,1000.0
20/03/2026 10:05,5263.0,5268.5,5262.5,5267.5,1000.0
20/03/2026 10:10,5268.0,5273.5,5267.5,5271.5,1000.0
20/03/2026 10:15,5271.0,5279.5,5270.5,5276.5,1000.0
20/03/2026 10:20,5276.5,5280.5,5272.0,5278.0,1000.0
20/03/2026 10:25,5278.5,5284.5,5277.5,5282.5,1000.0
20/03/2026 10:30,5283.0,5294.5,5281.0,5294.0,1000.0
20/03/2026 10:35,5294.0,5295.0,5287.5,5290.5,1000.0
20/03/2026 10:40,5291.0,5292.5,5278.5,5281.0,1000.0
20/03/2026 10:45,5281.0,5288.0,5278.5,5287.0,1000.0
20/03/2026 10:50,5287.0,5299.0,5287.0,5296.5,1000.0
20/03/2026 10:55,5296.5,5302.0,5294.5,5299.5,1000.0
20/03/2026 11:00,5300.0,5303.0,5297.5,5300.0,1000.0
20/03/2026 11:05,5300.0,5311.0,5297.5,5307.5,1000.0
20/03/2026 11:10,5308.0,5317.5,5304.5,5315.0,1000.0
20/03/2026 11:15,5315.5,5321.0,5308.5,5320.5,1000.0
20/03/2026 11:20,5320.5,5324.0,5313.5,5321.0,1000.0
20/03/2026 11:25,5321.5,5323.0,5315.5,5320.5,1000.0
20/03/2026 11:30,5321.0,5321.0,5311.0,5311.0,1000.0
20/03/2026 11:35,5311.5,5315.0,5308.0,5313.5,1000.0
20/03/2026 11:40,5314.0,5317.0,5312.0,5313.0,1000.0
20/03/2026 11:45,5313.5,5314.0,5306.5,5309.5,1000.0
20/03/2026 11:50,5309.5,5314.5,5307.0,5314.0,1000.0
20/03/2026 11:55,5313.5,5314.5,5308.0,5311.5,1000.0
20/03/2026 12:00,5312.0,5312.0,5302.5,5308.0,1000.0
20/03/2026 12:05,5308.0,5309.0,5301.0,5301.5,1000.0
20/03/2026 12:10,5301.5,5303.5,5294.0,5297.0,1000.0
20/03/2026 12:15,5297.0,5299.5,5294.0,5299.5,1000.0
20/03/2026 12:20,5299.0,5305.0,5286.5,5301.5,1000.0
20/03/2026 12:25,5302.0,5305.5,5298.0,5299.5,1000.0
20/03/2026 12:30,5299.5,5301.0,5289.0,5292.0,1000.0
20/03/2026 12:35,5292.0,5295.5,5290.5,5295.5,1000.0
20/03/2026 12:40,5295.0,5301.0,5293.5,5300.0,1000.0
20/03/2026 12:45,5300.5,5302.5,5298.5,5299.0,1000.0
20/03/2026 12:50,5299.0,5300.5,5294.0,5299.0,1000.0
20/03/2026 12:55,5299.0,5307.0,5298.5,5303.0,1000.0
20/03/2026 13:00,5303.0,5307.0,5295.0,5296.5,1000.0
20/03/2026 13:05,5297.0,5301.0,5294.5,5298.0,1000.0
20/03/2026 13:10,5298.0,5300.0,5293.5,5295.0,1000.0
20/03/2026 13:15,5294.5,5295.0,5290.0,5291.5,1000.0
20/03/2026 13:20,5292.0,5294.0,5284.0,5290.0,1000.0
20/03/2026 13:25,5289.5,5298.0,5289.5,5297.5,1000.0
20/03/2026 13:30,5298.0,5305.0,5297.5,5300.5,1000.0
20/03/2026 13:35,5300.5,5302.0,5298.0,5301.0,1000.0
20/03/2026 13:40,5301.5,5302.0,5299.0,5301.0,1000.0
20/03/2026 13:45,5301.0,5305.0,5299.5,5304.0,1000.0
20/03/2026 13:50,5304.5,5309.5,5302.5,5302.5,1000.0
20/03/2026 13:55,5302.5,5307.0,5298.5,5305.0,1000.0
20/03/2026 14:00,5305.0,5307.0,5301.5,5302.5,1000.0
20/03/2026 14:05,5302.0,5316.5,5298.0,5300.0,1000.0
20/03/2026 14:10,5300.0,5305.0,5298.0,5303.0,1000.0
20/03/2026 14:15,5303.0,5307.5,5301.5,5305.0,1000.0
20/03/2026 14:20,5304.5,5311.5,5304.0,5311.0,1000.0
20/03/2026 14:25,5311.0,5315.5,5310.0,5314.0,1000.0
20/03/2026 14:30,5314.0,5321.5,5311.0,5321.0,1000.0
20/03/2026 14:35,5320.5,5326.0,5316.0,5317.0,1000.0
20/03/2026 14:40,5317.0,5320.0,5315.5,5318.0,1000.0
20/03/2026 14:45,5317.5,5321.5,5316.5,5317.5,1000.0
20/03/2026 14:50,5318.0,5318.5,5314.0,5316.0,1000.0
20/03/2026 14:55,5316.0,5317.0,5313.5,5314.0,1000.0
20/03/2026 15:00,5314.0,5314.5,5307.5,5310.5,1000.0
20/03/2026 15:05,5310.5,5312.5,5309.0,5310.0,1000.0
20/03/2026 15:10,5310.0,5314.0,5310.0,5312.0,1000.0
20/03/2026 15:15,5311.5,5316.5,5310.5,5312.5,1000.0
20/03/2026 15:20,5313.0,5330.0,5310.0,5322.0,1000.0
20/03/2026 15:25,5322.0,5324.0,5315.5,5319.0,1000.0
20/03/2026 15:30,5319.5,5324.5,5317.5,5323.5,1000.0
20/03/2026 15:35,5323.5,5326.5,5321.0,5323.5,1000.0
20/03/2026 15:40,5323.5,5327.5,5320.5,5326.5,1000.0
20/03/2026 15:45,5326.5,5333.0,5325.5,5330.5,1000.0
20/03/2026 15:50,5330.5,5331.5,5326.0,5330.0,1000.0
20/03/2026 15:55,5330.0,5333.5,5329.0,5333.5,1000.0
20/03/2026 16:00,5333.0,5333.0,5323.5,5328.5,1000.0
20/03/2026 16:05,5328.5,5335.5,5328.0,5333.5,1000.0
20/03/2026 16:10,5333.5,5336.0,5331.0,5332.0,1000.0
20/03/2026 16:15,5332.0,5332.5,5326.0,5327.0,1000.0
20/03/2026 16:20,5327.0,5333.5,5326.5,5333.5,1000.0
20/03/2026 16:25,5333.5,5334.5,5330.0,5330.5,1000.0
20/03/2026 16:30,5330.5,5333.0,5328.5,5332.0,1000.0
20/03/2026 16:35,5332.0,5338.0,5330.5,5332.5,1000.0
20/03/2026 16:40,5332.5,5336.0,5328.0,5330.0,1000.0
20/03/2026 16:45,5330.5,5333.0,5327.5,5331.5,1000.0
20/03/2026 16:50,5332.0,5332.0,5323.0,5323.0,1000.0
20/03/2026 16:55,5323.5,5326.5,5321.5,5323.0,1000.0
20/03/2026 17:00,5323.5,5324.0,5319.5,5322.5,1000.0
20/03/2026 17:05,5323.0,5324.5,5321.0,5321.0,1000.0
20/03/2026 17:10,5321.5,5325.5,5318.5,5319.5,1000.0
20/03/2026 17:15,5319.5,5322.5,5318.5,5318.5,1000.0
20/03/2026 17:20,5319.0,5322.0,5318.0,5321.5,1000.0
20/03/2026 17:25,5321.5,5326.5,5321.5,5323.5,1000.0
20/03/2026 17:30,5324.0,5325.5,5318.5,5324.0,1000.0
20/03/2026 17:35,5324.0,5325.0,5323.0,5323.5,1000.0
20/03/2026 17:40,5323.0,5326.0,5323.0,5325.0,1000.0
20/03/2026 17:45,5325.0,5326.0,5322.5,5323.5,1000.0
20/03/2026 17:50,5323.0,5328.0,5320.5,5327.5,1000.0
20/03/2026 17:55,5327.5,5332.0,5324.5,5325.5,1000.0
20/03/2026 18:00,5325.0,5329.0,5324.5,5327.0,1000.0
20/03/2026 18:05,5327.0,5328.0,5325.0,5325.5,1000.0
20/03/2026 18:10,5325.5,5327.5,5324.0,5326.5,1000.0
20/03/2026 18:15,5326.0,5327.0,5301.5,5304.0,1000.0
20/03/2026 18:20,5304.0,5306.0,5278.0,5286.5,1000.0
20/03/2026 18:25,5286.0,5299.0,5283.5,5290.5,1000.0
20/10/2025 09:00,5429.5,5429.5,5419.5,5421.0,1000.0
20/10/2025 09:05,5421.0,5425.0,5418.5,5423.0,1000.0
20/10/2025 09:10,5423.0,5424.5,5419.0,5419.5,1000.0
20/10/2025 09:15,5419.5,5420.5,5415.0,5417.0,1000.0
20/10/2025 09:20,5416.5,5419.0,5414.0,5419.0,1000.0
20/10/2025 09:25,5418.5,5419.5,5415.0,5417.0,1000.0
20/10/2025 09:30,5416.5,5417.0,5413.0,5414.0,1000.0
20/10/2025 09:35,5414.5,5415.0,5408.0,5409.5,1000.0
20/10/2025 09:40,5409.0,5412.0,5406.5,5411.5,1000.0
20/10/2025 09:45,5412.0,5412.5,5407.5,5407.5,1000.0
20/10/2025 09:50,5407.5,5409.0,5403.5,5404.0,1000.0
20/10/2025 09:55,5404.5,5409.5,5400.5,5401.0,1000.0
20/10/2025 10:00,5401.0,5401.5,5393.5,5396.5,1000.0
20/10/2025 10:05,5396.5,5398.0,5394.0,5397.5,1000.0
20/10/2025 10:10,5397.0,5397.5,5392.5,5392.5,1000.0
20/10/2025 10:15,5393.0,5395.0,5389.5,5390.5,1000.0
20/10/2025 10:20,5390.5,5395.5,5389.5,5392.5,1000.0
20/10/2025 10:25,5392.5,5394.0,5389.0,5390.0,1000.0
20/10/2025 10:30,5390.0,5392.5,5389.5,5391.0,1000.0
20/10/2025 10:35,5391.0,5391.0,5386.5,5387.5,1000.0
20/10/2025 10:40,5387.5,5390.5,5386.5,5390.0,1000.0
20/10/2025 10:45,5390.0,5392.5,5388.0,5392.0,1000.0
20/10/2025 10:50,5392.5,5395.0,5391.0,5394.5,1000.0
20/10/2025 10:55,5394.0,5399.0,5394.0,5398.5,1000.0
20/10/2025 11:00,5398.5,5398.5,5391.5,5393.0,1000.0
20/10/2025 11:05,5393.0,5394.5,5391.5,5391.5,1000.0
20/10/2025 11:10,5391.5,5393.0,5387.0,5388.5,1000.0
20/10/2025 11:15,5388.5,5389.5,5383.0,5389.5,1000.0
20/10/2025 11:20,5389.5,5392.0,5389.0,5391.0,1000.0
20/10/2025 11:25,5391.5,5394.5,5390.0,5393.0,1000.0
20/10/2025 11:30,5392.5,5397.0,5392.5,5396.5,1000.0
20/10/2025 11:35,5397.0,5397.0,5394.5,5395.0,1000.0
20/10/2025 11:40,5395.0,5397.0,5394.5,5395.0,1000.0
20/10/2025 11:45,5394.5,5395.0,5391.0,5393.0,1000.0
20/10/2025 11:50,5393.0,5397.5,5392.5,5397.0,1000.0
20/10/2025 11:55,5397.0,5397.5,5393.5,5394.0,1000.0
20/10/2025 12:00,5394.0,5396.5,5392.5,5393.5,1000.0
20/10/2025 12:05,5393.5,5398.5,5393.0,5394.5,1000.0
20/10/2025 12:10,5394.5,5395.5,5392.5,5393.5,1000.0
20/10/2025 12:15,5393.0,5393.5,5389.5,5389.5,1000.0
20/10/2025 12:20,5389.5,5390.5,5387.0,5389.5,1000.0
20/10/2025 12:25,5389.5,5391.5,5388.5,5390.5,1000.0
20/10/2025 12:30,5390.5,5391.0,5387.0,5387.5,1000.0
20/10/2025 12:35,5388.0,5388.5,5386.0,5387.0,1000.0
20/10/2025 12:40,5386.5,5387.0,5383.5,5386.5,1000.0
20/10/2025 12:45,5386.5,5387.5,5383.5,5385.5,1000.0
20/10/2025 12:50,5386.0,5389.5,5385.5,5386.0,1000.0
20/10/2025 12:55,5385.5,5388.5,5384.5,5388.0,1000.0
20/10/2025 13:00,5387.5,5390.0,5387.0,5389.0,1000.0
20/10/2025 13:05,5389.5,5389.5,5387.0,5389.0,1000.0
20/10/2025 13:10,5389.0,5390.0,5388.0,5388.5,1000.0
20/10/2025 13:15,5388.5,5389.5,5388.0,5388.0,1000.0
20/10/2025 13:20,5388.0,5389.5,5387.0,5389.0,1000.0
20/10/2025 13:25,5389.5,5389.5,5385.0,5387.0,1000.0
20/10/2025 13:30,5386.5,5387.5,5383.0,5385.5,1000.0
20/10/2025 13:35,5385.0,5387.0,5383.5,5384.5,1000.0
20/10/2025 13:40,5384.5,5386.5,5384.5,5386.5,1000.0
20/10/2025 13:45,5386.5,5387.5,5385.5,5387.0,1000.0
20/10/2025 13:50,5387.0,5387.5,5386.0,5387.0,1000.0
20/10/2025 13:55,5386.5,5387.5,5386.5,5387.0,1000.0
20/10/2025 14:00,5387.0,5389.5,5386.5,5388.5,1000.0
20/10/2025 14:05,5388.5,5389.5,5388.0,5388.5,1000.0
20/10/2025 14:10,5388.5,5391.0,5387.5,5390.0,1000.0
20/10/2025 14:15,5390.0,5392.0,5390.0,5391.5,1000.0
20/10/2025 14:20,5391.0,5392.5,5390.5,5390.5,1000.0
20/10/2025 14:25,5390.5,5392.5,5390.5,5392.5,1000.0
20/10/2025 14:30,5392.5,5393.5,5391.5,5391.5,1000.0
20/10/2025 14:35,5391.0,5392.0,5390.0,5392.0,1000.0
20/10/2025 14:40,5392.0,5393.5,5390.0,5392.5,1000.0
20/10/2025 14:45,5392.5,5393.0,5389.5,5390.5,1000.0
20/10/2025 14:50,5390.0,5392.0,5390.0,5391.0,1000.0
20/10/2025 14:55,5391.0,5391.5,5390.0,5390.0,1000.0
20/10/2025 15:00,5390.0,5391.5,5389.5,5390.5,1000.0
20/10/2025 15:05,5390.5,5391.0,5389.5,5389.5,1000.0
20/10/2025 15:10,5390.0,5390.0,5387.5,5387.5,1000.0
20/10/2025 15:15,5387.5,5389.0,5387.0,5389.0,1000.0
20/10/2025 15:20,5389.0,5390.0,5387.5,5388.5,1000.0
20/10/2025 15:25,5388.0,5389.5,5388.0,5388.0,1000.0
20/10/2025 15:30,5388.0,5388.5,5387.0,5387.5,1000.0
20/10/2025 15:35,5387.0,5389.0,5386.5,5388.5,1000.0
20/10/2025 15:40,5388.0,5389.0,5387.0,5388.5,1000.0
20/10/2025 15:45,5389.0,5390.5,5387.5,5389.0,1000.0
20/10/2025 15:50,5389.0,5389.0,5386.5,5386.5,1000.0
20/10/2025 15:55,5386.5,5387.5,5384.5,5386.5,1000.0
20/10/2025 16:00,5386.5,5389.0,5386.5,5388.5,1000.0
20/10/2025 16:05,5388.5,5389.0,5388.0,5389.0,1000.0
20/10/2025 16:10,5388.5,5389.5,5388.5,5388.5,1000.0
20/10/2025 16:15,5388.5,5389.5,5388.5,5389.0,1000.0
20/10/2025 16:20,5389.0,5390.0,5388.0,5389.0,1000.0
20/10/2025 16:25,5389.0,5389.5,5388.0,5388.5,1000.0
20/10/2025 16:30,5389.0,5390.5,5387.5,5388.0,1000.0
20/10/2025 16:35,5388.0,5388.0,5386.0,5387.0,1000.0
20/10/2025 16:40,5387.5,5387.5,5385.5,5386.5,1000.0
20/10/2025 16:45,5386.0,5386.5,5385.5,5386.0,1000.0
20/10/2025 16:50,5386.0,5387.0,5386.0,5386.5,1000.0
20/10/2025 16:55,5386.0,5388.0,5386.0,5387.0,1000.0
20/10/2025 17:00,5387.0,5390.5,5386.5,5388.5,1000.0
20/10/2025 17:05,5388.5,5389.5,5388.0,5388.0,1000.0
20/10/2025 17:10,5388.5,5390.5,5388.0,5390.5,1000.0
20/10/2025 17:15,5390.5,5391.5,5389.5,5391.0,1000.0
20/10/2025 17:20,5391.0,5391.5,5390.0,5390.0,1000.0
20/10/2025 17:25,5390.5,5390.5,5388.5,5389.0,1000.0
20/10/2025 17:30,5389.0,5390.5,5389.0,5390.0,1000.0
20/10/2025 17:35,5390.0,5392.0,5390.0,5391.5,1000.0
20/10/2025 17:40,5392.0,5392.0,5391.0,5391.5,1000.0
20/10/2025 17:45,5392.0,5392.0,5391.0,5391.5,1000.0
20/10/2025 17:50,5392.0,5392.0,5391.0,5391.5,1000.0
20/10/2025 17:55,5391.5,5392.5,5389.5,5391.0,1000.0
20/10/2025 18:00,5391.5,5392.0,5390.5,5391.5,1000.0
20/10/2025 18:05,5391.0,5391.5,5390.5,5390.5,1000.0
20/10/2025 18:10,5390.5,5390.5,5387.0,5390.5,1000.0
20/10/2025 18:15,5390.5,5392.0,5388.5,5391.0,1000.0
20/10/2025 18:20,5391.5,5392.5,5390.5,5392.0,1000.0
20/10/2025 18:25,5392.0,5392.0,5389.5,5389.5,1000.0
21/01/2026 09:00,5383.5,5385.5,5374.5,5379.0,1000.0
21/01/2026 09:05,5378.5,5380.0,5368.5,5369.0,1000.0
21/01/2026 09:10,5369.0,5374.0,5368.0,5373.5,1000.0
21/01/2026 09:15,5374.0,5377.0,5371.5,5373.5,1000.0
21/01/2026 09:20,5373.5,5375.5,5368.5,5371.5,1000.0
21/01/2026 09:25,5371.0,5375.0,5370.5,5373.0,1000.0
21/01/2026 09:30,5373.0,5375.0,5372.0,5374.5,1000.0
21/01/2026 09:35,5374.5,5374.5,5363.5,5366.0,1000.0
21/01/2026 09:40,5366.0,5368.5,5365.0,5368.5,1000.0
21/01/2026 09:45,5368.0,5371.0,5366.5,5367.5,1000.0
21/01/2026 09:50,5367.5,5368.5,5364.0,5368.5,1000.0
21/01/2026 09:55,5368.5,5369.0,5362.0,5363.5,1000.0
21/01/2026 10:00,5363.0,5364.5,5357.5,5360.5,1000.0
21/01/2026 10:05,5360.5,5362.0,5356.5,5359.5,1000.0
21/01/2026 10:10,5359.5,5361.0,5358.0,5360.5,1000.0
21/01/2026 10:15,5360.0,5363.5,5359.0,5363.5,1000.0
21/01/2026 10:20,5363.0,5365.5,5362.0,5365.0,1000.0
21/01/2026 10:25,5364.5,5366.5,5360.0,5362.5,1000.0
21/01/2026 10:30,5363.0,5367.0,5361.0,5364.0,1000.0
21/01/2026 10:35,5363.5,5369.0,5363.0,5364.5,1000.0
21/01/2026 10:40,5364.0,5368.0,5363.0,5364.0,1000.0
21/01/2026 10:45,5364.0,5369.5,5364.0,5367.0,1000.0
21/01/2026 10:50,5367.0,5367.0,5360.5,5362.0,1000.0
21/01/2026 10:55,5362.0,5364.0,5360.5,5360.5,1000.0
21/01/2026 11:00,5360.5,5363.5,5359.0,5363.0,1000.0
21/01/2026 11:05,5362.5,5365.0,5355.0,5358.5,1000.0
21/01/2026 11:10,5358.5,5361.5,5355.0,5361.0,1000.0
21/01/2026 11:15,5361.0,5365.5,5360.5,5365.0,1000.0
21/01/2026 11:20,5365.0,5365.5,5362.5,5364.0,1000.0
21/01/2026 11:25,5364.5,5367.5,5362.0,5363.5,1000.0
21/01/2026 11:30,5363.5,5364.0,5354.0,5354.0,1000.0
21/01/2026 11:35,5354.0,5356.5,5346.5,5349.5,1000.0
21/01/2026 11:40,5349.5,5351.0,5346.0,5348.0,1000.0
21/01/2026 11:45,5348.0,5348.5,5344.5,5345.0,1000.0
21/01/2026 11:50,5345.0,5346.0,5340.0,5341.5,1000.0
21/01/2026 11:55,5341.5,5342.0,5335.5,5341.0,1000.0
21/01/2026 12:00,5341.5,5342.0,5338.5,5339.0,1000.0
21/01/2026 12:05,5339.0,5342.5,5338.5,5341.5,1000.0
21/01/2026 12:10,5342.0,5346.0,5341.5,5345.5,1000.0
21/01/2026 12:15,5345.5,5345.5,5340.5,5342.5,1000.0
21/01/2026 12:20,5342.0,5345.5,5338.5,5342.0,1000.0
21/01/2026 12:25,5341.5,5349.5,5341.5,5349.0,1000.0
21/01/2026 12:30,5349.5,5351.5,5347.5,5348.0,1000.0
21/01/2026 12:35,5348.0,5351.5,5347.5,5349.0,1000.0
21/01/2026 12:40,5349.5,5350.0,5344.0,5346.0,1000.0
21/01/2026 12:45,5346.0,5348.5,5342.5,5345.5,1000.0
21/01/2026 12:50,5345.5,5346.5,5340.0,5340.5,1000.0
21/01/2026 12:55,5340.0,5341.5,5335.5,5336.0,1000.0
21/01/2026 13:00,5336.0,5341.0,5334.5,5341.0,1000.0
21/01/2026 13:05,5340.5,5341.0,5334.0,5334.0,1000.0
21/01/2026 13:10,5334.0,5338.0,5334.0,5338.0,1000.0
21/01/2026 13:15,5337.5,5340.0,5336.5,5337.5,1000.0
21/01/2026 13:20,5337.5,5340.5,5337.0,5339.0,1000.0
21/01/2026 13:25,5339.5,5340.0,5334.5,5335.5,1000.0
21/01/2026 13:30,5335.5,5336.0,5333.0,5335.0,1000.0
21/01/2026 13:35,5335.0,5335.5,5330.0,5331.5,1000.0
21/01/2026 13:40,5331.0,5336.5,5330.5,5336.5,1000.0
21/01/2026 13:45,5336.5,5336.5,5332.5,5334.0,1000.0
21/01/2026 13:50,5333.5,5337.0,5332.5,5333.5,1000.0
21/01/2026 13:55,5333.0,5337.0,5333.0,5335.5,1000.0
21/01/2026 14:00,5335.5,5336.0,5334.0,5334.5,1000.0
21/01/2026 14:05,5335.0,5338.0,5334.0,5336.0,1000.0
21/01/2026 14:10,5336.0,5340.5,5335.0,5339.5,1000.0
21/01/2026 14:15,5339.0,5339.5,5336.5,5338.0,1000.0
21/01/2026 14:20,5338.5,5340.0,5338.0,5339.0,1000.0
21/01/2026 14:25,5339.5,5339.5,5337.0,5339.0,1000.0
21/01/2026 14:30,5339.0,5345.5,5338.5,5345.0,1000.0
21/01/2026 14:35,5344.5,5346.0,5341.0,5342.5,1000.0
21/01/2026 14:40,5342.5,5342.5,5338.5,5341.0,1000.0
21/01/2026 14:45,5341.0,5341.5,5340.0,5340.5,1000.0
21/01/2026 14:50,5341.0,5342.0,5337.0,5338.0,1000.0
21/01/2026 14:55,5338.0,5340.5,5336.5,5337.5,1000.0
21/01/2026 15:00,5337.5,5341.0,5337.5,5340.5,1000.0
21/01/2026 15:05,5340.5,5341.5,5339.0,5339.5,1000.0
21/01/2026 15:10,5339.5,5340.0,5337.0,5338.5,1000.0
21/01/2026 15:15,5338.5,5341.0,5338.5,5339.5,1000.0
21/01/2026 15:20,5340.0,5341.0,5338.0,5338.0,1000.0
21/01/2026 15:25,5338.5,5339.0,5333.5,5335.0,1000.0
21/01/2026 15:30,5335.0,5336.5,5332.0,5333.0,1000.0
21/01/2026 15:35,5333.0,5336.0,5332.0,5336.0,1000.0
21/01/2026 15:40,5336.0,5336.5,5332.5,5333.0,1000.0
21/01/2026 15:45,5333.0,5334.5,5332.0,5333.5,1000.0
21/01/2026 15:50,5333.5,5333.5,5330.0,5332.0,1000.0
21/01/2026 15:55,5332.0,5332.5,5330.0,5330.5,1000.0
21/01/2026 16:00,5331.0,5335.5,5330.0,5334.0,1000.0
21/01/2026 16:05,5334.0,5336.0,5334.0,5334.5,1000.0
21/01/2026 16:10,5334.0,5335.5,5333.5,5334.5,1000.0
21/01/2026 16:15,5335.0,5336.5,5334.0,5334.0,1000.0
21/01/2026 16:20,5334.0,5335.0,5333.5,5333.5,1000.0
21/01/2026 16:25,5334.0,5335.5,5328.0,5328.5,1000.0
21/01/2026 16:30,5329.0,5331.5,5327.5,5328.5,1000.0
21/01/2026 16:35,5328.5,5334.5,5328.0,5334.5,1000.0
21/01/2026 16:40,5334.5,5335.0,5330.5,5332.5,1000.0
21/01/2026 16:45,5332.5,5334.5,5332.0,5333.0,1000.0
21/01/2026 16:50,5333.0,5334.5,5332.0,5334.0,1000.0
21/01/2026 16:55,5334.0,5334.5,5331.0,5331.5,1000.0
21/01/2026 17:00,5331.0,5332.5,5330.5,5331.5,1000.0
21/01/2026 17:05,5331.0,5333.0,5331.0,5333.0,1000.0
21/01/2026 17:10,5333.0,5333.0,5331.0,5333.0,1000.0
21/01/2026 17:15,5332.5,5335.5,5331.5,5335.0,1000.0
21/01/2026 17:20,5335.0,5335.0,5331.5,5332.0,1000.0
21/01/2026 17:25,5332.0,5332.5,5330.0,5332.5,1000.0
21/01/2026 17:30,5332.0,5333.5,5331.5,5332.5,1000.0
21/01/2026 17:35,5333.0,5333.0,5331.0,5332.0,1000.0
21/01/2026 17:40,5332.0,5333.0,5331.0,5331.5,1000.0
21/01/2026 17:45,5331.5,5333.0,5331.5,5331.5,1000.0
21/01/2026 17:50,5331.5,5332.0,5327.5,5328.0,1000.0
21/01/2026 17:55,5328.0,5329.0,5326.5,5328.5,1000.0
21/01/2026 18:00,5328.5,5334.0,5328.5,5330.0,1000.0
21/01/2026 18:05,5329.5,5333.0,5329.5,5332.0,1000.0
21/01/2026 18:10,5332.5,5332.5,5328.0,5329.5,1000.0
21/01/2026 18:15,5330.0,5331.0,5328.0,5329.0,1000.0
21/01/2026 18:20,5329.5,5333.5,5328.0,5332.0,1000.0
21/01/2026 18:25,5332.0,5334.0,5331.0,5333.0,1000.0
21/10/2025 09:00,5404.5,5406.5,5394.5,5404.0,1000.0
21/10/2025 09:05,5403.5,5404.5,5398.5,5401.5,1000.0
21/10/2025 09:10,5402.0,5404.0,5398.0,5399.0,1000.0
21/10/2025 09:15,5398.5,5402.0,5398.5,5400.5,1000.0
21/10/2025 09:20,5401.0,5401.5,5395.5,5398.5,1000.0
21/10/2025 09:25,5398.0,5403.0,5397.5,5400.0,1000.0
21/10/2025 09:30,5399.5,5405.5,5397.5,5405.5,1000.0
21/10/2025 09:35,5405.0,5405.5,5395.0,5396.5,1000.0
21/10/2025 09:40,5396.5,5398.0,5393.5,5396.0,1000.0
21/10/2025 09:45,5396.0,5398.0,5392.5,5396.0,1000.0
21/10/2025 09:50,5396.5,5400.5,5394.5,5399.5,1000.0
21/10/2025 09:55,5399.0,5402.5,5398.0,5400.0,1000.0
21/10/2025 10:00,5400.0,5401.5,5398.5,5400.0,1000.0
21/10/2025 10:05,5400.5,5406.0,5399.0,5404.5,1000.0
21/10/2025 10:10,5404.5,5411.5,5404.5,5407.5,1000.0
21/10/2025 10:15,5408.0,5408.5,5403.0,5407.0,1000.0
21/10/2025 10:20,5407.0,5409.0,5404.5,5408.0,1000.0
21/10/2025 10:25,5408.0,5413.0,5407.5,5411.5,1000.0
21/10/2025 10:30,5411.0,5415.0,5410.5,5414.5,1000.0
21/10/2025 10:35,5414.5,5417.0,5412.0,5416.0,1000.0
21/10/2025 10:40,5416.5,5419.0,5415.0,5415.0,1000.0
21/10/2025 10:45,5415.0,5419.5,5413.5,5417.0,1000.0
21/10/2025 10:50,5417.0,5418.5,5415.0,5415.0,1000.0
21/10/2025 10:55,5415.0,5416.5,5411.5,5413.0,1000.0
21/10/2025 11:00,5413.0,5415.5,5412.5,5413.0,1000.0
21/10/2025 11:05,5413.5,5414.0,5409.5,5411.5,1000.0
21/10/2025 11:10,5411.0,5411.5,5407.5,5409.0,1000.0
21/10/2025 11:15,5409.0,5410.0,5405.0,5406.5,1000.0
21/10/2025 11:20,5406.5,5407.5,5403.0,5403.5,1000.0
21/10/2025 11:25,5404.0,5406.0,5401.5,5404.5,1000.0
21/10/2025 11:30,5404.5,5407.5,5404.5,5405.5,1000.0
21/10/2025 11:35,5405.5,5406.5,5402.0,5405.5,1000.0
21/10/2025 11:40,5405.0,5407.5,5404.0,5406.0,1000.0
21/10/2025 11:45,5406.0,5408.0,5403.0,5403.5,1000.0
21/10/2025 11:50,5403.5,5405.5,5402.0,5403.5,1000.0
21/10/2025 11:55,5403.0,5403.5,5398.5,5399.5,1000.0
21/10/2025 12:00,5399.5,5401.0,5396.0,5397.5,1000.0
21/10/2025 12:05,5397.5,5401.0,5396.0,5399.5,1000.0
21/10/2025 12:10,5399.0,5399.0,5393.5,5395.5,1000.0
21/10/2025 12:15,5395.5,5396.0,5391.0,5393.0,1000.0
21/10/2025 12:20,5393.0,5393.5,5391.0,5391.5,1000.0
21/10/2025 12:25,5391.5,5391.5,5390.0,5390.5,1000.0
21/10/2025 12:30,5391.0,5393.5,5390.5,5391.0,1000.0
21/10/2025 12:35,5391.5,5394.0,5390.5,5391.0,1000.0
21/10/2025 12:40,5390.5,5391.5,5386.5,5388.5,1000.0
21/10/2025 12:45,5388.5,5388.5,5384.0,5386.5,1000.0
21/10/2025 12:50,5386.5,5389.5,5385.0,5389.0,1000.0
21/10/2025 12:55,5389.0,5391.0,5386.5,5386.5,1000.0
21/10/2025 13:00,5386.5,5395.5,5384.0,5387.0,1000.0
21/10/2025 13:05,5387.0,5390.0,5386.5,5388.5,1000.0
21/10/2025 13:10,5389.0,5392.5,5388.0,5391.5,1000.0
21/10/2025 13:15,5391.5,5394.0,5391.0,5392.0,1000.0
21/10/2025 13:20,5391.5,5392.0,5389.5,5391.5,1000.0
21/10/2025 13:25,5391.0,5391.5,5388.0,5391.5,1000.0
21/10/2025 13:30,5391.5,5392.0,5389.5,5390.0,1000.0
21/10/2025 13:35,5390.0,5391.0,5389.5,5390.5,1000.0
21/10/2025 13:40,5391.0,5393.0,5390.0,5391.5,1000.0
21/10/2025 13:45,5391.5,5394.0,5391.0,5391.0,1000.0
21/10/2025 13:50,5391.5,5396.0,5390.5,5395.0,1000.0
21/10/2025 13:55,5395.0,5399.0,5394.0,5397.5,1000.0
21/10/2025 14:00,5398.0,5401.0,5397.5,5397.5,1000.0
21/10/2025 14:05,5397.5,5404.0,5397.5,5403.5,1000.0
21/10/2025 14:10,5403.5,5404.0,5400.0,5401.5,1000.0
21/10/2025 14:15,5401.0,5401.5,5398.5,5400.5,1000.0
21/10/2025 14:20,5400.0,5403.5,5399.5,5401.0,1000.0
21/10/2025 14:25,5401.0,5403.0,5399.5,5401.0,1000.0
21/10/2025 14:30,5401.5,5402.0,5400.5,5401.0,1000.0
21/10/2025 14:35,5400.5,5401.0,5399.0,5399.0,1000.0
21/10/2025 14:40,5399.0,5399.5,5396.5,5396.5,1000.0
21/10/2025 14:45,5396.5,5399.5,5393.5,5393.5,1000.0
21/10/2025 14:50,5394.0,5397.0,5393.0,5396.0,1000.0
21/10/2025 14:55,5396.0,5398.5,5395.0,5398.0,1000.0
21/10/2025 15:00,5398.0,5398.5,5394.5,5394.5,1000.0
21/10/2025 15:05,5394.5,5397.5,5394.5,5397.0,1000.0
21/10/2025 15:10,5397.0,5398.5,5396.0,5397.0,1000.0
21/10/2025 15:15,5397.0,5399.0,5396.5,5397.5,1000.0
21/10/2025 15:20,5397.5,5398.5,5396.5,5398.0,1000.0
21/10/2025 15:25,5398.0,5398.5,5396.5,5398.0,1000.0
21/10/2025 15:30,5397.5,5398.5,5396.5,5397.5,1000.0
21/10/2025 15:35,5397.5,5399.5,5397.0,5399.0,1000.0
21/10/2025 15:40,5399.0,5401.5,5399.0,5401.0,1000.0
21/10/2025 15:45,5400.5,5401.0,5399.0,5400.0,1000.0
21/10/2025 15:50,5400.0,5400.5,5397.5,5399.0,1000.0
21/10/2025 15:55,5398.5,5399.5,5397.5,5398.5,1000.0
21/10/2025 16:00,5398.0,5400.0,5398.0,5399.5,1000.0
21/10/2025 16:05,5399.0,5401.5,5399.0,5401.0,1000.0
21/10/2025 16:10,5401.5,5402.0,5400.5,5401.0,1000.0
21/10/2025 16:15,5401.0,5401.0,5398.0,5398.5,1000.0
21/10/2025 16:20,5398.0,5400.0,5398.0,5399.5,1000.0
21/10/2025 16:25,5400.0,5403.0,5400.0,5402.5,1000.0
21/10/2025 16:30,5402.5,5403.5,5402.0,5402.5,1000.0
21/10/2025 16:35,5402.5,5403.0,5401.0,5402.5,1000.0
21/10/2025 16:40,5402.0,5402.5,5401.5,5401.5,1000.0
21/10/2025 16:45,5401.5,5402.0,5400.5,5400.5,1000.0
21/10/2025 16:50,5400.5,5403.0,5400.5,5403.0,1000.0
21/10/2025 16:55,5403.0,5405.5,5402.5,5404.5,1000.0
21/10/2025 17:00,5404.0,5405.0,5402.0,5402.0,1000.0
21/10/2025 17:05,5402.0,5402.5,5400.5,5401.5,1000.0
21/10/2025 17:10,5401.5,5402.0,5399.5,5401.5,1000.0
21/10/2025 17:15,5401.5,5401.5,5398.5,5399.0,1000.0
21/10/2025 17:20,5399.0,5399.5,5398.0,5398.0,1000.0
21/10/2025 17:25,5398.5,5398.5,5397.0,5398.5,1000.0
21/10/2025 17:30,5398.0,5398.5,5397.0,5397.0,1000.0
21/10/2025 17:35,5397.0,5398.0,5397.0,5397.5,1000.0
21/10/2025 17:40,5397.0,5397.5,5396.5,5397.0,1000.0
21/10/2025 17:45,5397.0,5398.5,5397.0,5398.5,1000.0
21/10/2025 17:50,5398.5,5402.0,5398.5,5401.5,1000.0
21/10/2025 17:55,5401.5,5403.0,5401.0,5403.0,1000.0
21/10/2025 18:00,5403.0,5403.0,5401.0,5402.5,1000.0
21/10/2025 18:05,5402.5,5403.0,5401.0,5403.0,1000.0
21/10/2025 18:10,5402.5,5404.5,5402.0,5404.0,1000.0
21/10/2025 18:15,5404.0,5404.5,5401.5,5402.5,1000.0
21/10/2025 18:20,5402.5,5403.0,5399.0,5400.0,1000.0
21/10/2025 18:25,5399.5,5402.5,5398.5,5402.5,1000.0
21/11/2025 09:00,5362.5,5372.0,5360.5,5367.0,1000.0
21/11/2025 09:05,5366.5,5373.5,5365.0,5369.0,1000.0
21/11/2025 09:10,5369.5,5381.0,5367.0,5380.0,1000.0
21/11/2025 09:15,5380.5,5381.5,5377.0,5381.0,1000.0
21/11/2025 09:20,5381.0,5390.0,5378.0,5389.0,1000.0
21/11/2025 09:25,5389.5,5390.5,5385.5,5387.5,1000.0
21/11/2025 09:30,5387.5,5388.5,5372.5,5374.0,1000.0
21/11/2025 09:35,5373.5,5376.5,5372.0,5372.5,1000.0
21/11/2025 09:40,5372.0,5373.0,5364.0,5365.5,1000.0
21/11/2025 09:45,5365.5,5366.0,5361.5,5364.5,1000.0
21/11/2025 09:50,5364.5,5369.0,5363.5,5365.0,1000.0
21/11/2025 09:55,5365.5,5367.5,5365.0,5367.5,1000.0
21/11/2025 10:00,5367.5,5373.5,5364.5,5372.5,1000.0
21/11/2025 10:05,5372.0,5382.5,5371.5,5381.5,1000.0
21/11/2025 10:10,5381.0,5385.5,5379.0,5384.5,1000.0
21/11/2025 10:15,5385.0,5385.5,5378.0,5384.5,1000.0
21/11/2025 10:20,5384.5,5385.0,5379.5,5382.0,1000.0
21/11/2025 10:25,5382.0,5386.5,5382.0,5384.0,1000.0
21/11/2025 10:30,5384.0,5387.0,5383.5,5384.0,1000.0
21/11/2025 10:35,5384.0,5386.0,5382.5,5384.0,1000.0
21/11/2025 10:40,5384.0,5385.5,5382.5,5385.0,1000.0
21/11/2025 10:45,5384.5,5386.5,5383.0,5385.0,1000.0
21/11/2025 10:50,5385.0,5388.0,5384.0,5385.0,1000.0
21/11/2025 10:55,5385.5,5385.5,5382.5,5384.0,1000.0
21/11/2025 11:00,5384.0,5390.5,5383.5,5390.5,1000.0
21/11/2025 11:05,5390.5,5394.5,5390.0,5394.5,1000.0
21/11/2025 11:10,5394.0,5404.5,5393.5,5402.5,1000.0
21/11/2025 11:15,5402.0,5405.5,5400.5,5402.5,1000.0
21/11/2025 11:20,5403.0,5405.0,5401.5,5403.0,1000.0
21/11/2025 11:25,5403.0,5405.0,5401.5,5405.0,1000.0
21/11/2025 11:30,5404.5,5407.0,5400.5,5403.0,1000.0
21/11/2025 11:35,5403.0,5405.5,5401.0,5404.5,1000.0
21/11/2025 11:40,5405.0,5406.0,5399.5,5400.5,1000.0
21/11/2025 11:45,5400.0,5407.0,5399.5,5406.5,1000.0
21/11/2025 11:50,5406.5,5407.0,5402.0,5403.0,1000.0
21/11/2025 11:55,5403.0,5407.5,5403.0,5404.5,1000.0
21/11/2025 12:00,5405.0,5406.5,5402.0,5404.5,1000.0
21/11/2025 12:05,5404.5,5408.0,5401.5,5406.0,1000.0
21/11/2025 12:10,5406.0,5409.0,5406.0,5408.5,1000.0
21/11/2025 12:15,5408.5,5419.0,5407.0,5417.0,1000.0
21/11/2025 12:20,5417.0,5423.5,5416.5,5420.5,1000.0
21/11/2025 12:25,5420.0,5424.0,5417.0,5419.5,1000.0
21/11/2025 12:30,5420.0,5423.0,5419.0,5422.5,1000.0
21/11/2025 12:35,5422.5,5443.0,5422.0,5435.5,1000.0
21/11/2025 12:40,5435.5,5436.5,5429.5,5430.5,1000.0
21/11/2025 12:45,5430.5,5431.5,5421.5,5423.5,1000.0
21/11/2025 12:50,5424.0,5429.0,5423.5,5426.0,1000.0
21/11/2025 12:55,5426.5,5427.0,5422.5,5425.5,1000.0
21/11/2025 13:00,5425.5,5431.0,5423.5,5428.5,1000.0
21/11/2025 13:05,5429.0,5431.5,5423.5,5424.5,1000.0
21/11/2025 13:10,5424.5,5433.5,5424.0,5432.0,1000.0
21/11/2025 13:15,5432.0,5436.5,5431.0,5435.0,1000.0
21/11/2025 13:20,5435.0,5435.0,5428.5,5429.0,1000.0
21/11/2025 13:25,5428.5,5430.0,5420.0,5421.0,1000.0
21/11/2025 13:30,5421.0,5421.0,5416.5,5420.0,1000.0
21/11/2025 13:35,5420.0,5420.0,5415.0,5415.5,1000.0
21/11/2025 13:40,5415.5,5416.0,5410.5,5414.0,1000.0
21/11/2025 13:45,5414.0,5415.5,5411.0,5412.0,1000.0
21/11/2025 13:50,5412.0,5413.0,5406.5,5408.5,1000.0
21/11/2025 13:55,5408.0,5408.5,5399.5,5399.5,1000.0
21/11/2025 14:00,5399.5,5401.5,5395.5,5398.0,1000.0
21/11/2025 14:05,5397.5,5400.5,5397.0,5399.0,1000.0
21/11/2025 14:10,5399.0,5402.0,5398.0,5401.0,1000.0
21/11/2025 14:15,5400.5,5409.0,5400.5,5409.0,1000.0
21/11/2025 14:20,5408.5,5410.0,5404.5,5407.0,1000.0
21/11/2025 14:25,5407.0,5408.0,5399.5,5403.5,1000.0
21/11/2025 14:30,5403.5,5404.5,5402.0,5403.5,1000.0
21/11/2025 14:35,5404.0,5405.5,5400.0,5404.5,1000.0
21/11/2025 14:40,5404.5,5406.5,5402.5,5403.0,1000.0
21/11/2025 14:45,5403.0,5406.0,5402.0,5404.5,1000.0
21/11/2025 14:50,5404.0,5406.5,5404.0,5405.5,1000.0
21/11/2025 14:55,5405.5,5412.5,5405.0,5411.5,1000.0
21/11/2025 15:00,5412.0,5421.0,5410.5,5419.5,1000.0
21/11/2025 15:05,5419.5,5422.5,5419.0,5421.0,1000.0
21/11/2025 15:10,5421.5,5423.0,5419.0,5422.0,1000.0
21/11/2025 15:15,5422.0,5425.0,5421.0,5422.0,1000.0
21/11/2025 15:20,5422.5,5422.5,5418.5,5420.5,1000.0
21/11/2025 15:25,5420.5,5422.0,5418.0,5418.5,1000.0
21/11/2025 15:30,5418.5,5421.5,5417.5,5418.0,1000.0
21/11/2025 15:35,5418.0,5419.0,5415.0,5415.0,1000.0
21/11/2025 15:40,5415.0,5419.0,5415.0,5417.0,1000.0
21/11/2025 15:45,5416.5,5418.5,5406.0,5412.0,1000.0
21/11/2025 15:50,5412.0,5415.0,5409.5,5414.0,1000.0
21/11/2025 15:55,5414.0,5415.5,5412.0,5413.0,1000.0
21/11/2025 16:00,5413.0,5413.5,5410.5,5411.0,1000.0
21/11/2025 16:05,5411.0,5412.5,5410.5,5411.5,1000.0
21/11/2025 16:10,5411.5,5412.0,5410.5,5410.5,1000.0
21/11/2025 16:15,5410.5,5411.5,5408.5,5408.5,1000.0
21/11/2025 16:20,5409.0,5409.0,5407.5,5407.5,1000.0
21/11/2025 16:25,5407.5,5408.0,5407.0,5408.0,1000.0
21/11/2025 16:30,5407.5,5411.0,5406.5,5411.0,1000.0
21/11/2025 16:35,5410.5,5411.0,5408.0,5409.5,1000.0
21/11/2025 16:40,5409.5,5411.0,5408.5,5410.0,1000.0
21/11/2025 16:45,5410.0,5411.5,5408.5,5410.0,1000.0
21/11/2025 16:50,5410.0,5412.5,5409.0,5411.5,1000.0
21/11/2025 16:55,5411.5,5412.0,5410.0,5411.0,1000.0
21/11/2025 17:00,5411.5,5414.5,5410.5,5414.0,1000.0
21/11/2025 17:05,5413.5,5416.0,5413.5,5414.5,1000.0
21/11/2025 17:10,5414.0,5415.5,5413.5,5414.5,1000.0
21/11/2025 17:15,5414.5,5415.0,5412.5,5412.5,1000.0
21/11/2025 17:20,5413.0,5414.5,5412.5,5414.0,1000.0
21/11/2025 17:25,5413.5,5414.0,5413.0,5414.0,1000.0
21/11/2025 17:30,5414.0,5414.5,5411.5,5412.5,1000.0
21/11/2025 17:35,5412.5,5413.0,5410.5,5413.0,1000.0
21/11/2025 17:40,5412.5,5414.5,5412.0,5413.5,1000.0
21/11/2025 17:45,5413.5,5416.0,5412.0,5415.5,1000.0
21/11/2025 17:50,5416.0,5417.5,5415.0,5416.5,1000.0
21/11/2025 17:55,5416.5,5416.5,5411.0,5414.5,1000.0
21/11/2025 18:00,5414.0,5414.5,5412.0,5412.5,1000.0
21/11/2025 18:05,5412.5,5413.5,5412.5,5413.5,1000.0
21/11/2025 18:10,5413.5,5414.5,5412.0,5414.0,1000.0
21/11/2025 18:15,5413.5,5414.5,5410.5,5411.0,1000.0
21/11/2025 18:20,5410.5,5416.0,5410.5,5414.5,1000.0
21/11/2025 18:25,5414.5,5419.5,5414.0,5416.5,1000.0
22/01/2026 09:00,5327.5,5335.5,5327.5,5332.5,1000.0
22/01/2026 09:05,5332.5,5334.5,5328.5,5331.5,1000.0
22/01/2026 09:10,5332.0,5335.0,5328.0,5328.5,1000.0
22/01/2026 09:15,5328.5,5329.0,5323.0,5324.5,1000.0
22/01/2026 09:20,5324.5,5325.5,5316.0,5318.5,1000.0
22/01/2026 09:25,5319.0,5324.0,5318.0,5323.0,1000.0
22/01/2026 09:30,5323.0,5326.5,5322.0,5322.5,1000.0
22/01/2026 09:35,5322.0,5325.5,5321.5,5324.5,1000.0
22/01/2026 09:40,5324.5,5325.5,5318.0,5321.0,1000.0
22/01/2026 09:45,5321.0,5323.0,5318.5,5322.5,1000.0
22/01/2026 09:50,5322.0,5325.0,5321.0,5324.5,1000.0
22/01/2026 09:55,5324.0,5326.0,5321.0,5325.0,1000.0
22/01/2026 10:00,5324.5,5328.0,5324.0,5325.0,1000.0
22/01/2026 10:05,5325.5,5327.5,5324.0,5327.0,1000.0
22/01/2026 10:10,5327.0,5328.5,5325.5,5325.5,1000.0
22/01/2026 10:15,5325.5,5329.0,5325.5,5328.5,1000.0
22/01/2026 10:20,5328.5,5330.5,5325.0,5325.0,1000.0
22/01/2026 10:25,5325.0,5328.5,5324.5,5327.0,1000.0
22/01/2026 10:30,5327.5,5330.5,5325.0,5325.5,1000.0
22/01/2026 10:35,5326.0,5331.0,5325.0,5325.0,1000.0
22/01/2026 10:40,5325.0,5330.0,5325.0,5327.0,1000.0
22/01/2026 10:45,5327.0,5331.5,5326.5,5330.5,1000.0
22/01/2026 10:50,5331.0,5335.0,5328.5,5332.5,1000.0
22/01/2026 10:55,5332.5,5337.0,5331.0,5337.0,1000.0
22/01/2026 11:00,5336.5,5337.0,5332.5,5335.5,1000.0
22/01/2026 11:05,5335.0,5335.5,5331.5,5334.0,1000.0
22/01/2026 11:10,5334.0,5335.0,5332.0,5332.5,1000.0
22/01/2026 11:15,5332.5,5334.5,5328.5,5329.5,1000.0
22/01/2026 11:20,5329.5,5330.5,5326.0,5329.0,1000.0
22/01/2026 11:25,5329.0,5332.5,5327.0,5330.5,1000.0
22/01/2026 11:30,5330.5,5330.5,5322.5,5327.0,1000.0
22/01/2026 11:35,5326.5,5328.5,5325.5,5327.0,1000.0
22/01/2026 11:40,5327.0,5328.0,5323.0,5324.0,1000.0
22/01/2026 11:45,5324.0,5327.0,5321.0,5325.5,1000.0
22/01/2026 11:50,5326.0,5328.5,5322.5,5325.0,1000.0
22/01/2026 11:55,5325.0,5326.5,5323.5,5325.0,1000.0
22/01/2026 12:00,5325.0,5327.5,5321.5,5325.5,1000.0
22/01/2026 12:05,5325.5,5326.5,5324.5,5326.5,1000.0
22/01/2026 12:10,5326.5,5327.5,5324.0,5326.0,1000.0
22/01/2026 12:15,5326.0,5326.5,5321.5,5322.5,1000.0
22/01/2026 12:20,5322.5,5322.5,5315.5,5320.0,1000.0
22/01/2026 12:25,5320.0,5320.0,5313.0,5314.0,1000.0
22/01/2026 12:30,5314.0,5319.0,5313.5,5318.5,1000.0
22/01/2026 12:35,5318.5,5320.5,5316.0,5317.0,1000.0
22/01/2026 12:40,5317.0,5318.0,5313.5,5315.0,1000.0
22/01/2026 12:45,5315.0,5315.5,5313.5,5314.5,1000.0
22/01/2026 12:50,5315.0,5317.0,5309.0,5310.5,1000.0
22/01/2026 12:55,5310.0,5313.5,5305.0,5305.5,1000.0
22/01/2026 13:00,5305.5,5307.5,5303.5,5306.0,1000.0
22/01/2026 13:05,5305.5,5307.0,5300.5,5305.0,1000.0
22/01/2026 13:10,5305.5,5305.5,5300.5,5303.0,1000.0
22/01/2026 13:15,5303.0,5305.5,5301.5,5305.5,1000.0
22/01/2026 13:20,5305.5,5306.0,5303.5,5305.0,1000.0
22/01/2026 13:25,5305.0,5305.5,5300.5,5303.0,1000.0
22/01/2026 13:30,5303.5,5306.5,5303.0,5304.5,1000.0
22/01/2026 13:35,5304.5,5305.0,5303.5,5304.5,1000.0
22/01/2026 13:40,5304.5,5306.0,5303.5,5306.0,1000.0
22/01/2026 13:45,5305.5,5307.5,5304.5,5307.0,1000.0
22/01/2026 13:50,5307.0,5310.0,5306.0,5309.5,1000.0
22/01/2026 13:55,5309.5,5310.5,5307.5,5308.0,1000.0
22/01/2026 14:00,5308.0,5310.5,5304.5,5305.0,1000.0
22/01/2026 14:05,5305.0,5310.5,5304.5,5306.5,1000.0
22/01/2026 14:10,5306.0,5310.0,5305.0,5310.0,1000.0
22/01/2026 14:15,5310.0,5312.0,5309.0,5310.5,1000.0
22/01/2026 14:20,5311.0,5311.5,5306.5,5307.5,1000.0
22/01/2026 14:25,5307.0,5307.5,5305.0,5305.0,1000.0
22/01/2026 14:30,5305.0,5307.0,5303.0,5305.5,1000.0
22/01/2026 14:35,5305.5,5307.0,5304.5,5306.5,1000.0
22/01/2026 14:40,5307.0,5307.0,5305.0,5306.0,1000.0
22/01/2026 14:45,5306.0,5307.0,5302.0,5302.5,1000.0
22/01/2026 14:50,5302.5,5303.0,5297.0,5298.5,1000.0
22/01/2026 14:55,5299.0,5303.5,5297.5,5303.5,1000.0
22/01/2026 15:00,5303.5,5304.5,5298.0,5298.5,1000.0
22/01/2026 15:05,5298.0,5300.5,5295.0,5297.0,1000.0
22/01/2026 15:10,5297.5,5300.5,5296.5,5299.5,1000.0
22/01/2026 15:15,5300.0,5300.5,5297.0,5299.5,1000.0
22/01/2026 15:20,5299.5,5302.5,5298.5,5302.5,1000.0
22/01/2026 15:25,5302.0,5304.0,5300.5,5304.0,1000.0
22/01/2026 15:30,5304.0,5304.0,5299.0,5299.5,1000.0
22/01/2026 15:35,5300.0,5301.0,5297.5,5297.5,1000.0
22/01/2026 15:40,5297.5,5300.0,5297.5,5298.5,1000.0
22/01/2026 15:45,5298.0,5299.5,5297.5,5299.5,1000.0
22/01/2026 15:50,5299.5,5299.5,5296.5,5297.0,1000.0
22/01/2026 15:55,5297.5,5298.0,5293.0,5293.5,1000.0
22/01/2026 16:00,5294.0,5296.5,5293.5,5295.5,1000.0
22/01/2026 16:05,5296.0,5297.0,5295.5,5296.0,1000.0
22/01/2026 16:10,5296.0,5296.5,5295.0,5296.5,1000.0
22/01/2026 16:15,5296.5,5296.5,5295.5,5296.0,1000.0
22/01/2026 16:20,5296.0,5296.5,5295.5,5296.0,1000.0
22/01/2026 16:25,5296.0,5296.5,5295.5,5296.0,1000.0
22/01/2026 16:30,5295.5,5296.0,5292.0,5293.5,1000.0
22/01/2026 16:35,5293.5,5296.5,5293.0,5295.0,1000.0
22/01/2026 16:40,5295.5,5296.0,5294.5,5294.5,1000.0
22/01/2026 16:45,5295.0,5295.0,5293.0,5294.0,1000.0
22/01/2026 16:50,5294.0,5296.5,5294.0,5296.0,1000.0
22/01/2026 16:55,5296.0,5296.5,5294.0,5294.5,1000.0
22/01/2026 17:00,5294.0,5296.5,5294.0,5296.5,1000.0
22/01/2026 17:05,5296.0,5296.5,5294.5,5295.0,1000.0
22/01/2026 17:10,5295.0,5296.5,5294.0,5295.5,1000.0
22/01/2026 17:15,5295.5,5296.0,5292.5,5293.0,1000.0
22/01/2026 17:20,5292.5,5293.5,5291.0,5293.0,1000.0
22/01/2026 17:25,5292.5,5293.0,5291.5,5292.5,1000.0
22/01/2026 17:30,5292.0,5294.5,5292.0,5294.0,1000.0
22/01/2026 17:35,5294.0,5296.0,5292.5,5296.0,1000.0
22/01/2026 17:40,5296.0,5296.0,5295.0,5295.5,1000.0
22/01/2026 17:45,5295.0,5296.5,5295.0,5296.0,1000.0
22/01/2026 17:50,5296.0,5296.5,5295.0,5296.0,1000.0
22/01/2026 17:55,5295.5,5300.5,5295.5,5300.5,1000.0
22/01/2026 18:00,5300.5,5302.0,5299.0,5300.5,1000.0
22/01/2026 18:05,5300.5,5301.0,5297.5,5299.0,1000.0
22/01/2026 18:10,5299.0,5300.0,5297.5,5299.5,1000.0
22/01/2026 18:15,5300.0,5305.5,5298.0,5303.5,1000.0
22/01/2026 18:20,5303.5,5307.5,5296.5,5297.5,1000.0
22/01/2026 18:25,5298.0,5302.5,5296.5,5298.0,1000.0
22/10/2025 09:00,5407.5,5410.0,5396.0,5399.0,1000.0
22/10/2025 09:05,5399.0,5401.0,5396.0,5399.5,1000.0
22/10/2025 09:10,5399.5,5402.0,5396.5,5396.5,1000.0
22/10/2025 09:15,5397.0,5398.5,5390.0,5391.0,1000.0
22/10/2025 09:20,5391.0,5394.0,5389.0,5393.5,1000.0
22/10/2025 09:25,5394.0,5396.0,5393.0,5393.5,1000.0
22/10/2025 09:30,5393.5,5396.5,5391.0,5396.0,1000.0
22/10/2025 09:35,5396.0,5397.5,5394.0,5395.5,1000.0
22/10/2025 09:40,5395.5,5398.0,5395.0,5396.5,1000.0
22/10/2025 09:45,5396.5,5399.0,5395.5,5399.0,1000.0
22/10/2025 09:50,5399.0,5401.0,5395.0,5397.5,1000.0
22/10/2025 09:55,5397.5,5400.5,5396.0,5399.0,1000.0
22/10/2025 10:00,5399.5,5401.0,5398.0,5399.5,1000.0
22/10/2025 10:05,5400.0,5405.0,5398.5,5402.0,1000.0
22/10/2025 10:10,5402.5,5405.5,5402.0,5404.0,1000.0
22/10/2025 10:15,5404.0,5406.0,5401.5,5405.5,1000.0
22/10/2025 10:20,5405.0,5409.0,5404.0,5408.5,1000.0
22/10/2025 10:25,5408.0,5409.5,5406.0,5408.0,1000.0
22/10/2025 10:30,5407.5,5409.0,5402.5,5406.0,1000.0
22/10/2025 10:35,5406.0,5406.5,5400.0,5400.5,1000.0
22/10/2025 10:40,5401.0,5406.0,5400.0,5404.0,1000.0
22/10/2025 10:45,5404.0,5405.5,5402.0,5402.5,1000.0
22/10/2025 10:50,5402.5,5403.5,5398.5,5401.5,1000.0
22/10/2025 10:55,5401.5,5405.0,5400.5,5403.0,1000.0
22/10/2025 11:00,5403.5,5403.5,5399.0,5399.5,1000.0
22/10/2025 11:05,5399.5,5403.5,5399.0,5403.5,1000.0
22/10/2025 11:10,5403.5,5404.5,5401.5,5401.5,1000.0
22/10/2025 11:15,5401.5,5402.5,5396.5,5397.5,1000.0
22/10/2025 11:20,5397.5,5399.0,5396.5,5397.5,1000.0
22/10/2025 11:25,5397.5,5404.5,5397.0,5404.5,1000.0
22/10/2025 11:30,5404.5,5407.0,5401.5,5402.5,1000.0
22/10/2025 11:35,5402.5,5407.0,5400.5,5406.5,1000.0
22/10/2025 11:40,5406.5,5414.0,5406.5,5410.5,1000.0
22/10/2025 11:45,5411.0,5412.5,5407.5,5408.0,1000.0
22/10/2025 11:50,5408.0,5410.5,5407.5,5408.0,1000.0
22/10/2025 11:55,5408.0,5409.0,5404.5,5406.0,1000.0
22/10/2025 12:00,5406.0,5408.5,5402.0,5402.5,1000.0
22/10/2025 12:05,5403.0,5404.0,5399.0,5400.0,1000.0
22/10/2025 12:10,5399.5,5404.0,5399.5,5401.0,1000.0
22/10/2025 12:15,5401.0,5403.5,5400.0,5402.5,1000.0
22/10/2025 12:20,5402.5,5407.5,5401.5,5406.0,1000.0
22/10/2025 12:25,5406.0,5407.0,5404.0,5405.5,1000.0
22/10/2025 12:30,5405.5,5407.0,5403.5,5404.0,1000.0
22/10/2025 12:35,5404.5,5406.0,5402.5,5404.0,1000.0
22/10/2025 12:40,5404.5,5405.0,5400.5,5401.0,1000.0
22/10/2025 12:45,5401.5,5402.0,5399.0,5402.0,1000.0
22/10/2025 12:50,5401.5,5403.5,5401.5,5402.5,1000.0
22/10/2025 12:55,5403.0,5406.5,5402.0,5405.5,1000.0
22/10/2025 13:00,5405.0,5409.5,5404.5,5407.5,1000.0
22/10/2025 13:05,5407.5,5408.0,5405.0,5405.0,1000.0
22/10/2025 13:10,5405.5,5407.0,5404.5,5406.0,1000.0
22/10/2025 13:15,5406.0,5409.5,5405.0,5409.0,1000.0
22/10/2025 13:20,5408.5,5411.0,5408.5,5409.0,1000.0
22/10/2025 13:25,5409.0,5411.5,5408.0,5411.0,1000.0
22/10/2025 13:30,5411.5,5426.0,5410.0,5415.0,1000.0
22/10/2025 13:35,5414.5,5415.5,5411.5,5413.5,1000.0
22/10/2025 13:40,5413.5,5416.5,5411.0,5412.5,1000.0
22/10/2025 13:45,5412.0,5414.5,5409.5,5414.0,1000.0
22/10/2025 13:50,5413.5,5414.5,5410.0,5411.0,1000.0
22/10/2025 13:55,5411.0,5414.5,5409.0,5414.5,1000.0
22/10/2025 14:00,5414.0,5417.5,5412.5,5416.0,1000.0
22/10/2025 14:05,5416.5,5419.0,5415.0,5417.5,1000.0
22/10/2025 14:10,5417.5,5422.5,5417.0,5422.0,1000.0
22/10/2025 14:15,5422.0,5425.5,5420.5,5421.0,1000.0
22/10/2025 14:20,5421.0,5423.0,5419.5,5422.0,1000.0
22/10/2025 14:25,5422.0,5425.5,5421.0,5422.5,1000.0
22/10/2025 14:30,5422.0,5423.0,5418.0,5418.5,1000.0
22/10/2025 14:35,5418.5,5421.5,5417.5,5421.5,1000.0
22/10/2025 14:40,5421.5,5422.5,5420.0,5421.0,1000.0
22/10/2025 14:45,5421.0,5421.5,5415.5,5416.0,1000.0
22/10/2025 14:50,5416.0,5420.5,5415.5,5420.0,1000.0
22/10/2025 14:55,5420.0,5420.5,5418.0,5419.5,1000.0
22/10/2025 15:00,5419.5,5419.5,5415.0,5418.0,1000.0
22/10/2025 15:05,5418.0,5419.5,5417.0,5419.0,1000.0
22/10/2025 15:10,5419.5,5421.5,5418.5,5421.5,1000.0
22/10/2025 15:15,5421.5,5423.5,5420.0,5420.0,1000.0
22/10/2025 15:20,5420.5,5420.5,5417.0,5417.0,1000.0
22/10/2025 15:25,5417.0,5420.0,5417.0,5418.5,1000.0
22/10/2025 15:30,5418.5,5420.5,5417.5,5418.0,1000.0
22/10/2025 15:35,5417.5,5418.0,5415.5,5416.0,1000.0
22/10/2025 15:40,5416.5,5418.5,5415.5,5418.0,1000.0
22/10/2025 15:45,5418.5,5418.5,5416.0,5416.0,1000.0
22/10/2025 15:50,5416.0,5417.0,5415.0,5415.5,1000.0
22/10/2025 15:55,5415.5,5416.0,5413.5,5415.0,1000.0
22/10/2025 16:00,5414.5,5416.5,5414.0,5415.0,1000.0
22/10/2025 16:05,5414.5,5415.5,5411.5,5411.5,1000.0
22/10/2025 16:10,5412.0,5414.5,5411.5,5413.0,1000.0
22/10/2025 16:15,5413.0,5414.0,5412.0,5413.0,1000.0
22/10/2025 16:20,5413.0,5415.0,5412.5,5414.0,1000.0
22/10/2025 16:25,5413.5,5415.0,5413.5,5414.0,1000.0
22/10/2025 16:30,5414.0,5414.5,5409.0,5410.0,1000.0
22/10/2025 16:35,5410.0,5412.0,5409.5,5411.0,1000.0
22/10/2025 16:40,5411.0,5413.5,5411.0,5413.0,1000.0
22/10/2025 16:45,5412.5,5413.5,5410.5,5412.0,1000.0
22/10/2025 16:50,5411.5,5414.0,5411.0,5413.0,1000.0
22/10/2025 16:55,5413.0,5413.5,5408.5,5409.5,1000.0
22/10/2025 17:00,5410.0,5410.0,5408.5,5408.5,1000.0
22/10/2025 17:05,5409.0,5409.0,5406.5,5408.5,1000.0
22/10/2025 17:10,5408.5,5410.5,5408.0,5410.0,1000.0
22/10/2025 17:15,5409.5,5411.5,5409.5,5410.5,1000.0
22/10/2025 17:20,5410.5,5410.5,5409.5,5410.0,1000.0
22/10/2025 17:25,5410.5,5411.5,5410.0,5411.0,1000.0
22/10/2025 17:30,5411.5,5413.5,5411.0,5413.0,1000.0
22/10/2025 17:35,5413.0,5413.5,5411.5,5413.0,1000.0
22/10/2025 17:40,5412.5,5414.5,5410.0,5410.0,1000.0
22/10/2025 17:45,5410.0,5413.0,5409.0,5412.0,1000.0
22/10/2025 17:50,5412.5,5413.0,5411.5,5412.5,1000.0
22/10/2025 17:55,5412.0,5414.0,5411.5,5413.0,1000.0
22/10/2025 18:00,5413.0,5413.5,5412.5,5412.5,1000.0
22/10/2025 18:05,5412.5,5413.0,5411.0,5412.0,1000.0
22/10/2025 18:10,5411.5,5413.0,5411.0,5412.5,1000.0
22/10/2025 18:15,5412.0,5413.5,5410.5,5412.5,1000.0
22/10/2025 18:20,5412.5,5413.0,5410.0,5410.5,1000.0
22/10/2025 18:25,5410.5,5414.0,5410.5,5414.0,1000.0
22/12/2025 09:00,5538.5,5541.5,5536.5,5540.5,1000.0
22/12/2025 09:05,5540.5,5552.0,5540.0,5547.0,1000.0
22/12/2025 09:10,5547.5,5552.0,5546.0,5550.0,1000.0
22/12/2025 09:15,5550.0,5552.0,5546.0,5549.5,1000.0
22/12/2025 09:20,5549.0,5550.0,5540.0,5541.0,1000.0
22/12/2025 09:25,5540.5,5542.0,5538.0,5538.0,1000.0
22/12/2025 09:30,5538.5,5539.5,5529.0,5532.5,1000.0
22/12/2025 09:35,5532.5,5535.0,5530.0,5530.0,1000.0
22/12/2025 09:40,5530.0,5534.5,5528.5,5531.5,1000.0
22/12/2025 09:45,5532.0,5537.0,5531.0,5536.5,1000.0
22/12/2025 09:50,5536.5,5540.5,5533.0,5540.0,1000.0
22/12/2025 09:55,5540.0,5543.5,5535.5,5535.5,1000.0
22/12/2025 10:00,5535.5,5537.5,5526.0,5526.0,1000.0
22/12/2025 10:05,5526.5,5539.0,5525.0,5536.0,1000.0
22/12/2025 10:10,5536.0,5542.5,5535.5,5541.0,1000.0
22/12/2025 10:15,5541.0,5545.0,5536.5,5539.5,1000.0
22/12/2025 10:20,5539.5,5541.5,5536.5,5539.5,1000.0
22/12/2025 10:25,5540.0,5545.0,5537.0,5537.0,1000.0
22/12/2025 10:30,5537.0,5544.5,5537.0,5541.0,1000.0
22/12/2025 10:35,5541.0,5544.5,5539.5,5544.0,1000.0
22/12/2025 10:40,5543.5,5544.0,5539.0,5540.0,1000.0
22/12/2025 10:45,5539.5,5543.0,5538.5,5541.5,1000.0
22/12/2025 10:50,5542.0,5545.5,5541.5,5543.0,1000.0
22/12/2025 10:55,5543.0,5544.0,5537.5,5542.0,1000.0
22/12/2025 11:00,5542.0,5542.0,5535.5,5537.5,1000.0
22/12/2025 11:05,5537.0,5540.0,5535.5,5539.0,1000.0
22/12/2025 11:10,5539.5,5546.5,5539.0,5546.0,1000.0
22/12/2025 11:15,5546.0,5552.5,5545.5,5551.0,1000.0
22/12/2025 11:20,5551.0,5556.5,5550.5,5555.5,1000.0
22/12/2025 11:25,5556.0,5559.5,5553.0,5558.5,1000.0
22/12/2025 11:30,5559.0,5560.5,5555.5,5555.5,1000.0
22/12/2025 11:35,5555.5,5560.0,5555.5,5556.0,1000.0
22/12/2025 11:40,5556.5,5557.5,5550.5,5550.5,1000.0
22/12/2025 11:45,5551.0,5555.5,5550.5,5554.5,1000.0
22/12/2025 11:50,5554.5,5555.0,5552.5,5553.5,1000.0
22/12/2025 11:55,5553.5,5556.0,5552.0,5553.0,1000.0
22/12/2025 12:00,5553.0,5553.5,5546.0,5550.0,1000.0
22/12/2025 12:05,5550.0,5553.0,5547.0,5551.0,1000.0
22/12/2025 12:10,5551.5,5555.0,5551.0,5552.0,1000.0
22/12/2025 12:15,5552.0,5553.5,5550.5,5551.5,1000.0
22/12/2025 12:20,5552.0,5553.5,5550.0,5550.0,1000.0
22/12/2025 12:25,5550.0,5552.5,5550.0,5551.5,1000.0
22/12/2025 12:30,5551.0,5556.0,5550.0,5555.5,1000.0
22/12/2025 12:35,5556.0,5567.0,5555.5,5564.0,1000.0
22/12/2025 12:40,5564.0,5567.0,5562.0,5566.5,1000.0
22/12/2025 12:45,5567.0,5570.0,5564.0,5566.0,1000.0
22/12/2025 12:50,5566.0,5569.5,5564.0,5564.0,1000.0
22/12/2025 12:55,5564.0,5571.0,5561.0,5568.5,1000.0
22/12/2025 13:00,5568.5,5572.5,5567.0,5571.0,1000.0
22/12/2025 13:05,5571.0,5572.5,5566.5,5568.0,1000.0
22/12/2025 13:10,5568.5,5579.0,5567.0,5578.0,1000.0
22/12/2025 13:15,5577.5,5578.0,5571.5,5576.0,1000.0
22/12/2025 13:20,5575.5,5586.0,5575.5,5583.5,1000.0
22/12/2025 13:25,5583.0,5587.5,5581.5,5583.5,1000.0
22/12/2025 13:30,5584.0,5592.0,5580.5,5591.0,1000.0
22/12/2025 13:35,5591.0,5591.5,5579.0,5579.5,1000.0
22/12/2025 13:40,5579.5,5582.5,5579.5,5582.0,1000.0
22/12/2025 13:45,5581.5,5585.5,5581.0,5585.0,1000.0
22/12/2025 13:50,5584.5,5588.0,5583.0,5585.0,1000.0
22/12/2025 13:55,5585.0,5588.5,5585.0,5587.5,1000.0
22/12/2025 14:00,5587.5,5588.0,5584.0,5585.5,1000.0
22/12/2025 14:05,5585.5,5592.5,5585.0,5590.0,1000.0
22/12/2025 14:10,5590.0,5591.0,5588.0,5590.5,1000.0
22/12/2025 14:15,5590.5,5591.0,5584.5,5590.5,1000.0
22/12/2025 14:20,5590.5,5594.5,5590.0,5594.0,1000.0
22/12/2025 14:25,5594.0,5596.5,5590.5,5594.0,1000.0
22/12/2025 14:30,5594.5,5602.5,5593.5,5600.5,1000.0
22/12/2025 14:35,5600.5,5604.5,5598.5,5599.0,1000.0
22/12/2025 14:40,5598.5,5599.5,5596.0,5598.0,1000.0
22/12/2025 14:45,5598.0,5598.5,5593.0,5595.5,1000.0
22/12/2025 14:50,5596.0,5598.5,5595.5,5597.5,1000.0
22/12/2025 14:55,5597.5,5600.0,5595.5,5597.0,1000.0
22/12/2025 15:00,5597.0,5604.5,5597.0,5604.5,1000.0
22/12/2025 15:05,5604.5,5611.5,5604.0,5610.0,1000.0
22/12/2025 15:10,5610.0,5613.0,5603.0,5606.0,1000.0
22/12/2025 15:15,5606.5,5613.0,5605.0,5613.0,1000.0
22/12/2025 15:20,5613.0,5614.0,5605.0,5605.5,1000.0
22/12/2025 15:25,5605.5,5606.5,5604.0,5605.0,1000.0
22/12/2025 15:30,5605.0,5605.0,5597.5,5602.0,1000.0
22/12/2025 15:35,5601.5,5603.0,5596.5,5597.0,1000.0
22/12/2025 15:40,5596.5,5598.5,5594.0,5595.5,1000.0
22/12/2025 15:45,5595.5,5598.0,5594.0,5595.0,1000.0
22/12/2025 15:50,5595.0,5595.0,5588.0,5590.5,1000.0
22/12/2025 15:55,5591.0,5591.5,5588.5,5590.5,1000.0
22/12/2025 16:00,5590.5,5592.0,5589.5,5592.0,1000.0
22/12/2025 16:05,5592.0,5592.0,5588.5,5589.5,1000.0
22/12/2025 16:10,5589.0,5592.0,5585.5,5587.0,1000.0
22/12/2025 16:15,5587.0,5588.5,5584.0,5586.0,1000.0
22/12/2025 16:20,5585.5,5588.0,5584.5,5586.5,1000.0
22/12/2025 16:25,5586.5,5589.5,5586.0,5587.5,1000.0
22/12/2025 16:30,5587.5,5590.5,5586.5,5589.0,1000.0
22/12/2025 16:35,5589.5,5592.5,5588.5,5592.5,1000.0
22/12/2025 16:40,5592.5,5595.0,5590.0,5592.5,1000.0
22/12/2025 16:45,5592.5,5592.5,5589.0,5592.0,1000.0
22/12/2025 16:50,5591.5,5592.5,5591.0,5592.5,1000.0
22/12/2025 16:55,5592.0,5593.0,5590.5,5591.5,1000.0
22/12/2025 17:00,5591.5,5595.0,5590.5,5594.5,1000.0
22/12/2025 17:05,5594.5,5595.0,5592.0,5593.0,1000.0
22/12/2025 17:10,5593.0,5595.0,5593.0,5594.0,1000.0
22/12/2025 17:15,5594.0,5594.5,5591.0,5592.5,1000.0
22/12/2025 17:20,5593.0,5594.5,5591.5,5593.0,1000.0
22/12/2025 17:25,5593.0,5595.5,5593.0,5595.5,1000.0
22/12/2025 17:30,5595.0,5602.0,5595.0,5601.0,1000.0
22/12/2025 17:35,5601.0,5602.5,5596.5,5597.0,1000.0
22/12/2025 17:40,5597.0,5601.0,5596.5,5600.5,1000.0
22/12/2025 17:45,5600.5,5600.5,5597.5,5600.0,1000.0
22/12/2025 17:50,5600.0,5601.0,5596.0,5597.5,1000.0
22/12/2025 17:55,5597.0,5600.0,5596.5,5598.5,1000.0
22/12/2025 18:00,5599.0,5602.0,5598.5,5599.5,1000.0
22/12/2025 18:05,5599.5,5600.5,5598.0,5599.5,1000.0
22/12/2025 18:10,5599.5,5602.5,5599.0,5601.5,1000.0
22/12/2025 18:15,5602.0,5604.0,5596.0,5597.5,1000.0
22/12/2025 18:20,5597.0,5602.5,5597.0,5599.5,1000.0
22/12/2025 18:25,5599.0,5603.0,5597.0,5598.5,1000.0
23/01/2026 09:00,5299.0,5305.0,5296.0,5301.0,1000.0
23/01/2026 09:05,5301.0,5304.0,5298.0,5303.5,1000.0
23/01/2026 09:10,5303.0,5304.0,5298.0,5303.5,1000.0
23/01/2026 09:15,5303.0,5308.0,5300.5,5307.0,1000.0
23/01/2026 09:20,5307.0,5307.5,5301.0,5304.5,1000.0
23/01/2026 09:25,5304.5,5306.0,5302.5,5304.5,1000.0
23/01/2026 09:30,5304.5,5307.0,5303.0,5306.0,1000.0
23/01/2026 09:35,5306.0,5307.0,5299.5,5303.0,1000.0
23/01/2026 09:40,5303.5,5304.5,5300.0,5300.5,1000.0
23/01/2026 09:45,5300.0,5302.5,5298.0,5302.0,1000.0
23/01/2026 09:50,5302.5,5304.5,5301.0,5302.5,1000.0
23/01/2026 09:55,5303.0,5303.5,5296.0,5296.0,1000.0
23/01/2026 10:00,5296.0,5296.5,5288.5,5289.5,1000.0
23/01/2026 10:05,5289.5,5291.0,5286.0,5290.5,1000.0
23/01/2026 10:10,5290.0,5298.0,5289.5,5295.0,1000.0
23/01/2026 10:15,5295.0,5296.5,5293.0,5296.0,1000.0
23/01/2026 10:20,5295.5,5300.5,5295.5,5299.0,1000.0
23/01/2026 10:25,5299.5,5301.0,5295.5,5300.5,1000.0
23/01/2026 10:30,5300.5,5302.5,5298.5,5300.5,1000.0
23/01/2026 10:35,5300.0,5301.0,5298.5,5299.5,1000.0
23/01/2026 10:40,5299.0,5304.0,5298.5,5302.0,1000.0
23/01/2026 10:45,5302.0,5304.0,5301.5,5303.0,1000.0
23/01/2026 10:50,5303.0,5308.0,5303.0,5307.0,1000.0
23/01/2026 10:55,5307.5,5308.0,5302.5,5303.5,1000.0
23/01/2026 11:00,5304.0,5305.5,5301.5,5302.5,1000.0
23/01/2026 11:05,5302.5,5304.0,5301.0,5304.0,1000.0
23/01/2026 11:10,5303.5,5311.0,5303.5,5306.0,1000.0
23/01/2026 11:15,5306.0,5313.0,5305.0,5310.0,1000.0
23/01/2026 11:20,5310.5,5311.5,5305.5,5307.0,1000.0
23/01/2026 11:25,5306.5,5306.5,5303.5,5305.0,1000.0
23/01/2026 11:30,5304.5,5307.5,5303.0,5307.0,1000.0
23/01/2026 11:35,5307.5,5312.5,5306.0,5312.5,1000.0
23/01/2026 11:40,5312.5,5314.5,5309.5,5311.0,1000.0
23/01/2026 11:45,5310.5,5312.0,5307.5,5308.0,1000.0
23/01/2026 11:50,5308.0,5312.0,5307.0,5309.5,1000.0
23/01/2026 11:55,5309.5,5309.5,5305.0,5308.0,1000.0
23/01/2026 12:00,5308.0,5308.0,5304.0,5304.0,1000.0
23/01/2026 12:05,5304.0,5306.0,5302.0,5303.5,1000.0
23/01/2026 12:10,5303.5,5305.0,5297.0,5301.5,1000.0
23/01/2026 12:15,5301.5,5301.5,5296.5,5298.5,1000.0
23/01/2026 12:20,5298.5,5300.0,5295.5,5296.0,1000.0
23/01/2026 12:25,5295.5,5297.0,5293.5,5295.0,1000.0
23/01/2026 12:30,5295.5,5297.5,5294.0,5295.5,1000.0
23/01/2026 12:35,5296.0,5300.5,5295.5,5298.5,1000.0
23/01/2026 12:40,5298.5,5299.0,5296.0,5298.5,1000.0
23/01/2026 12:45,5298.0,5299.5,5296.0,5299.0,1000.0
23/01/2026 12:50,5299.5,5300.0,5293.5,5293.5,1000.0
23/01/2026 12:55,5294.0,5298.0,5292.0,5292.5,1000.0
23/01/2026 13:00,5292.5,5294.5,5290.5,5292.0,1000.0
23/01/2026 13:05,5292.0,5298.5,5291.0,5297.5,1000.0
23/01/2026 13:10,5298.0,5303.5,5296.5,5303.0,1000.0
23/01/2026 13:15,5303.5,5304.5,5300.5,5302.0,1000.0
23/01/2026 13:20,5302.0,5303.0,5299.5,5301.0,1000.0
23/01/2026 13:25,5301.5,5301.5,5299.0,5300.0,1000.0
23/01/2026 13:30,5300.5,5301.5,5298.0,5299.0,1000.0
23/01/2026 13:35,5298.5,5299.5,5297.0,5298.5,1000.0
23/01/2026 13:40,5298.0,5299.5,5297.5,5297.5,1000.0
23/01/2026 13:45,5297.5,5302.0,5297.5,5302.0,1000.0
23/01/2026 13:50,5302.0,5305.5,5300.0,5305.5,1000.0
23/01/2026 13:55,5305.5,5307.5,5304.0,5304.5,1000.0
23/01/2026 14:00,5305.0,5307.0,5304.0,5304.0,1000.0
23/01/2026 14:05,5304.5,5305.0,5300.0,5301.5,1000.0
23/01/2026 14:10,5301.5,5302.0,5294.5,5295.0,1000.0
23/01/2026 14:15,5294.5,5296.0,5289.5,5294.5,1000.0
23/01/2026 14:20,5294.0,5295.5,5286.5,5289.5,1000.0
23/01/2026 14:25,5289.0,5290.5,5286.5,5287.5,1000.0
23/01/2026 14:30,5288.0,5291.5,5282.5,5290.5,1000.0
23/01/2026 14:35,5290.0,5294.0,5289.0,5291.5,1000.0
23/01/2026 14:40,5291.5,5296.5,5290.5,5295.5,1000.0
23/01/2026 14:45,5295.5,5296.0,5292.5,5293.5,1000.0
23/01/2026 14:50,5294.0,5297.0,5292.0,5296.5,1000.0
23/01/2026 14:55,5296.5,5302.0,5295.0,5301.0,1000.0
23/01/2026 15:00,5301.0,5308.0,5300.5,5303.5,1000.0
23/01/2026 15:05,5303.5,5304.5,5300.5,5302.0,1000.0
23/01/2026 15:10,5302.0,5302.0,5297.0,5300.5,1000.0
23/01/2026 15:15,5301.0,5303.0,5298.5,5302.5,1000.0
23/01/2026 15:20,5302.0,5302.5,5299.0,5300.0,1000.0
23/01/2026 15:25,5300.0,5300.5,5293.5,5294.5,1000.0
23/01/2026 15:30,5294.0,5299.5,5293.5,5299.0,1000.0
23/01/2026 15:35,5299.0,5300.0,5297.5,5299.0,1000.0
23/01/2026 15:40,5299.5,5301.5,5299.0,5299.5,1000.0
23/01/2026 15:45,5299.5,5300.5,5298.0,5299.0,1000.0
23/01/2026 15:50,5299.0,5301.0,5298.5,5299.5,1000.0
23/01/2026 15:55,5299.5,5300.0,5297.5,5298.0,1000.0
23/01/2026 16:00,5297.5,5299.0,5295.0,5296.0,1000.0
23/01/2026 16:05,5296.0,5299.5,5295.5,5299.0,1000.0
23/01/2026 16:10,5298.5,5299.0,5297.5,5297.5,1000.0
23/01/2026 16:15,5297.5,5299.0,5297.5,5297.5,1000.0
23/01/2026 16:20,5298.0,5298.5,5296.5,5298.0,1000.0
23/01/2026 16:25,5298.0,5298.0,5296.0,5296.5,1000.0
23/01/2026 16:30,5297.0,5297.5,5296.0,5297.0,1000.0
23/01/2026 16:35,5297.0,5298.0,5296.0,5296.5,1000.0
23/01/2026 16:40,5296.5,5296.5,5295.0,5295.5,1000.0
23/01/2026 16:45,5296.0,5298.5,5295.5,5298.0,1000.0
23/01/2026 16:50,5298.0,5299.0,5294.5,5295.5,1000.0
23/01/2026 16:55,5295.0,5296.5,5292.5,5296.0,1000.0
23/01/2026 17:00,5295.5,5296.5,5293.0,5293.5,1000.0
23/01/2026 17:05,5293.0,5294.5,5291.5,5292.5,1000.0
23/01/2026 17:10,5292.0,5293.0,5288.5,5290.0,1000.0
23/01/2026 17:15,5289.5,5290.5,5286.0,5289.0,1000.0
23/01/2026 17:20,5289.0,5295.0,5289.0,5295.0,1000.0
23/01/2026 17:25,5294.5,5296.5,5293.0,5295.5,1000.0
23/01/2026 17:30,5295.5,5299.0,5295.0,5297.0,1000.0
23/01/2026 17:35,5297.0,5298.0,5295.5,5296.5,1000.0
23/01/2026 17:40,5296.5,5297.0,5294.5,5295.5,1000.0
23/01/2026 17:45,5295.0,5297.0,5294.5,5295.0,1000.0
23/01/2026 17:50,5295.0,5296.0,5293.0,5293.0,1000.0
23/01/2026 17:55,5293.5,5296.0,5292.0,5296.0,1000.0
23/01/2026 18:00,5296.0,5300.5,5295.0,5299.0,1000.0
23/01/2026 18:05,5298.5,5300.0,5297.0,5300.0,1000.0
23/01/2026 18:10,5300.0,5301.0,5296.5,5297.5,1000.0
23/01/2026 18:15,5297.0,5298.5,5295.5,5297.5,1000.0
23/01/2026 18:20,5297.5,5299.5,5293.0,5298.0,1000.0
23/01/2026 18:25,5298.0,5304.0,5297.5,5300.0,1000.0
23/02/2026 09:00,5192.0,5195.0,5188.0,5194.0,1000.0
23/02/2026 09:05,5194.0,5195.0,5189.5,5193.0,1000.0
23/02/2026 09:10,5193.0,5194.0,5190.0,5192.0,1000.0
23/02/2026 09:15,5192.0,5195.0,5190.0,5192.5,1000.0
23/02/2026 09:20,5192.0,5196.0,5191.0,5195.0,1000.0
23/02/2026 09:25,5195.5,5198.0,5193.0,5193.0,1000.0
23/02/2026 09:30,5193.0,5193.5,5185.5,5186.5,1000.0
23/02/2026 09:35,5186.5,5190.5,5186.0,5190.5,1000.0
23/02/2026 09:40,5190.0,5191.5,5188.0,5188.0,1000.0
23/02/2026 09:45,5188.5,5189.5,5186.5,5188.0,1000.0
23/02/2026 09:50,5188.0,5189.0,5184.5,5188.0,1000.0
23/02/2026 09:55,5188.5,5191.0,5188.0,5190.0,1000.0
23/02/2026 10:00,5189.5,5197.0,5189.0,5196.5,1000.0
23/02/2026 10:05,5196.5,5197.0,5187.0,5189.0,1000.0
23/02/2026 10:10,5188.5,5192.0,5187.0,5187.5,1000.0
23/02/2026 10:15,5187.5,5189.0,5186.5,5187.0,1000.0
23/02/2026 10:20,5186.5,5187.5,5178.5,5181.0,1000.0
23/02/2026 10:25,5181.0,5182.0,5177.5,5178.5,1000.0
23/02/2026 10:30,5178.0,5178.5,5174.0,5175.0,1000.0
23/02/2026 10:35,5175.0,5177.5,5175.0,5175.0,1000.0
23/02/2026 10:40,5175.0,5175.5,5171.0,5174.0,1000.0
23/02/2026 10:45,5173.5,5175.0,5170.5,5171.0,1000.0
23/02/2026 10:50,5170.5,5173.5,5169.5,5172.0,1000.0
23/02/2026 10:55,5172.0,5177.5,5171.5,5175.5,1000.0
23/02/2026 11:00,5175.5,5176.0,5172.5,5173.0,1000.0
23/02/2026 11:05,5172.5,5174.0,5170.0,5171.0,1000.0
23/02/2026 11:10,5170.5,5171.0,5167.0,5167.5,1000.0
23/02/2026 11:15,5167.5,5168.5,5165.0,5168.5,1000.0
23/02/2026 11:20,5168.5,5168.5,5165.0,5167.5,1000.0
23/02/2026 11:25,5167.0,5170.0,5164.0,5165.5,1000.0
23/02/2026 11:30,5165.0,5166.5,5151.0,5152.5,1000.0
23/02/2026 11:35,5152.5,5155.0,5149.5,5152.0,1000.0
23/02/2026 11:40,5151.5,5156.0,5150.0,5155.0,1000.0
23/02/2026 11:45,5155.0,5155.5,5149.0,5152.0,1000.0
23/02/2026 11:50,5152.0,5153.0,5145.5,5151.5,1000.0
23/02/2026 11:55,5152.0,5153.0,5148.0,5150.0,1000.0
23/02/2026 12:00,5149.5,5153.0,5148.0,5150.0,1000.0
23/02/2026 12:05,5150.5,5151.0,5147.5,5150.5,1000.0
23/02/2026 12:10,5150.5,5153.0,5147.0,5152.5,1000.0
23/02/2026 12:15,5152.0,5155.5,5151.5,5154.5,1000.0
23/02/2026 12:20,5154.5,5155.5,5150.0,5153.5,1000.0
23/02/2026 12:25,5153.0,5157.0,5152.0,5154.5,1000.0
23/02/2026 12:30,5154.5,5160.5,5154.5,5160.0,1000.0
23/02/2026 12:35,5159.5,5162.0,5158.0,5159.0,1000.0
23/02/2026 12:40,5159.0,5159.0,5156.0,5156.0,1000.0
23/02/2026 12:45,5156.5,5159.5,5156.0,5159.5,1000.0
23/02/2026 12:50,5159.5,5161.5,5156.0,5160.0,1000.0
23/02/2026 12:55,5159.5,5163.0,5159.5,5161.5,1000.0
23/02/2026 13:00,5161.5,5170.0,5159.5,5168.5,1000.0
23/02/2026 13:05,5169.0,5173.0,5167.0,5170.5,1000.0
23/02/2026 13:10,5170.5,5172.0,5167.0,5170.5,1000.0
23/02/2026 13:15,5170.0,5170.5,5162.0,5162.5,1000.0
23/02/2026 13:20,5162.5,5163.0,5160.0,5161.0,1000.0
23/02/2026 13:25,5161.0,5162.5,5154.5,5156.0,1000.0
23/02/2026 13:30,5156.0,5158.5,5153.0,5156.5,1000.0
23/02/2026 13:35,5156.5,5157.5,5155.0,5155.5,1000.0
23/02/2026 13:40,5155.0,5158.0,5154.5,5157.5,1000.0
23/02/2026 13:45,5157.5,5160.0,5156.0,5159.0,1000.0
23/02/2026 13:50,5159.5,5160.0,5156.5,5158.5,1000.0
23/02/2026 13:55,5158.5,5163.5,5157.0,5161.5,1000.0
23/02/2026 14:00,5162.0,5162.0,5159.0,5160.5,1000.0
23/02/2026 14:05,5160.5,5164.0,5159.0,5163.0,1000.0
23/02/2026 14:10,5163.5,5172.0,5163.0,5168.0,1000.0
23/02/2026 14:15,5168.5,5169.0,5167.0,5167.5,1000.0
23/02/2026 14:20,5168.0,5170.5,5167.0,5167.5,1000.0
23/02/2026 14:25,5167.0,5171.5,5167.0,5170.0,1000.0
23/02/2026 14:30,5170.0,5172.0,5168.0,5169.0,1000.0
23/02/2026 14:35,5169.0,5176.0,5169.0,5174.0,1000.0
23/02/2026 14:40,5174.5,5175.5,5170.0,5171.5,1000.0
23/02/2026 14:45,5171.5,5173.0,5170.5,5171.0,1000.0
23/02/2026 14:50,5171.0,5171.5,5167.5,5167.5,1000.0
23/02/2026 14:55,5168.0,5169.5,5167.0,5168.5,1000.0
23/02/2026 15:00,5169.0,5170.0,5167.5,5169.5,1000.0
23/02/2026 15:05,5169.0,5169.5,5167.0,5168.5,1000.0
23/02/2026 15:10,5168.0,5172.0,5168.0,5171.0,1000.0
23/02/2026 15:15,5171.5,5173.5,5170.5,5173.5,1000.0
23/02/2026 15:20,5173.0,5175.0,5171.0,5171.5,1000.0
23/02/2026 15:25,5171.5,5175.0,5167.5,5168.0,1000.0
23/02/2026 15:30,5168.0,5172.0,5166.5,5171.0,1000.0
23/02/2026 15:35,5171.5,5172.5,5170.0,5170.5,1000.0
23/02/2026 15:40,5170.5,5172.5,5170.0,5172.0,1000.0
23/02/2026 15:45,5172.0,5173.0,5170.5,5172.0,1000.0
23/02/2026 15:50,5171.5,5173.0,5170.0,5171.5,1000.0
23/02/2026 15:55,5171.5,5175.5,5171.0,5173.5,1000.0
23/02/2026 16:00,5174.0,5174.5,5173.0,5174.5,1000.0
23/02/2026 16:05,5174.5,5176.5,5173.5,5174.5,1000.0
23/02/2026 16:10,5174.0,5175.0,5172.5,5174.0,1000.0
23/02/2026 16:15,5174.5,5176.0,5173.0,5176.0,1000.0
23/02/2026 16:20,5176.0,5176.0,5173.5,5174.0,1000.0
23/02/2026 16:25,5174.0,5175.5,5173.0,5175.0,1000.0
23/02/2026 16:30,5174.5,5177.5,5174.0,5176.5,1000.0
23/02/2026 16:35,5176.0,5178.0,5175.5,5176.5,1000.0
23/02/2026 16:40,5176.5,5179.0,5176.0,5178.0,1000.0
23/02/2026 16:45,5178.5,5179.5,5175.5,5177.0,1000.0
23/02/2026 16:50,5177.0,5177.5,5175.5,5176.0,1000.0
23/02/2026 16:55,5176.0,5176.5,5174.5,5176.0,1000.0
23/02/2026 17:00,5176.0,5176.5,5174.5,5175.5,1000.0
23/02/2026 17:05,5175.0,5175.0,5173.5,5175.0,1000.0
23/02/2026 17:10,5175.0,5175.0,5172.5,5174.5,1000.0
23/02/2026 17:15,5174.5,5175.0,5173.5,5175.0,1000.0
23/02/2026 17:20,5175.0,5175.5,5172.5,5173.0,1000.0
23/02/2026 17:25,5173.0,5173.5,5172.0,5173.0,1000.0
23/02/2026 17:30,5173.0,5174.0,5171.5,5172.5,1000.0
23/02/2026 17:35,5172.5,5173.5,5172.0,5172.5,1000.0
23/02/2026 17:40,5172.5,5173.5,5172.0,5173.0,1000.0
23/02/2026 17:45,5173.0,5173.5,5172.5,5173.5,1000.0
23/02/2026 17:50,5173.0,5174.5,5172.5,5173.5,1000.0
23/02/2026 17:55,5174.0,5174.5,5172.0,5172.5,1000.0
23/02/2026 18:00,5173.0,5173.5,5171.5,5172.5,1000.0
23/02/2026 18:05,5172.0,5173.5,5171.0,5171.5,1000.0
23/02/2026 18:10,5171.5,5173.5,5171.5,5173.0,1000.0
23/02/2026 18:15,5173.5,5175.5,5172.5,5175.5,1000.0
23/02/2026 18:20,5175.0,5180.0,5174.5,5178.5,1000.0
23/02/2026 18:25,5178.5,5181.0,5177.5,5179.5,1000.0
23/03/2026 09:00,5302.0,5313.0,5294.0,5306.5,1000.0
23/03/2026 09:05,5306.0,5323.5,5305.0,5311.5,1000.0
23/03/2026 09:10,5311.5,5325.0,5307.0,5315.5,1000.0
23/03/2026 09:15,5315.5,5315.5,5288.0,5289.0,1000.0
23/03/2026 09:20,5289.5,5300.0,5288.0,5298.5,1000.0
23/03/2026 09:25,5298.5,5299.0,5283.0,5284.5,1000.0
23/03/2026 09:30,5284.5,5302.5,5284.5,5291.0,1000.0
23/03/2026 09:35,5291.0,5295.5,5280.5,5292.0,1000.0
23/03/2026 09:40,5291.5,5297.5,5270.0,5273.5,1000.0
23/03/2026 09:45,5274.0,5279.5,5262.5,5269.0,1000.0
23/03/2026 09:50,5269.0,5273.0,5263.0,5269.5,1000.0
23/03/2026 09:55,5269.5,5275.0,5265.0,5265.5,1000.0
23/03/2026 10:00,5265.0,5276.5,5263.0,5270.5,1000.0
23/03/2026 10:05,5270.5,5276.0,5266.5,5268.5,1000.0
23/03/2026 10:10,5268.5,5279.0,5268.0,5274.5,1000.0
23/03/2026 10:15,5274.5,5277.0,5269.5,5275.5,1000.0
23/03/2026 10:20,5275.0,5281.0,5271.0,5277.5,1000.0
23/03/2026 10:25,5277.0,5281.5,5272.0,5276.0,1000.0
23/03/2026 10:30,5275.5,5289.5,5272.0,5287.5,1000.0
23/03/2026 10:35,5287.5,5289.5,5270.0,5272.5,1000.0
23/03/2026 10:40,5272.5,5276.5,5263.0,5273.5,1000.0
23/03/2026 10:45,5273.5,5276.0,5267.5,5269.5,1000.0
23/03/2026 10:50,5269.0,5274.0,5264.5,5274.0,1000.0
23/03/2026 10:55,5274.0,5279.0,5269.0,5269.0,1000.0
23/03/2026 11:00,5269.0,5270.5,5258.0,5262.5,1000.0
23/03/2026 11:05,5262.5,5267.0,5258.0,5261.0,1000.0
23/03/2026 11:10,5261.0,5262.5,5253.5,5256.0,1000.0
23/03/2026 11:15,5256.5,5258.5,5242.0,5245.5,1000.0
23/03/2026 11:20,5245.0,5248.0,5233.5,5237.0,1000.0
23/03/2026 11:25,5237.5,5241.5,5235.0,5237.5,1000.0
23/03/2026 11:30,5237.5,5243.0,5234.0,5236.0,1000.0
23/03/2026 11:35,5236.0,5240.0,5233.0,5235.0,1000.0
23/03/2026 11:40,5235.0,5240.5,5233.5,5238.0,1000.0
23/03/2026 11:45,5238.0,5245.0,5237.0,5239.5,1000.0
23/03/2026 11:50,5240.0,5246.0,5239.5,5242.0,1000.0
23/03/2026 11:55,5242.0,5246.5,5241.0,5243.0,1000.0
23/03/2026 12:00,5242.5,5243.5,5230.5,5233.5,1000.0
23/03/2026 12:05,5233.0,5235.0,5224.5,5226.0,1000.0
23/03/2026 12:10,5226.0,5236.0,5225.5,5234.5,1000.0
23/03/2026 12:15,5234.5,5237.0,5230.0,5236.0,1000.0
23/03/2026 12:20,5236.0,5241.5,5230.0,5233.0,1000.0
23/03/2026 12:25,5233.0,5241.0,5232.0,5239.5,1000.0
23/03/2026 12:30,5239.5,5244.0,5238.5,5241.5,1000.0
23/03/2026 12:35,5241.5,5250.0,5240.5,5249.0,1000.0
23/03/2026 12:40,5249.0,5249.5,5243.0,5248.0,1000.0
23/03/2026 12:45,5248.0,5249.5,5242.0,5244.0,1000.0
23/03/2026 12:50,5244.0,5258.0,5242.5,5256.5,1000.0
23/03/2026 12:55,5256.0,5260.0,5253.5,5256.0,1000.0
23/03/2026 13:00,5256.5,5257.0,5250.0,5254.0,1000.0
23/03/2026 13:05,5254.0,5256.5,5243.0,5246.5,1000.0
23/03/2026 13:10,5246.5,5259.0,5246.5,5255.5,1000.0
23/03/2026 13:15,5255.5,5263.5,5254.0,5262.5,1000.0
23/03/2026 13:20,5262.0,5266.0,5260.0,5262.5,1000.0
23/03/2026 13:25,5263.0,5269.5,5262.0,5267.5,1000.0
23/03/2026 13:30,5268.0,5268.5,5259.0,5259.5,1000.0
23/03/2026 13:35,5259.5,5260.0,5255.0,5259.5,1000.0
23/03/2026 13:40,5259.0,5261.0,5255.0,5255.5,1000.0
23/03/2026 13:45,5255.5,5256.5,5250.5,5252.0,1000.0
23/03/2026 13:50,5251.5,5254.5,5247.5,5249.5,1000.0
23/03/2026 13:55,5249.0,5255.0,5248.0,5251.5,1000.0
23/03/2026 14:00,5251.5,5253.0,5248.0,5252.5,1000.0
23/03/2026 14:05,5252.0,5254.0,5245.0,5248.0,1000.0
23/03/2026 14:10,5247.5,5250.0,5246.0,5247.0,1000.0
23/03/2026 14:15,5247.0,5251.0,5245.0,5246.5,1000.0
23/03/2026 14:20,5246.5,5251.0,5246.0,5248.0,1000.0
23/03/2026 14:25,5248.5,5250.5,5245.0,5246.5,1000.0
23/03/2026 14:30,5246.5,5247.0,5240.5,5241.5,1000.0
23/03/2026 14:35,5241.5,5242.0,5234.0,5235.5,1000.0
23/03/2026 14:40,5236.0,5241.0,5234.0,5239.0,1000.0
23/03/2026 14:45,5239.0,5244.0,5238.5,5240.0,1000.0
23/03/2026 14:50,5240.0,5241.5,5235.0,5236.0,1000.0
23/03/2026 14:55,5236.5,5238.0,5233.5,5236.5,1000.0
23/03/2026 15:00,5237.0,5240.5,5235.5,5239.5,1000.0
23/03/2026 15:05,5239.5,5252.0,5237.5,5239.5,1000.0
23/03/2026 15:10,5240.0,5241.5,5237.0,5240.5,1000.0
23/03/2026 15:15,5241.0,5245.0,5240.0,5241.0,1000.0
23/03/2026 15:20,5241.0,5244.0,5240.0,5242.5,1000.0
23/03/2026 15:25,5242.5,5244.5,5239.5,5243.5,1000.0
23/03/2026 15:30,5243.0,5243.0,5231.0,5232.0,1000.0
23/03/2026 15:35,5232.0,5237.0,5228.0,5233.5,1000.0
23/03/2026 15:40,5233.5,5238.5,5231.5,5235.0,1000.0
23/03/2026 15:45,5235.0,5236.5,5233.5,5234.0,1000.0
23/03/2026 15:50,5234.5,5236.5,5233.5,5234.5,1000.0
23/03/2026 15:55,5234.5,5235.5,5233.0,5235.0,1000.0
23/03/2026 16:00,5235.0,5240.5,5234.0,5240.0,1000.0
23/03/2026 16:05,5240.0,5243.5,5239.5,5241.5,1000.0
23/03/2026 16:10,5242.0,5242.0,5239.0,5241.0,1000.0
23/03/2026 16:15,5241.0,5244.0,5240.0,5240.0,1000.0
23/03/2026 16:20,5240.5,5242.5,5239.0,5239.5,1000.0
23/03/2026 16:25,5239.5,5245.0,5238.5,5244.0,1000.0
23/03/2026 16:30,5244.0,5245.0,5241.0,5242.0,1000.0
23/03/2026 16:35,5242.0,5244.5,5241.0,5243.0,1000.0
23/03/2026 16:40,5243.5,5245.5,5242.5,5243.0,1000.0
23/03/2026 16:45,5243.0,5243.5,5241.0,5242.5,1000.0
23/03/2026 16:50,5242.0,5247.0,5242.0,5246.0,1000.0
23/03/2026 16:55,5246.0,5253.5,5245.5,5251.0,1000.0
23/03/2026 17:00,5251.5,5252.5,5249.5,5251.0,1000.0
23/03/2026 17:05,5250.5,5252.0,5247.5,5249.0,1000.0
23/03/2026 17:10,5249.5,5251.5,5244.0,5244.5,1000.0
23/03/2026 17:15,5244.5,5246.0,5242.0,5244.5,1000.0
23/03/2026 17:20,5245.0,5248.0,5244.0,5245.5,1000.0
23/03/2026 17:25,5246.0,5246.0,5243.5,5243.5,1000.0
23/03/2026 17:30,5244.0,5246.0,5243.5,5244.0,1000.0
23/03/2026 17:35,5244.0,5245.0,5241.0,5241.5,1000.0
23/03/2026 17:40,5241.5,5244.0,5241.0,5242.0,1000.0
23/03/2026 17:45,5242.5,5246.0,5241.5,5244.0,1000.0
23/03/2026 17:50,5244.5,5245.5,5242.5,5244.5,1000.0
23/03/2026 17:55,5244.5,5246.5,5244.0,5245.0,1000.0
23/03/2026 18:00,5245.0,5246.0,5242.5,5243.5,1000.0
23/03/2026 18:05,5243.0,5244.5,5241.0,5244.5,1000.0
23/03/2026 18:10,5244.0,5245.5,5241.0,5241.5,1000.0
23/03/2026 18:15,5241.0,5247.0,5241.0,5242.5,1000.0
23/03/2026 18:20,5242.0,5247.5,5241.0,5247.5,1000.0
23/03/2026 18:25,5247.0,5248.5,5242.0,5242.0,1000.0
23/10/2025 09:00,5414.0,5415.0,5400.0,5401.5,1000.0
23/10/2025 09:05,5401.0,5403.0,5394.5,5397.5,1000.0
23/10/2025 09:10,5397.0,5399.5,5394.0,5398.5,1000.0
23/10/2025 09:15,5398.5,5402.5,5394.5,5402.0,1000.0
23/10/2025 09:20,5402.5,5407.0,5401.0,5406.5,1000.0
23/10/2025 09:25,5406.5,5407.0,5395.5,5399.5,1000.0
23/10/2025 09:30,5399.5,5401.5,5397.5,5401.0,1000.0
23/10/2025 09:35,5401.0,5402.5,5397.5,5399.0,1000.0
23/10/2025 09:40,5399.0,5403.0,5397.5,5401.5,1000.0
23/10/2025 09:45,5402.0,5405.5,5400.0,5402.5,1000.0
23/10/2025 09:50,5402.0,5406.0,5402.0,5405.0,1000.0
23/10/2025 09:55,5405.0,5406.5,5399.5,5399.5,1000.0
23/10/2025 10:00,5399.5,5400.0,5395.0,5397.0,1000.0
23/10/2025 10:05,5397.0,5397.0,5391.0,5393.0,1000.0
23/10/2025 10:10,5392.5,5396.0,5391.0,5395.0,1000.0
23/10/2025 10:15,5395.0,5395.5,5391.5,5394.0,1000.0
23/10/2025 10:20,5394.0,5395.5,5391.0,5394.5,1000.0
23/10/2025 10:25,5394.5,5395.5,5392.0,5394.5,1000.0
23/10/2025 10:30,5394.0,5394.5,5391.0,5392.0,1000.0
23/10/2025 10:35,5392.0,5393.0,5390.5,5392.5,1000.0
23/10/2025 10:40,5392.5,5396.0,5392.0,5393.0,1000.0
23/10/2025 10:45,5393.0,5395.5,5391.5,5394.5,1000.0
23/10/2025 10:50,5394.5,5396.0,5391.5,5392.0,1000.0
23/10/2025 10:55,5392.5,5393.5,5390.5,5393.5,1000.0
23/10/2025 11:00,5393.0,5394.5,5391.5,5391.5,1000.0
23/10/2025 11:05,5391.5,5396.0,5391.0,5395.5,1000.0
23/10/2025 11:10,5395.0,5397.5,5394.0,5395.5,1000.0
23/10/2025 11:15,5396.0,5399.0,5395.5,5398.0,1000.0
23/10/2025 11:20,5397.5,5398.0,5395.0,5395.5,1000.0
23/10/2025 11:25,5396.0,5397.0,5394.5,5395.5,1000.0
23/10/2025 11:30,5395.5,5397.5,5392.5,5396.5,1000.0
23/10/2025 11:35,5396.5,5398.5,5395.5,5398.5,1000.0
23/10/2025 11:40,5398.5,5398.5,5394.5,5395.5,1000.0
23/10/2025 11:45,5395.5,5396.5,5392.5,5393.0,1000.0
23/10/2025 11:50,5393.0,5396.5,5392.5,5396.0,1000.0
23/10/2025 11:55,5396.0,5396.5,5394.0,5395.5,1000.0
23/10/2025 12:00,5395.5,5397.5,5394.0,5396.0,1000.0
23/10/2025 12:05,5396.0,5400.0,5394.5,5399.5,1000.0
23/10/2025 12:10,5399.5,5403.0,5398.5,5402.5,1000.0
23/10/2025 12:15,5402.5,5407.0,5402.0,5406.5,1000.0
23/10/2025 12:20,5406.0,5406.5,5403.0,5404.5,1000.0
23/10/2025 12:25,5404.0,5407.0,5401.5,5401.5,1000.0
23/10/2025 12:30,5401.5,5402.0,5397.5,5399.0,1000.0
23/10/2025 12:35,5399.0,5400.0,5398.0,5399.0,1000.0
23/10/2025 12:40,5398.5,5400.5,5398.0,5400.0,1000.0
23/10/2025 12:45,5400.0,5400.0,5396.5,5397.0,1000.0
23/10/2025 12:50,5397.5,5397.5,5394.5,5395.0,1000.0
23/10/2025 12:55,5394.5,5397.0,5394.5,5396.0,1000.0
23/10/2025 13:00,5396.0,5397.5,5395.0,5397.0,1000.0
23/10/2025 13:05,5396.5,5397.0,5395.0,5395.5,1000.0
23/10/2025 13:10,5395.5,5396.5,5392.5,5394.0,1000.0
23/10/2025 13:15,5394.0,5396.0,5391.0,5393.0,1000.0
23/10/2025 13:20,5393.0,5396.0,5392.5,5394.5,1000.0
23/10/2025 13:25,5395.0,5396.5,5394.0,5396.0,1000.0
23/10/2025 13:30,5395.5,5400.0,5395.5,5398.5,1000.0
23/10/2025 13:35,5398.5,5399.0,5396.0,5396.5,1000.0
23/10/2025 13:40,5396.5,5398.0,5396.0,5397.5,1000.0
23/10/2025 13:45,5398.0,5399.5,5397.5,5397.5,1000.0
23/10/2025 13:50,5397.5,5398.0,5396.0,5396.5,1000.0
23/10/2025 13:55,5397.0,5398.5,5396.5,5398.0,1000.0
23/10/2025 14:00,5397.5,5398.5,5397.0,5398.5,1000.0
23/10/2025 14:05,5398.0,5402.5,5397.0,5400.0,1000.0
23/10/2025 14:10,5399.5,5400.0,5396.5,5396.5,1000.0
23/10/2025 14:15,5396.5,5398.5,5396.0,5396.5,1000.0
23/10/2025 14:20,5396.0,5399.0,5396.0,5398.5,1000.0
23/10/2025 14:25,5398.0,5399.0,5396.0,5397.5,1000.0
23/10/2025 14:30,5397.5,5398.0,5391.5,5393.0,1000.0
23/10/2025 14:35,5392.5,5394.0,5389.5,5392.5,1000.0
23/10/2025 14:40,5392.5,5395.0,5391.5,5394.0,1000.0
23/10/2025 14:45,5394.0,5394.0,5391.0,5393.0,1000.0
23/10/2025 14:50,5392.5,5396.0,5392.0,5394.5,1000.0
23/10/2025 14:55,5394.5,5395.5,5392.5,5393.0,1000.0
23/10/2025 15:00,5392.5,5394.5,5392.5,5394.0,1000.0
23/10/2025 15:05,5394.0,5394.5,5392.0,5393.5,1000.0
23/10/2025 15:10,5393.0,5393.5,5390.5,5391.0,1000.0
23/10/2025 15:15,5391.0,5392.5,5390.0,5391.0,1000.0
23/10/2025 15:20,5391.5,5392.5,5390.0,5391.5,1000.0
23/10/2025 15:25,5391.5,5393.0,5391.0,5393.0,1000.0
23/10/2025 15:30,5392.5,5394.5,5391.0,5392.0,1000.0
23/10/2025 15:35,5391.5,5394.0,5391.5,5393.5,1000.0
23/10/2025 15:40,5393.0,5393.5,5392.0,5392.5,1000.0
23/10/2025 15:45,5392.5,5393.0,5391.5,5392.0,1000.0
23/10/2025 15:50,5392.5,5393.5,5391.0,5393.0,1000.0
23/10/2025 15:55,5393.5,5393.5,5391.0,5392.0,1000.0
23/10/2025 16:00,5392.0,5393.5,5391.0,5393.5,1000.0
23/10/2025 16:05,5393.5,5394.5,5393.0,5393.5,1000.0
23/10/2025 16:10,5393.5,5395.0,5393.0,5395.0,1000.0
23/10/2025 16:15,5395.0,5395.5,5394.0,5395.0,1000.0
23/10/2025 16:20,5395.0,5396.5,5394.5,5396.5,1000.0
23/10/2025 16:25,5396.0,5397.5,5395.5,5397.0,1000.0
23/10/2025 16:30,5397.0,5398.5,5397.0,5397.5,1000.0
23/10/2025 16:35,5398.0,5399.0,5397.0,5398.0,1000.0
23/10/2025 16:40,5398.0,5398.5,5396.5,5397.5,1000.0
23/10/2025 16:45,5397.0,5398.5,5397.0,5398.5,1000.0
23/10/2025 16:50,5398.5,5398.5,5396.5,5398.5,1000.0
23/10/2025 16:55,5398.0,5398.5,5397.0,5397.5,1000.0
23/10/2025 17:00,5397.0,5398.0,5396.5,5396.5,1000.0
23/10/2025 17:05,5397.0,5398.0,5396.5,5397.0,1000.0
23/10/2025 17:10,5397.5,5398.5,5395.0,5395.5,1000.0
23/10/2025 17:15,5395.5,5397.0,5395.0,5396.0,1000.0
23/10/2025 17:20,5396.5,5396.5,5395.0,5395.5,1000.0
23/10/2025 17:25,5396.0,5396.0,5394.5,5394.5,1000.0
23/10/2025 17:30,5395.0,5396.0,5394.5,5395.5,1000.0
23/10/2025 17:35,5395.5,5397.0,5395.0,5396.0,1000.0
23/10/2025 17:40,5395.5,5397.0,5395.0,5395.5,1000.0
23/10/2025 17:45,5395.0,5396.0,5394.5,5395.5,1000.0
23/10/2025 17:50,5395.5,5395.5,5395.0,5395.5,1000.0
23/10/2025 17:55,5395.5,5396.5,5394.5,5394.5,1000.0
23/10/2025 18:00,5395.0,5395.0,5392.5,5393.5,1000.0
23/10/2025 18:05,5394.0,5394.0,5391.0,5392.0,1000.0
23/10/2025 18:10,5391.5,5392.0,5391.0,5391.5,1000.0
23/10/2025 18:15,5391.0,5393.0,5391.0,5392.5,1000.0
23/10/2025 18:20,5392.5,5394.5,5391.5,5394.0,1000.0
23/10/2025 18:25,5394.0,5394.5,5392.0,5392.0,1000.0
23/12/2025 09:00,5588.5,5598.5,5586.0,5592.5,1000.0
23/12/2025 09:05,5592.5,5600.5,5591.0,5600.5,1000.0
23/12/2025 09:10,5600.5,5603.0,5593.5,5593.5,1000.0
23/12/2025 09:15,5593.5,5595.5,5584.0,5586.5,1000.0
23/12/2025 09:20,5586.0,5592.5,5582.0,5589.0,1000.0
23/12/2025 09:25,5589.0,5596.0,5589.0,5596.0,1000.0
23/12/2025 09:30,5596.0,5598.0,5591.0,5595.0,1000.0
23/12/2025 09:35,5595.0,5597.0,5590.5,5592.0,1000.0
23/12/2025 09:40,5591.5,5592.0,5585.0,5590.0,1000.0
23/12/2025 09:45,5590.0,5594.5,5588.0,5593.5,1000.0
23/12/2025 09:50,5593.5,5595.0,5589.0,5594.5,1000.0
23/12/2025 09:55,5594.5,5598.0,5591.0,5595.5,1000.0
23/12/2025 10:00,5595.0,5595.5,5591.5,5593.0,1000.0
23/12/2025 10:05,5593.5,5597.0,5592.0,5593.0,1000.0
23/12/2025 10:10,5593.5,5594.0,5589.5,5592.0,1000.0
23/12/2025 10:15,5592.5,5593.0,5585.0,5586.5,1000.0
23/12/2025 10:20,5586.0,5596.5,5583.5,5592.0,1000.0
23/12/2025 10:25,5592.0,5597.0,5590.5,5591.5,1000.0
23/12/2025 10:30,5591.5,5596.0,5590.0,5594.5,1000.0
23/12/2025 10:35,5594.0,5599.5,5582.5,5592.0,1000.0
23/12/2025 10:40,5592.5,5595.0,5590.0,5591.0,1000.0
23/12/2025 10:45,5591.0,5591.5,5578.0,5578.5,1000.0
23/12/2025 10:50,5578.5,5588.5,5575.5,5584.5,1000.0
23/12/2025 10:55,5584.5,5588.5,5583.0,5586.0,1000.0
23/12/2025 11:00,5585.5,5586.0,5579.5,5580.0,1000.0
23/12/2025 11:05,5579.5,5582.0,5576.5,5580.5,1000.0
23/12/2025 11:10,5580.0,5582.5,5578.0,5579.0,1000.0
23/12/2025 11:15,5578.5,5583.5,5578.0,5581.5,1000.0
23/12/2025 11:20,5581.0,5585.5,5581.0,5582.5,1000.0
23/12/2025 11:25,5583.0,5584.0,5580.5,5581.5,1000.0
23/12/2025 11:30,5581.5,5588.0,5581.5,5584.0,1000.0
23/12/2025 11:35,5584.5,5585.5,5574.5,5574.5,1000.0
23/12/2025 11:40,5574.5,5579.5,5572.0,5572.5,1000.0
23/12/2025 11:45,5573.0,5574.0,5568.0,5570.5,1000.0
23/12/2025 11:50,5570.5,5570.5,5567.0,5569.0,1000.0
23/12/2025 11:55,5568.5,5569.0,5560.0,5561.0,1000.0
23/12/2025 12:00,5561.0,5563.0,5556.5,5558.0,1000.0
23/12/2025 12:05,5558.0,5562.0,5556.5,5556.5,1000.0
23/12/2025 12:10,5556.0,5557.0,5546.0,5548.0,1000.0
23/12/2025 12:15,5547.5,5549.0,5543.0,5545.0,1000.0
23/12/2025 12:20,5545.0,5548.5,5543.0,5545.5,1000.0
23/12/2025 12:25,5545.0,5545.5,5539.5,5541.5,1000.0
23/12/2025 12:30,5541.0,5543.0,5538.0,5543.0,1000.0
23/12/2025 12:35,5543.0,5547.5,5542.5,5544.5,1000.0
23/12/2025 12:40,5544.5,5545.5,5543.5,5545.0,1000.0
23/12/2025 12:45,5544.5,5546.5,5540.5,5543.0,1000.0
23/12/2025 12:50,5542.5,5548.5,5542.5,5547.5,1000.0
23/12/2025 12:55,5547.0,5552.0,5547.0,5551.5,1000.0
23/12/2025 13:00,5551.0,5553.0,5548.5,5551.0,1000.0
23/12/2025 13:05,5550.5,5551.5,5548.0,5549.0,1000.0
23/12/2025 13:10,5549.0,5549.5,5546.0,5549.0,1000.0
23/12/2025 13:15,5548.5,5550.5,5546.5,5547.5,1000.0
23/12/2025 13:20,5547.0,5550.0,5547.0,5548.5,1000.0
23/12/2025 13:25,5548.0,5550.5,5546.5,5549.5,1000.0
23/12/2025 13:30,5549.5,5551.0,5548.5,5550.0,1000.0
23/12/2025 13:35,5549.5,5550.5,5545.5,5545.5,1000.0
23/12/2025 13:40,5546.0,5547.5,5544.5,5545.5,1000.0
23/12/2025 13:45,5545.0,5545.5,5541.0,5543.0,1000.0
23/12/2025 13:50,5542.5,5545.5,5540.0,5545.0,1000.0
23/12/2025 13:55,5545.0,5547.5,5544.5,5545.0,1000.0
23/12/2025 14:00,5545.0,5546.5,5544.5,5544.5,1000.0
23/12/2025 14:05,5544.5,5546.0,5540.5,5542.5,1000.0
23/12/2025 14:10,5542.0,5543.5,5540.5,5542.5,1000.0
23/12/2025 14:15,5543.0,5544.5,5542.5,5544.0,1000.0
23/12/2025 14:20,5544.0,5548.0,5542.5,5547.5,1000.0
23/12/2025 14:25,5547.0,5548.5,5546.0,5547.0,1000.0
23/12/2025 14:30,5547.0,5547.5,5543.5,5543.5,1000.0
23/12/2025 14:35,5543.5,5544.0,5539.5,5539.5,1000.0
23/12/2025 14:40,5540.0,5545.0,5539.5,5542.5,1000.0
23/12/2025 14:45,5542.5,5544.5,5542.0,5544.0,1000.0
23/12/2025 14:50,5543.5,5546.0,5543.5,5544.0,1000.0
23/12/2025 14:55,5544.5,5547.0,5541.5,5546.5,1000.0
23/12/2025 15:00,5546.5,5548.5,5545.5,5547.0,1000.0
23/12/2025 15:05,5547.5,5548.0,5543.0,5547.0,1000.0
23/12/2025 15:10,5547.5,5548.0,5545.5,5547.0,1000.0
23/12/2025 15:15,5547.0,5548.0,5545.0,5545.0,1000.0
23/12/2025 15:20,5545.0,5546.5,5543.0,5543.0,1000.0
23/12/2025 15:25,5543.5,5544.0,5541.5,5543.5,1000.0
23/12/2025 15:30,5544.0,5544.5,5542.0,5543.0,1000.0
23/12/2025 15:35,5542.5,5546.0,5542.0,5546.0,1000.0
23/12/2025 15:40,5546.0,5548.0,5545.5,5546.0,1000.0
23/12/2025 15:45,5545.5,5546.0,5544.0,5544.5,1000.0
23/12/2025 15:50,5544.5,5546.0,5544.0,5545.0,1000.0
23/12/2025 15:55,5545.0,5545.0,5541.5,5543.5,1000.0
23/12/2025 16:00,5543.5,5545.0,5542.0,5544.5,1000.0
23/12/2025 16:05,5544.5,5544.5,5542.0,5543.5,1000.0
23/12/2025 16:10,5543.0,5544.0,5540.5,5540.5,1000.0
23/12/2025 16:15,5541.0,5542.5,5539.5,5542.0,1000.0
23/12/2025 16:20,5542.0,5544.0,5541.5,5543.5,1000.0
23/12/2025 16:25,5543.0,5544.0,5542.0,5543.0,1000.0
23/12/2025 16:30,5543.5,5544.0,5541.5,5541.5,1000.0
23/12/2025 16:35,5541.5,5542.0,5537.0,5539.5,1000.0
23/12/2025 16:40,5539.0,5539.5,5536.5,5536.5,1000.0
23/12/2025 16:45,5536.5,5539.5,5536.5,5537.5,1000.0
23/12/2025 16:50,5537.5,5538.0,5536.0,5537.5,1000.0
23/12/2025 16:55,5537.5,5537.5,5535.0,5536.0,1000.0
23/12/2025 17:00,5536.0,5538.0,5534.5,5537.0,1000.0
23/12/2025 17:05,5537.0,5538.0,5535.5,5535.5,1000.0
23/12/2025 17:10,5536.0,5537.0,5535.5,5536.0,1000.0
23/12/2025 17:15,5536.0,5537.0,5535.0,5535.5,1000.0
23/12/2025 17:20,5535.5,5536.0,5533.0,5533.5,1000.0
23/12/2025 17:25,5534.0,5536.0,5533.5,5535.0,1000.0
23/12/2025 17:30,5535.0,5535.5,5533.0,5533.5,1000.0
23/12/2025 17:35,5534.0,5535.0,5532.0,5532.0,1000.0
23/12/2025 17:40,5532.5,5533.5,5532.0,5532.5,1000.0
23/12/2025 17:45,5532.5,5533.5,5532.0,5532.5,1000.0
23/12/2025 17:50,5532.5,5535.0,5532.0,5534.5,1000.0
23/12/2025 17:55,5534.5,5537.0,5532.0,5534.0,1000.0
23/12/2025 18:00,5534.0,5534.0,5530.0,5530.5,1000.0
23/12/2025 18:05,5530.0,5531.5,5529.0,5529.5,1000.0
23/12/2025 18:10,5529.5,5529.5,5523.0,5526.5,1000.0
23/12/2025 18:15,5526.5,5526.5,5523.0,5525.5,1000.0
23/12/2025 18:20,5525.0,5528.5,5524.5,5528.5,1000.0
23/12/2025 18:25,5528.5,5533.0,5527.5,5528.5,1000.0
24/02/2026 09:00,5179.0,5184.0,5170.5,5171.5,1000.0
24/02/2026 09:05,5171.5,5178.5,5171.0,5177.5,1000.0
24/02/2026 09:10,5178.0,5182.0,5176.5,5181.5,1000.0
24/02/2026 09:15,5181.5,5188.0,5181.5,5184.0,1000.0
24/02/2026 09:20,5183.5,5185.0,5182.0,5182.0,1000.0
24/02/2026 09:25,5182.0,5188.0,5181.0,5188.0,1000.0
24/02/2026 09:30,5188.0,5189.5,5183.5,5186.5,1000.0
24/02/2026 09:35,5186.0,5187.0,5183.5,5185.0,1000.0
24/02/2026 09:40,5185.5,5187.0,5183.5,5187.0,1000.0
24/02/2026 09:45,5187.0,5190.5,5186.5,5187.5,1000.0
24/02/2026 09:50,5187.5,5189.0,5184.0,5185.5,1000.0
24/02/2026 09:55,5185.0,5185.5,5178.0,5179.0,1000.0
24/02/2026 10:00,5178.5,5184.0,5177.5,5182.0,1000.0
24/02/2026 10:05,5182.5,5184.5,5180.5,5182.5,1000.0
24/02/2026 10:10,5182.0,5185.0,5180.0,5183.5,1000.0
24/02/2026 10:15,5183.5,5185.0,5182.0,5183.5,1000.0
24/02/2026 10:20,5183.5,5184.0,5182.0,5183.5,1000.0
24/02/2026 10:25,5183.0,5184.0,5181.0,5181.5,1000.0
24/02/2026 10:30,5182.0,5185.0,5181.0,5184.0,1000.0
24/02/2026 10:35,5184.0,5189.5,5180.5,5189.0,1000.0
24/02/2026 10:40,5188.5,5189.0,5179.5,5185.0,1000.0
24/02/2026 10:45,5185.5,5190.0,5185.0,5186.0,1000.0
24/02/2026 10:50,5185.5,5187.0,5185.0,5185.0,1000.0
24/02/2026 10:55,5185.5,5185.5,5181.5,5184.5,1000.0
24/02/2026 11:00,5184.0,5185.5,5176.0,5177.0,1000.0
24/02/2026 11:05,5177.0,5180.0,5174.0,5179.5,1000.0
24/02/2026 11:10,5179.0,5183.0,5178.0,5181.5,1000.0
24/02/2026 11:15,5181.0,5184.5,5180.5,5182.0,1000.0
24/02/2026 11:20,5182.0,5183.5,5178.5,5180.0,1000.0
24/02/2026 11:25,5179.5,5181.0,5174.5,5175.0,1000.0
24/02/2026 11:30,5175.0,5181.0,5175.0,5180.0,1000.0
24/02/2026 11:35,5180.0,5181.0,5173.0,5175.5,1000.0
24/02/2026 11:40,5175.5,5178.5,5174.0,5176.0,1000.0
24/02/2026 11:45,5176.0,5178.0,5174.0,5176.0,1000.0
24/02/2026 11:50,5176.5,5178.5,5174.0,5178.0,1000.0
24/02/2026 11:55,5178.0,5181.0,5176.5,5176.5,1000.0
24/02/2026 12:00,5177.0,5178.5,5173.0,5173.5,1000.0
24/02/2026 12:05,5174.0,5174.5,5168.0,5171.0,1000.0
24/02/2026 12:10,5171.0,5172.5,5168.5,5169.5,1000.0
24/02/2026 12:15,5169.5,5172.0,5167.0,5170.0,1000.0
24/02/2026 12:20,5170.0,5170.5,5164.5,5165.0,1000.0
24/02/2026 12:25,5165.0,5167.5,5162.5,5164.0,1000.0
24/02/2026 12:30,5163.5,5166.0,5162.5,5165.0,1000.0
24/02/2026 12:35,5164.5,5167.0,5164.0,5167.0,1000.0
24/02/2026 12:40,5167.0,5168.5,5164.0,5166.0,1000.0
24/02/2026 12:45,5166.0,5167.5,5160.0,5162.0,1000.0
24/02/2026 12:50,5162.0,5163.0,5158.0,5160.0,1000.0
24/02/2026 12:55,5159.5,5160.0,5156.0,5158.5,1000.0
24/02/2026 13:00,5158.5,5161.5,5148.5,5152.0,1000.0
24/02/2026 13:05,5152.0,5153.5,5149.5,5149.5,1000.0
24/02/2026 13:10,5149.5,5152.0,5148.0,5150.0,1000.0
24/02/2026 13:15,5150.0,5153.5,5148.0,5152.0,1000.0
24/02/2026 13:20,5152.5,5156.0,5152.0,5156.0,1000.0
24/02/2026 13:25,5156.0,5156.0,5149.5,5151.0,1000.0
24/02/2026 13:30,5151.0,5153.5,5150.0,5152.5,1000.0
24/02/2026 13:35,5152.0,5153.0,5149.5,5150.0,1000.0
24/02/2026 13:40,5149.5,5151.0,5148.5,5148.5,1000.0
24/02/2026 13:45,5148.5,5152.5,5148.0,5152.0,1000.0
24/02/2026 13:50,5151.5,5152.5,5150.0,5152.0,1000.0
24/02/2026 13:55,5152.0,5154.0,5151.0,5153.5,1000.0
24/02/2026 14:00,5153.0,5156.0,5152.5,5154.5,1000.0
24/02/2026 14:05,5154.0,5155.0,5153.0,5154.5,1000.0
24/02/2026 14:10,5154.0,5154.5,5152.0,5154.0,1000.0
24/02/2026 14:15,5154.0,5155.0,5153.0,5154.0,1000.0
24/02/2026 14:20,5154.0,5155.5,5153.5,5154.5,1000.0
24/02/2026 14:25,5154.5,5155.0,5153.0,5153.0,1000.0
24/02/2026 14:30,5153.5,5153.5,5152.0,5152.5,1000.0
24/02/2026 14:35,5153.0,5153.5,5151.5,5153.5,1000.0
24/02/2026 14:40,5153.5,5155.0,5153.5,5155.0,1000.0
24/02/2026 14:45,5155.0,5156.0,5153.0,5156.0,1000.0
24/02/2026 14:50,5156.0,5156.5,5154.5,5156.5,1000.0
24/02/2026 14:55,5156.5,5157.0,5154.0,5154.0,1000.0
24/02/2026 15:00,5154.5,5155.0,5153.5,5154.5,1000.0
24/02/2026 15:05,5154.0,5154.5,5151.0,5153.0,1000.0
24/02/2026 15:10,5152.5,5153.5,5151.5,5152.5,1000.0
24/02/2026 15:15,5153.0,5155.5,5152.0,5154.5,1000.0
24/02/2026 15:20,5154.5,5155.5,5153.0,5155.0,1000.0
24/02/2026 15:25,5154.5,5156.0,5154.0,5155.0,1000.0
24/02/2026 15:30,5155.5,5155.5,5152.5,5153.0,1000.0
24/02/2026 15:35,5153.0,5154.0,5152.0,5153.5,1000.0
24/02/2026 15:40,5153.5,5155.5,5153.5,5154.5,1000.0
24/02/2026 15:45,5154.5,5156.0,5154.0,5155.0,1000.0
24/02/2026 15:50,5154.5,5156.0,5154.0,5155.0,1000.0
24/02/2026 15:55,5154.5,5155.5,5154.0,5155.0,1000.0
24/02/2026 16:00,5155.0,5156.5,5154.5,5155.5,1000.0
24/02/2026 16:05,5155.5,5159.5,5155.5,5159.5,1000.0
24/02/2026 16:10,5159.5,5160.0,5157.5,5158.0,1000.0
24/02/2026 16:15,5158.0,5161.0,5158.0,5160.0,1000.0
24/02/2026 16:20,5160.5,5160.5,5158.5,5160.0,1000.0
24/02/2026 16:25,5160.0,5160.5,5159.0,5159.5,1000.0
24/02/2026 16:30,5159.5,5161.0,5158.5,5159.0,1000.0
24/02/2026 16:35,5159.5,5160.0,5157.5,5157.5,1000.0
24/02/2026 16:40,5158.0,5159.5,5157.5,5159.5,1000.0
24/02/2026 16:45,5159.5,5161.5,5159.0,5161.0,1000.0
24/02/2026 16:50,5160.5,5161.0,5159.5,5161.0,1000.0
24/02/2026 16:55,5161.0,5161.5,5159.0,5160.0,1000.0
24/02/2026 17:00,5160.0,5163.5,5160.0,5162.5,1000.0
24/02/2026 17:05,5162.5,5167.5,5162.5,5165.5,1000.0
24/02/2026 17:10,5165.0,5166.5,5164.0,5165.0,1000.0
24/02/2026 17:15,5165.0,5165.5,5161.5,5162.0,1000.0
24/02/2026 17:20,5162.5,5164.5,5161.5,5164.5,1000.0
24/02/2026 17:25,5164.0,5165.0,5163.0,5164.5,1000.0
24/02/2026 17:30,5164.5,5164.5,5160.0,5160.5,1000.0
24/02/2026 17:35,5160.5,5162.0,5158.5,5161.0,1000.0
24/02/2026 17:40,5161.0,5163.0,5161.0,5162.0,1000.0
24/02/2026 17:45,5161.5,5162.0,5160.5,5160.5,1000.0
24/02/2026 17:50,5161.0,5161.0,5158.5,5160.0,1000.0
24/02/2026 17:55,5160.0,5161.5,5158.0,5161.0,1000.0
24/02/2026 18:00,5161.0,5163.5,5160.5,5162.0,1000.0
24/02/2026 18:05,5161.5,5162.0,5160.5,5160.5,1000.0
24/02/2026 18:10,5160.5,5160.5,5158.5,5160.0,1000.0
24/02/2026 18:15,5160.5,5162.5,5159.5,5161.5,1000.0
24/02/2026 18:20,5161.5,5165.5,5161.0,5163.0,1000.0
24/02/2026 18:25,5163.5,5167.0,5158.5,5161.0,1000.0
24/03/2026 09:00,5262.5,5272.5,5254.0,5271.5,1000.0
24/03/2026 09:05,5271.5,5279.5,5271.0,5271.5,1000.0
24/03/2026 09:10,5272.0,5278.0,5269.5,5276.0,1000.0
24/03/2026 09:15,5276.5,5283.5,5276.0,5279.0,1000.0
24/03/2026 09:20,5279.0,5281.0,5274.0,5275.5,1000.0
24/03/2026 09:25,5275.5,5277.0,5266.0,5268.5,1000.0
24/03/2026 09:30,5268.0,5283.5,5267.0,5280.0,1000.0
24/03/2026 09:35,5280.5,5288.0,5278.5,5285.0,1000.0
24/03/2026 09:40,5285.0,5288.0,5283.0,5287.0,1000.0
24/03/2026 09:45,5286.5,5287.0,5277.5,5278.5,1000.0
24/03/2026 09:50,5278.0,5281.0,5268.0,5271.5,1000.0
24/03/2026 09:55,5271.0,5274.5,5268.5,5274.0,1000.0
24/03/2026 10:00,5274.0,5274.5,5261.5,5264.0,1000.0
24/03/2026 10:05,5264.0,5279.0,5260.0,5275.0,1000.0
24/03/2026 10:10,5274.5,5276.5,5269.5,5271.0,1000.0
24/03/2026 10:15,5271.0,5281.5,5268.5,5281.0,1000.0
24/03/2026 10:20,5281.0,5283.0,5276.0,5279.0,1000.0
24/03/2026 10:25,5279.0,5286.0,5272.5,5285.5,1000.0
24/03/2026 10:30,5285.5,5286.5,5275.5,5277.0,1000.0
24/03/2026 10:35,5276.5,5281.0,5272.5,5277.0,1000.0
24/03/2026 10:40,5277.0,5282.5,5274.5,5281.5,1000.0
24/03/2026 10:45,5281.0,5282.5,5276.0,5281.0,1000.0
24/03/2026 10:50,5281.0,5282.0,5269.5,5274.0,1000.0
24/03/2026 10:55,5274.0,5274.0,5266.0,5267.0,1000.0
24/03/2026 11:00,5266.5,5268.5,5260.5,5260.5,1000.0
24/03/2026 11:05,5260.5,5265.5,5255.5,5256.5,1000.0
24/03/2026 11:10,5256.0,5264.0,5254.5,5261.0,1000.0
24/03/2026 11:15,5261.0,5264.5,5259.0,5260.5,1000.0
24/03/2026 11:20,5260.5,5264.5,5259.0,5261.0,1000.0
24/03/2026 11:25,5261.5,5265.5,5257.0,5261.5,1000.0
24/03/2026 11:30,5261.0,5264.5,5258.5,5263.5,1000.0
24/03/2026 11:35,5264.0,5272.0,5263.5,5269.0,1000.0
24/03/2026 11:40,5268.5,5276.0,5266.0,5273.0,1000.0
24/03/2026 11:45,5272.5,5279.5,5269.0,5279.5,1000.0
24/03/2026 11:50,5279.0,5280.5,5261.0,5266.0,1000.0
24/03/2026 11:55,5265.5,5277.5,5262.0,5268.5,1000.0
24/03/2026 12:00,5269.0,5272.0,5263.0,5267.5,1000.0
24/03/2026 12:05,5267.5,5269.5,5265.0,5267.5,1000.0
24/03/2026 12:10,5267.0,5270.5,5259.5,5260.5,1000.0
24/03/2026 12:15,5260.5,5262.0,5255.5,5256.5,1000.0
24/03/2026 12:20,5256.0,5259.5,5254.5,5255.5,1000.0
24/03/2026 12:25,5255.5,5261.5,5250.5,5260.5,1000.0
24/03/2026 12:30,5260.5,5263.0,5256.5,5260.0,1000.0
24/03/2026 12:35,5260.0,5261.0,5256.5,5259.5,1000.0
24/03/2026 12:40,5259.5,5262.0,5258.0,5259.5,1000.0
24/03/2026 12:45,5259.5,5263.0,5259.0,5263.0,1000.0
24/03/2026 12:50,5262.5,5264.5,5260.0,5263.5,1000.0
24/03/2026 12:55,5263.5,5275.0,5263.0,5275.0,1000.0
24/03/2026 13:00,5275.0,5278.0,5270.5,5272.0,1000.0
24/03/2026 13:05,5272.0,5273.5,5268.0,5268.5,1000.0
24/03/2026 13:10,5268.0,5273.5,5267.0,5269.0,1000.0
24/03/2026 13:15,5269.5,5269.5,5260.5,5261.0,1000.0
24/03/2026 13:20,5261.5,5265.5,5259.5,5265.5,1000.0
24/03/2026 13:25,5265.0,5267.5,5262.0,5263.0,1000.0
24/03/2026 13:30,5263.0,5263.5,5259.0,5261.0,1000.0
24/03/2026 13:35,5261.0,5268.5,5260.5,5267.0,1000.0
24/03/2026 13:40,5267.0,5269.0,5264.0,5264.5,1000.0
24/03/2026 13:45,5265.0,5266.5,5262.5,5264.0,1000.0
24/03/2026 13:50,5264.5,5267.0,5261.5,5267.0,1000.0
24/03/2026 13:55,5267.0,5270.5,5265.5,5268.5,1000.0
24/03/2026 14:00,5269.0,5277.0,5267.0,5275.5,1000.0
24/03/2026 14:05,5276.0,5281.5,5272.0,5276.5,1000.0
24/03/2026 14:10,5276.5,5282.0,5273.0,5277.0,1000.0
24/03/2026 14:15,5277.0,5284.0,5275.5,5278.5,1000.0
24/03/2026 14:20,5278.5,5280.0,5274.0,5275.0,1000.0
24/03/2026 14:25,5275.5,5282.5,5275.0,5279.0,1000.0
24/03/2026 14:30,5279.5,5283.0,5274.0,5283.0,1000.0
24/03/2026 14:35,5282.5,5282.5,5275.0,5277.0,1000.0
24/03/2026 14:40,5277.5,5285.0,5275.0,5283.5,1000.0
24/03/2026 14:45,5283.0,5287.0,5280.5,5284.5,1000.0
24/03/2026 14:50,5284.0,5286.5,5279.0,5284.5,1000.0
24/03/2026 14:55,5285.0,5285.5,5267.0,5274.5,1000.0
24/03/2026 15:00,5274.5,5280.0,5268.0,5275.0,1000.0
24/03/2026 15:05,5274.5,5277.0,5272.0,5275.0,1000.0
24/03/2026 15:10,5275.0,5277.5,5273.0,5276.0,1000.0
24/03/2026 15:15,5275.5,5279.0,5269.0,5270.0,1000.0
24/03/2026 15:20,5270.0,5274.5,5267.5,5271.0,1000.0
24/03/2026 15:25,5270.5,5271.5,5265.0,5266.0,1000.0
24/03/2026 15:30,5265.5,5272.0,5264.5,5270.0,1000.0
24/03/2026 15:35,5270.5,5272.5,5261.0,5262.0,1000.0
24/03/2026 15:40,5261.5,5271.0,5261.0,5269.5,1000.0
24/03/2026 15:45,5269.5,5274.5,5267.5,5272.5,1000.0
24/03/2026 15:50,5272.0,5273.0,5267.5,5269.5,1000.0
24/03/2026 15:55,5269.5,5272.5,5268.5,5269.5,1000.0
24/03/2026 16:00,5269.5,5269.5,5262.5,5264.5,1000.0
24/03/2026 16:05,5264.5,5265.0,5262.0,5262.5,1000.0
24/03/2026 16:10,5262.5,5264.5,5262.0,5262.5,1000.0
24/03/2026 16:15,5262.0,5264.0,5260.5,5261.5,1000.0
24/03/2026 16:20,5261.0,5262.5,5257.5,5261.5,1000.0
24/03/2026 16:25,5262.0,5264.5,5260.5,5263.5,1000.0
24/03/2026 16:30,5264.0,5266.0,5262.5,5265.0,1000.0
24/03/2026 16:35,5264.5,5267.5,5264.0,5266.0,1000.0
24/03/2026 16:40,5265.5,5266.0,5262.0,5265.0,1000.0
24/03/2026 16:45,5265.0,5266.0,5262.5,5263.0,1000.0
24/03/2026 16:50,5263.0,5267.0,5262.5,5266.0,1000.0
24/03/2026 16:55,5266.0,5268.0,5262.0,5262.0,1000.0
24/03/2026 17:00,5262.0,5263.5,5259.5,5261.0,1000.0
24/03/2026 17:05,5261.5,5262.5,5260.0,5261.0,1000.0
24/03/2026 17:10,5261.0,5263.5,5261.0,5262.0,1000.0
24/03/2026 17:15,5262.0,5262.5,5258.0,5258.5,1000.0
24/03/2026 17:20,5258.0,5258.0,5230.0,5231.5,1000.0
24/03/2026 17:25,5231.5,5245.5,5228.5,5239.5,1000.0
24/03/2026 17:30,5239.5,5241.0,5233.5,5234.5,1000.0
24/03/2026 17:35,5234.5,5236.5,5220.5,5221.0,1000.0
24/03/2026 17:40,5221.0,5238.0,5220.5,5237.5,1000.0
24/03/2026 17:45,5237.0,5244.5,5236.0,5238.5,1000.0
24/03/2026 17:50,5238.5,5239.5,5232.0,5233.5,1000.0
24/03/2026 17:55,5233.5,5242.5,5231.0,5241.5,1000.0
24/03/2026 18:00,5241.5,5242.0,5239.0,5239.5,1000.0
24/03/2026 18:05,5240.0,5241.0,5239.0,5241.0,1000.0
24/03/2026 18:10,5240.5,5243.5,5237.5,5243.5,1000.0
24/03/2026 18:15,5243.5,5245.5,5240.5,5244.5,1000.0
24/03/2026 18:20,5244.5,5245.5,5239.5,5240.5,1000.0
24/03/2026 18:25,5240.5,5244.5,5238.5,5243.0,1000.0
24/10/2025 09:00,5397.0,5399.5,5394.0,5398.0,1000.0
24/10/2025 09:05,5398.0,5401.5,5395.0,5397.0,1000.0
24/10/2025 09:10,5397.5,5401.5,5396.5,5399.0,1000.0
24/10/2025 09:15,5399.5,5400.5,5396.0,5396.5,1000.0
24/10/2025 09:20,5396.5,5399.0,5395.0,5397.0,1000.0
24/10/2025 09:25,5397.5,5398.5,5394.5,5396.5,1000.0
24/10/2025 09:30,5396.5,5397.0,5374.0,5377.5,1000.0
24/10/2025 09:35,5377.5,5385.5,5376.5,5380.0,1000.0
24/10/2025 09:40,5380.5,5380.5,5373.0,5377.0,1000.0
24/10/2025 09:45,5376.5,5385.5,5376.0,5385.0,1000.0
24/10/2025 09:50,5385.5,5385.5,5375.5,5380.0,1000.0
24/10/2025 09:55,5379.5,5383.0,5375.5,5377.0,1000.0
24/10/2025 10:00,5376.5,5382.0,5375.0,5376.5,1000.0
24/10/2025 10:05,5376.0,5377.5,5372.0,5374.5,1000.0
24/10/2025 10:10,5374.5,5379.0,5374.0,5379.0,1000.0
24/10/2025 10:15,5379.0,5383.5,5378.0,5381.0,1000.0
24/10/2025 10:20,5381.0,5385.0,5379.5,5382.0,1000.0
24/10/2025 10:25,5382.0,5384.5,5380.5,5383.0,1000.0
24/10/2025 10:30,5383.0,5386.5,5381.0,5385.5,1000.0
24/10/2025 10:35,5385.5,5387.0,5383.0,5386.0,1000.0
24/10/2025 10:40,5386.5,5387.0,5381.5,5384.5,1000.0
24/10/2025 10:45,5384.5,5389.0,5384.0,5388.0,1000.0
24/10/2025 10:50,5388.0,5390.0,5384.5,5384.5,1000.0
24/10/2025 10:55,5385.0,5387.0,5382.0,5386.5,1000.0
24/10/2025 11:00,5386.0,5391.5,5385.0,5389.5,1000.0
24/10/2025 11:05,5390.0,5392.5,5388.0,5390.5,1000.0
24/10/2025 11:10,5390.0,5390.5,5386.5,5388.5,1000.0
24/10/2025 11:15,5388.0,5390.0,5387.5,5388.5,1000.0
24/10/2025 11:20,5389.0,5394.0,5385.5,5394.0,1000.0
24/10/2025 11:25,5394.0,5395.0,5391.5,5395.0,1000.0
24/10/2025 11:30,5395.0,5397.5,5391.5,5393.0,1000.0
24/10/2025 11:35,5393.0,5394.0,5389.0,5391.0,1000.0
24/10/2025 11:40,5390.5,5392.5,5389.5,5392.0,1000.0
24/10/2025 11:45,5392.5,5393.0,5390.0,5393.0,1000.0
24/10/2025 11:50,5392.5,5401.0,5392.0,5400.0,1000.0
24/10/2025 11:55,5399.5,5400.0,5395.5,5396.5,1000.0
24/10/2025 12:00,5396.5,5398.0,5396.0,5396.0,1000.0
24/10/2025 12:05,5396.5,5397.0,5390.0,5390.5,1000.0
24/10/2025 12:10,5390.5,5392.5,5388.0,5389.0,1000.0
24/10/2025 12:15,5389.0,5393.0,5388.0,5392.0,1000.0
24/10/2025 12:20,5392.5,5394.5,5390.5,5393.0,1000.0
24/10/2025 12:25,5393.5,5396.5,5393.0,5396.0,1000.0
24/10/2025 12:30,5396.0,5399.0,5395.5,5398.5,1000.0
24/10/2025 12:35,5399.0,5400.5,5396.0,5398.5,1000.0
24/10/2025 12:40,5398.5,5400.0,5397.0,5397.0,1000.0
24/10/2025 12:45,5397.0,5399.0,5396.5,5397.0,1000.0
24/10/2025 12:50,5397.5,5397.5,5396.0,5397.0,1000.0
24/10/2025 12:55,5397.0,5397.5,5391.0,5392.5,1000.0
24/10/2025 13:00,5392.0,5394.5,5391.0,5393.5,1000.0
24/10/2025 13:05,5393.5,5394.5,5391.5,5394.5,1000.0
24/10/2025 13:10,5394.5,5395.5,5394.0,5395.0,1000.0
24/10/2025 13:15,5395.0,5395.5,5394.0,5394.5,1000.0
24/10/2025 13:20,5395.0,5395.0,5393.0,5395.0,1000.0
24/10/2025 13:25,5395.0,5395.5,5393.5,5394.5,1000.0
24/10/2025 13:30,5394.5,5395.5,5391.0,5391.5,1000.0
24/10/2025 13:35,5391.0,5396.5,5390.5,5395.5,1000.0
24/10/2025 13:40,5396.0,5397.0,5395.0,5396.5,1000.0
24/10/2025 13:45,5396.0,5397.0,5395.5,5396.0,1000.0
24/10/2025 13:50,5395.5,5397.5,5395.0,5397.0,1000.0
24/10/2025 13:55,5397.0,5399.0,5396.5,5396.5,1000.0
24/10/2025 14:00,5396.5,5397.0,5395.0,5396.5,1000.0
24/10/2025 14:05,5397.0,5397.0,5396.0,5397.0,1000.0
24/10/2025 14:10,5396.5,5397.0,5394.0,5396.0,1000.0
24/10/2025 14:15,5396.5,5397.0,5395.0,5396.0,1000.0
24/10/2025 14:20,5396.0,5398.5,5395.5,5398.0,1000.0
24/10/2025 14:25,5397.5,5398.5,5396.0,5398.5,1000.0
24/10/2025 14:30,5398.5,5400.0,5397.5,5398.0,1000.0
24/10/2025 14:35,5397.5,5397.5,5395.0,5395.0,1000.0
24/10/2025 14:40,5395.0,5398.5,5395.0,5397.5,1000.0
24/10/2025 14:45,5398.0,5401.0,5397.0,5399.0,1000.0
24/10/2025 14:50,5399.0,5400.5,5398.5,5399.0,1000.0
24/10/2025 14:55,5398.5,5401.0,5398.5,5400.5,1000.0
24/10/2025 15:00,5400.5,5401.0,5398.0,5399.5,1000.0
24/10/2025 15:05,5400.0,5405.0,5399.0,5402.0,1000.0
24/10/2025 15:10,5402.0,5405.0,5401.0,5404.0,1000.0
24/10/2025 15:15,5404.0,5404.5,5400.5,5401.0,1000.0
24/10/2025 15:20,5401.5,5402.0,5400.0,5402.0,1000.0
24/10/2025 15:25,5402.0,5403.5,5401.5,5402.0,1000.0
24/10/2025 15:30,5401.5,5404.5,5401.5,5402.0,1000.0
24/10/2025 15:35,5402.0,5402.5,5399.5,5400.0,1000.0
24/10/2025 15:40,5400.0,5402.0,5399.0,5400.0,1000.0
24/10/2025 15:45,5399.5,5400.5,5399.0,5400.0,1000.0
24/10/2025 15:50,5400.0,5401.5,5399.5,5400.5,1000.0
24/10/2025 15:55,5400.0,5401.0,5398.5,5399.0,1000.0
24/10/2025 16:00,5398.5,5401.0,5397.5,5400.5,1000.0
24/10/2025 16:05,5400.5,5401.0,5399.0,5399.5,1000.0
24/10/2025 16:10,5400.0,5401.0,5399.0,5400.5,1000.0
24/10/2025 16:15,5400.5,5403.5,5400.0,5403.5,1000.0
24/10/2025 16:20,5403.0,5405.0,5401.5,5402.0,1000.0
24/10/2025 16:25,5401.5,5402.5,5401.5,5401.5,1000.0
24/10/2025 16:30,5401.5,5402.5,5400.5,5401.0,1000.0
24/10/2025 16:35,5401.0,5401.5,5400.5,5401.0,1000.0
24/10/2025 16:40,5401.0,5402.0,5400.5,5401.5,1000.0
24/10/2025 16:45,5401.0,5403.0,5401.0,5403.0,1000.0
24/10/2025 16:50,5402.5,5403.0,5401.0,5401.0,1000.0
24/10/2025 16:55,5401.0,5403.5,5400.5,5402.5,1000.0
24/10/2025 17:00,5403.0,5403.0,5401.5,5403.0,1000.0
24/10/2025 17:05,5402.5,5403.0,5401.5,5403.0,1000.0
24/10/2025 17:10,5402.5,5403.5,5401.0,5401.5,1000.0
24/10/2025 17:15,5401.0,5401.5,5400.0,5400.5,1000.0
24/10/2025 17:20,5401.0,5401.0,5399.5,5400.0,1000.0
24/10/2025 17:25,5400.0,5400.5,5399.5,5400.0,1000.0
24/10/2025 17:30,5400.0,5400.5,5398.5,5399.5,1000.0
24/10/2025 17:35,5400.0,5400.0,5399.0,5399.5,1000.0
24/10/2025 17:40,5399.5,5400.0,5398.5,5399.5,1000.0
24/10/2025 17:45,5399.0,5399.5,5398.0,5398.5,1000.0
24/10/2025 17:50,5398.0,5400.0,5398.0,5400.0,1000.0
24/10/2025 17:55,5399.5,5400.0,5398.5,5399.0,1000.0
24/10/2025 18:00,5399.5,5400.5,5398.5,5400.0,1000.0
24/10/2025 18:05,5399.5,5400.0,5398.5,5399.0,1000.0
24/10/2025 18:10,5399.5,5400.5,5398.0,5398.5,1000.0
24/10/2025 18:15,5398.5,5399.0,5397.0,5397.0,1000.0
24/10/2025 18:20,5397.5,5398.5,5397.0,5398.0,1000.0
24/10/2025 18:25,5397.5,5399.0,5395.5,5395.5,1000.0
24/11/2025 09:00,5408.0,5408.0,5398.0,5400.0,1000.0
24/11/2025 09:05,5400.5,5401.5,5394.5,5396.0,1000.0
24/11/2025 09:10,5395.5,5401.5,5395.5,5397.5,1000.0
24/11/2025 09:15,5397.5,5403.5,5396.0,5400.5,1000.0
24/11/2025 09:20,5400.0,5400.5,5396.0,5396.5,1000.0
24/11/2025 09:25,5396.5,5398.0,5395.0,5396.5,1000.0
24/11/2025 09:30,5396.0,5396.5,5389.5,5390.0,1000.0
24/11/2025 09:35,5390.5,5393.0,5389.5,5391.5,1000.0
24/11/2025 09:40,5391.5,5392.5,5388.0,5388.5,1000.0
24/11/2025 09:45,5388.5,5392.0,5386.5,5392.0,1000.0
24/11/2025 09:50,5392.0,5394.0,5390.5,5393.5,1000.0
24/11/2025 09:55,5393.0,5395.5,5392.0,5394.5,1000.0
24/11/2025 10:00,5394.5,5401.0,5393.5,5397.5,1000.0
24/11/2025 10:05,5398.0,5401.5,5397.0,5401.0,1000.0
24/11/2025 10:10,5400.5,5407.0,5400.5,5405.5,1000.0
24/11/2025 10:15,5405.5,5407.5,5403.5,5407.0,1000.0
24/11/2025 10:20,5407.0,5408.0,5405.5,5407.0,1000.0
24/11/2025 10:25,5407.0,5411.0,5405.5,5408.0,1000.0
24/11/2025 10:30,5408.0,5409.5,5403.5,5403.5,1000.0
24/11/2025 10:35,5404.0,5406.0,5404.0,5406.0,1000.0
24/11/2025 10:40,5405.5,5407.5,5405.0,5406.0,1000.0
24/11/2025 10:45,5405.5,5410.0,5404.5,5406.5,1000.0
24/11/2025 10:50,5407.0,5408.5,5406.0,5408.5,1000.0
24/11/2025 10:55,5408.0,5414.5,5407.5,5413.5,1000.0
24/11/2025 11:00,5413.5,5414.5,5409.0,5410.5,1000.0
24/11/2025 11:05,5411.0,5415.0,5410.5,5413.5,1000.0
24/11/2025 11:10,5413.0,5413.5,5410.5,5412.5,1000.0
24/11/2025 11:15,5412.5,5413.5,5410.0,5411.0,1000.0
24/11/2025 11:20,5410.5,5411.5,5402.5,5402.5,1000.0
24/11/2025 11:25,5403.0,5404.5,5398.5,5399.5,1000.0
24/11/2025 11:30,5399.5,5401.0,5394.0,5397.5,1000.0
24/11/2025 11:35,5397.5,5402.5,5397.0,5400.5,1000.0
24/11/2025 11:40,5400.5,5403.0,5398.0,5402.0,1000.0
24/11/2025 11:45,5402.5,5405.0,5399.0,5403.5,1000.0
24/11/2025 11:50,5403.5,5406.5,5402.0,5403.0,1000.0
24/11/2025 11:55,5403.0,5403.5,5400.0,5402.5,1000.0
24/11/2025 12:00,5402.0,5402.5,5399.0,5401.5,1000.0
24/11/2025 12:05,5401.0,5402.5,5397.5,5399.5,1000.0
24/11/2025 12:10,5399.0,5402.0,5398.5,5400.0,1000.0
24/11/2025 12:15,5400.5,5404.0,5399.5,5403.5,1000.0
24/11/2025 12:20,5403.5,5405.5,5402.0,5405.0,1000.0
24/11/2025 12:25,5405.0,5406.0,5403.0,5403.0,1000.0
24/11/2025 12:30,5403.5,5405.0,5401.0,5401.0,1000.0
24/11/2025 12:35,5401.0,5401.5,5399.0,5400.0,1000.0
24/11/2025 12:40,5399.5,5403.0,5399.5,5399.5,1000.0
24/11/2025 12:45,5399.5,5401.0,5397.0,5397.5,1000.0
24/11/2025 12:50,5398.0,5403.0,5397.5,5400.5,1000.0
24/11/2025 12:55,5401.0,5402.5,5398.0,5400.0,1000.0
24/11/2025 13:00,5400.0,5400.5,5397.0,5398.0,1000.0
24/11/2025 13:05,5397.5,5399.5,5396.5,5399.5,1000.0
24/11/2025 13:10,5399.5,5400.0,5398.5,5399.0,1000.0
24/11/2025 13:15,5399.0,5401.0,5397.5,5398.5,1000.0
24/11/2025 13:20,5398.5,5401.0,5397.0,5400.5,1000.0
24/11/2025 13:25,5400.0,5403.5,5399.5,5403.0,1000.0
24/11/2025 13:30,5402.5,5406.5,5402.5,5402.5,1000.0
24/11/2025 13:35,5403.0,5405.0,5402.5,5405.0,1000.0
24/11/2025 13:40,5404.5,5406.5,5403.5,5404.0,1000.0
24/11/2025 13:45,5404.5,5404.5,5403.0,5403.0,1000.0
24/11/2025 13:50,5403.5,5406.0,5403.5,5404.5,1000.0
24/11/2025 13:55,5405.0,5406.0,5402.5,5402.5,1000.0
24/11/2025 14:00,5403.0,5403.5,5401.0,5401.5,1000.0
24/11/2025 14:05,5402.0,5404.0,5401.5,5403.0,1000.0
24/11/2025 14:10,5403.0,5404.0,5401.0,5401.0,1000.0
24/11/2025 14:15,5401.5,5403.0,5400.5,5402.5,1000.0
24/11/2025 14:20,5403.0,5403.5,5401.5,5402.0,1000.0
24/11/2025 14:25,5401.5,5403.5,5401.5,5402.0,1000.0
24/11/2025 14:30,5402.5,5403.5,5401.0,5401.0,1000.0
24/11/2025 14:35,5401.5,5402.5,5400.5,5402.0,1000.0
24/11/2025 14:40,5402.0,5402.5,5399.0,5401.0,1000.0
24/11/2025 14:45,5400.5,5402.5,5400.0,5402.0,1000.0
24/11/2025 14:50,5402.0,5402.0,5400.5,5400.5,1000.0
24/11/2025 14:55,5401.0,5402.5,5400.5,5402.5,1000.0
24/11/2025 15:00,5402.5,5402.5,5400.5,5401.5,1000.0
24/11/2025 15:05,5401.5,5402.0,5400.5,5401.5,1000.0
24/11/2025 15:10,5401.5,5402.5,5400.5,5401.0,1000.0
24/11/2025 15:15,5401.0,5402.0,5400.0,5402.0,1000.0
24/11/2025 15:20,5402.0,5402.5,5401.0,5402.0,1000.0
24/11/2025 15:25,5401.5,5403.0,5401.5,5402.5,1000.0
24/11/2025 15:30,5402.0,5406.5,5402.0,5405.0,1000.0
24/11/2025 15:35,5405.0,5405.5,5401.0,5401.0,1000.0
24/11/2025 15:40,5401.5,5403.5,5401.0,5402.5,1000.0
24/11/2025 15:45,5403.0,5404.5,5402.5,5403.5,1000.0
24/11/2025 15:50,5403.5,5403.5,5401.0,5401.0,1000.0
24/11/2025 15:55,5401.0,5401.5,5397.5,5399.0,1000.0
24/11/2025 16:00,5399.0,5401.0,5398.5,5400.5,1000.0
24/11/2025 16:05,5400.5,5401.0,5399.5,5400.0,1000.0
24/11/2025 16:10,5400.0,5401.0,5399.5,5400.5,1000.0
24/11/2025 16:15,5400.5,5402.0,5400.5,5401.0,1000.0
24/11/2025 16:20,5400.5,5402.0,5400.5,5401.0,1000.0
24/11/2025 16:25,5401.0,5402.0,5400.0,5400.5,1000.0
24/11/2025 16:30,5400.5,5401.0,5399.5,5400.5,1000.0
24/11/2025 16:35,5400.0,5401.5,5400.0,5401.0,1000.0
24/11/2025 16:40,5401.5,5402.5,5400.0,5402.0,1000.0
24/11/2025 16:45,5402.0,5402.0,5401.0,5402.0,1000.0
24/11/2025 16:50,5402.0,5402.5,5401.0,5402.5,1000.0
24/11/2025 16:55,5402.0,5402.5,5401.0,5402.0,1000.0
24/11/2025 17:00,5402.0,5402.5,5400.5,5401.0,1000.0
24/11/2025 17:05,5401.0,5402.0,5401.0,5401.5,1000.0
24/11/2025 17:10,5402.0,5402.0,5400.5,5401.0,1000.0
24/11/2025 17:15,5401.0,5401.5,5400.0,5400.0,1000.0
24/11/2025 17:20,5400.0,5400.5,5398.0,5398.5,1000.0
24/11/2025 17:25,5398.5,5400.0,5398.0,5399.0,1000.0
24/11/2025 17:30,5399.0,5400.0,5397.0,5397.5,1000.0
24/11/2025 17:35,5397.5,5398.0,5397.0,5398.0,1000.0
24/11/2025 17:40,5397.5,5398.0,5397.0,5397.5,1000.0
24/11/2025 17:45,5397.5,5397.5,5396.5,5397.0,1000.0
24/11/2025 17:50,5396.5,5397.5,5396.0,5397.0,1000.0
24/11/2025 17:55,5397.5,5398.0,5396.5,5397.0,1000.0
24/11/2025 18:00,5397.5,5397.5,5395.5,5396.0,1000.0
24/11/2025 18:05,5396.5,5396.5,5395.5,5395.5,1000.0
24/11/2025 18:10,5396.0,5398.0,5392.0,5392.0,1000.0
24/11/2025 18:15,5392.0,5394.5,5392.0,5392.5,1000.0
24/11/2025 18:20,5393.0,5397.0,5392.5,5395.5,1000.0
24/11/2025 18:25,5395.0,5396.0,5393.5,5394.5,1000.0
25/02/2026 09:00,5144.0,5146.5,5139.0,5140.0,1000.0
25/02/2026 09:05,5140.5,5141.5,5121.0,5124.5,1000.0
25/02/2026 09:10,5124.0,5135.0,5123.5,5133.5,1000.0
25/02/2026 09:15,5134.0,5136.0,5129.5,5130.5,1000.0
25/02/2026 09:20,5131.0,5134.5,5130.0,5132.5,1000.0
25/02/2026 09:25,5132.5,5140.5,5132.5,5140.5,1000.0
25/02/2026 09:30,5140.5,5144.5,5137.5,5139.0,1000.0
25/02/2026 09:35,5139.5,5140.5,5134.0,5134.0,1000.0
25/02/2026 09:40,5134.5,5137.5,5132.5,5137.0,1000.0
25/02/2026 09:45,5137.5,5138.0,5134.5,5135.5,1000.0
25/02/2026 09:50,5136.0,5137.0,5128.5,5129.0,1000.0
25/02/2026 09:55,5129.0,5133.0,5126.0,5128.0,1000.0
25/02/2026 10:00,5127.5,5134.5,5126.5,5134.0,1000.0
25/02/2026 10:05,5134.0,5134.5,5128.5,5131.5,1000.0
25/02/2026 10:10,5132.0,5137.5,5129.0,5136.5,1000.0
25/02/2026 10:15,5136.0,5137.5,5132.5,5136.0,1000.0
25/02/2026 10:20,5136.0,5139.5,5135.0,5139.0,1000.0
25/02/2026 10:25,5139.0,5141.0,5137.5,5141.0,1000.0
25/02/2026 10:30,5141.0,5145.0,5140.0,5142.0,1000.0
25/02/2026 10:35,5142.0,5144.0,5140.5,5142.5,1000.0
25/02/2026 10:40,5143.0,5147.0,5141.5,5145.0,1000.0
25/02/2026 10:45,5145.5,5148.5,5142.0,5146.5,1000.0
25/02/2026 10:50,5146.5,5151.0,5146.5,5151.0,1000.0
25/02/2026 10:55,5151.0,5152.5,5147.0,5152.0,1000.0
25/02/2026 11:00,5152.0,5159.0,5151.0,5156.5,1000.0
25/02/2026 11:05,5157.0,5159.0,5153.5,5157.5,1000.0
25/02/2026 11:10,5157.5,5159.5,5152.0,5153.0,1000.0
25/02/2026 11:15,5153.0,5154.0,5148.0,5148.5,1000.0
25/02/2026 11:20,5149.0,5149.5,5146.5,5148.5,1000.0
25/02/2026 11:25,5148.5,5149.5,5147.0,5147.5,1000.0
25/02/2026 11:30,5148.0,5148.5,5142.5,5144.0,1000.0
25/02/2026 11:35,5144.0,5149.0,5142.0,5147.5,1000.0
25/02/2026 11:40,5148.0,5154.0,5146.5,5151.5,1000.0
25/02/2026 11:45,5151.5,5152.0,5148.5,5151.5,1000.0
25/02/2026 11:50,5151.5,5152.5,5149.0,5152.5,1000.0
25/02/2026 11:55,5152.5,5157.0,5152.0,5156.5,1000.0
25/02/2026 12:00,5156.0,5157.0,5152.0,5152.5,1000.0
25/02/2026 12:05,5153.0,5155.0,5151.5,5152.5,1000.0
25/02/2026 12:10,5153.0,5154.5,5151.5,5152.5,1000.0
25/02/2026 12:15,5153.0,5156.0,5150.5,5155.5,1000.0
25/02/2026 12:20,5155.5,5161.0,5155.5,5160.0,1000.0
25/02/2026 12:25,5160.5,5167.0,5160.0,5164.5,1000.0
25/02/2026 12:30,5164.5,5169.5,5163.0,5169.0,1000.0
25/02/2026 12:35,5169.5,5171.0,5164.5,5165.5,1000.0
25/02/2026 12:40,5165.0,5166.0,5163.5,5164.0,1000.0
25/02/2026 12:45,5164.5,5172.5,5164.0,5166.5,1000.0
25/02/2026 12:50,5166.5,5170.0,5149.5,5153.5,1000.0
25/02/2026 12:55,5153.5,5155.5,5150.0,5150.0,1000.0
25/02/2026 13:00,5150.0,5151.0,5146.5,5149.0,1000.0
25/02/2026 13:05,5148.5,5150.5,5142.5,5144.5,1000.0
25/02/2026 13:10,5144.5,5145.5,5141.5,5143.5,1000.0
25/02/2026 13:15,5143.5,5144.5,5142.0,5144.5,1000.0
25/02/2026 13:20,5144.5,5144.5,5139.5,5142.0,1000.0
25/02/2026 13:25,5142.5,5145.0,5141.5,5143.5,1000.0
25/02/2026 13:30,5143.0,5146.5,5142.5,5144.5,1000.0
25/02/2026 13:35,5144.5,5145.5,5141.5,5143.0,1000.0
25/02/2026 13:40,5143.0,5144.5,5142.5,5144.5,1000.0
25/02/2026 13:45,5144.0,5144.0,5140.5,5143.0,1000.0
25/02/2026 13:50,5143.0,5144.5,5141.5,5143.5,1000.0
25/02/2026 13:55,5143.5,5143.5,5140.5,5141.0,1000.0
25/02/2026 14:00,5141.5,5142.0,5138.0,5139.5,1000.0
25/02/2026 14:05,5139.5,5140.5,5136.0,5138.0,1000.0
25/02/2026 14:10,5138.0,5138.5,5135.5,5137.0,1000.0
25/02/2026 14:15,5137.0,5138.5,5134.0,5135.5,1000.0
25/02/2026 14:20,5135.0,5137.0,5134.5,5136.5,1000.0
25/02/2026 14:25,5136.0,5136.5,5132.5,5133.5,1000.0
25/02/2026 14:30,5133.5,5134.5,5129.0,5130.5,1000.0
25/02/2026 14:35,5130.5,5132.0,5128.5,5131.0,1000.0
25/02/2026 14:40,5131.0,5132.0,5129.5,5131.5,1000.0
25/02/2026 14:45,5131.0,5132.5,5129.5,5131.0,1000.0
25/02/2026 14:50,5130.5,5132.5,5130.0,5132.5,1000.0
25/02/2026 14:55,5132.0,5136.0,5131.5,5134.5,1000.0
25/02/2026 15:00,5134.5,5136.0,5133.5,5134.5,1000.0
25/02/2026 15:05,5134.5,5135.5,5132.0,5133.0,1000.0
25/02/2026 15:10,5132.5,5134.0,5131.5,5133.0,1000.0
25/02/2026 15:15,5133.5,5137.0,5133.0,5136.0,1000.0
25/02/2026 15:20,5135.5,5136.5,5134.5,5134.5,1000.0
25/02/2026 15:25,5135.0,5135.0,5132.5,5133.5,1000.0
25/02/2026 15:30,5133.0,5134.5,5132.0,5133.5,1000.0
25/02/2026 15:35,5133.5,5135.5,5133.0,5133.0,1000.0
25/02/2026 15:40,5133.0,5134.0,5132.5,5133.5,1000.0
25/02/2026 15:45,5133.5,5133.5,5132.0,5133.5,1000.0
25/02/2026 15:50,5133.0,5133.5,5131.5,5133.0,1000.0
25/02/2026 15:55,5133.0,5133.5,5131.0,5131.5,1000.0
25/02/2026 16:00,5132.0,5133.0,5131.5,5132.5,1000.0
25/02/2026 16:05,5132.0,5133.0,5131.0,5131.5,1000.0
25/02/2026 16:10,5131.5,5131.5,5129.5,5130.0,1000.0
25/02/2026 16:15,5130.0,5131.0,5129.0,5130.5,1000.0
25/02/2026 16:20,5130.0,5130.5,5129.0,5130.0,1000.0
25/02/2026 16:25,5130.0,5130.5,5129.0,5130.5,1000.0
25/02/2026 16:30,5130.0,5131.0,5128.5,5128.5,1000.0
25/02/2026 16:35,5128.5,5129.5,5127.0,5128.5,1000.0
25/02/2026 16:40,5128.0,5129.5,5127.0,5127.0,1000.0
25/02/2026 16:45,5127.0,5129.0,5127.0,5128.5,1000.0
25/02/2026 16:50,5128.5,5129.0,5126.0,5127.5,1000.0
25/02/2026 16:55,5127.5,5129.0,5126.5,5128.0,1000.0
25/02/2026 17:00,5128.0,5128.0,5126.0,5127.0,1000.0
25/02/2026 17:05,5126.5,5127.5,5126.5,5127.0,1000.0
25/02/2026 17:10,5127.0,5128.5,5127.0,5128.0,1000.0
25/02/2026 17:15,5128.0,5128.5,5127.0,5128.0,1000.0
25/02/2026 17:20,5127.5,5129.0,5127.0,5128.0,1000.0
25/02/2026 17:25,5128.0,5129.5,5127.5,5129.0,1000.0
25/02/2026 17:30,5129.0,5129.5,5125.5,5125.5,1000.0
25/02/2026 17:35,5126.0,5127.0,5123.5,5126.5,1000.0
25/02/2026 17:40,5126.0,5126.5,5125.0,5125.5,1000.0
25/02/2026 17:45,5125.5,5128.0,5125.5,5127.5,1000.0
25/02/2026 17:50,5127.0,5127.5,5125.5,5126.5,1000.0
25/02/2026 17:55,5126.5,5128.5,5125.5,5128.5,1000.0
25/02/2026 18:00,5128.5,5128.5,5126.0,5127.0,1000.0
25/02/2026 18:05,5127.0,5128.0,5126.5,5127.5,1000.0
25/02/2026 18:10,5127.5,5128.5,5125.0,5126.5,1000.0
25/02/2026 18:15,5127.0,5128.5,5125.0,5128.0,1000.0
25/02/2026 18:20,5128.0,5129.0,5126.0,5126.5,1000.0
25/02/2026 18:25,5126.5,5128.0,5124.5,5128.0,1000.0
25/03/2026 09:00,5220.0,5230.5,5219.0,5223.0,1000.0
25/03/2026 09:05,5223.5,5228.5,5220.5,5227.5,1000.0
25/03/2026 09:10,5227.5,5229.5,5221.5,5226.5,1000.0
25/03/2026 09:15,5227.0,5240.0,5226.0,5235.5,1000.0
25/03/2026 09:20,5235.5,5240.5,5230.0,5239.5,1000.0
25/03/2026 09:25,5239.0,5247.0,5234.0,5239.5,1000.0
25/03/2026 09:30,5240.0,5244.0,5237.0,5239.5,1000.0
25/03/2026 09:35,5240.0,5241.5,5236.0,5238.5,1000.0
25/03/2026 09:40,5238.5,5245.5,5238.0,5243.5,1000.0
25/03/2026 09:45,5244.0,5250.5,5242.0,5249.0,1000.0
25/03/2026 09:50,5249.0,5250.0,5239.5,5239.5,1000.0
25/03/2026 09:55,5239.5,5240.5,5235.0,5237.0,1000.0
25/03/2026 10:00,5237.0,5244.0,5231.5,5239.0,1000.0
25/03/2026 10:05,5238.5,5240.0,5234.0,5239.0,1000.0
25/03/2026 10:10,5239.0,5244.5,5236.5,5242.5,1000.0
25/03/2026 10:15,5243.0,5247.5,5241.5,5242.5,1000.0
25/03/2026 10:20,5242.0,5247.0,5240.0,5240.0,1000.0
25/03/2026 10:25,5240.0,5244.0,5238.0,5240.0,1000.0
25/03/2026 10:30,5239.5,5242.5,5235.0,5239.0,1000.0
25/03/2026 10:35,5239.0,5240.0,5231.0,5239.0,1000.0
25/03/2026 10:40,5238.5,5241.0,5235.5,5239.0,1000.0
25/03/2026 10:45,5239.0,5248.5,5237.0,5248.0,1000.0
25/03/2026 10:50,5248.0,5254.5,5245.0,5249.0,1000.0
25/03/2026 10:55,5249.0,5251.0,5243.0,5249.5,1000.0
25/03/2026 11:00,5249.5,5254.5,5243.5,5249.0,1000.0
25/03/2026 11:05,5249.0,5249.0,5241.5,5243.0,1000.0
25/03/2026 11:10,5242.5,5247.5,5242.5,5244.5,1000.0
25/03/2026 11:15,5244.0,5245.5,5234.0,5237.0,1000.0
25/03/2026 11:20,5237.0,5242.0,5232.5,5240.0,1000.0
25/03/2026 11:25,5240.0,5242.0,5226.5,5232.0,1000.0
25/03/2026 11:30,5231.5,5233.0,5225.0,5225.5,1000.0
25/03/2026 11:35,5225.0,5230.5,5224.5,5230.5,1000.0
25/03/2026 11:40,5230.0,5231.5,5224.5,5225.0,1000.0
25/03/2026 11:45,5225.0,5226.5,5218.5,5219.5,1000.0
25/03/2026 11:50,5220.0,5221.5,5217.5,5220.5,1000.0
25/03/2026 11:55,5220.0,5221.0,5212.5,5216.5,1000.0
25/03/2026 12:00,5216.5,5220.5,5214.5,5215.5,1000.0
25/03/2026 12:05,5216.0,5224.5,5214.0,5224.0,1000.0
25/03/2026 12:10,5223.5,5229.0,5221.5,5227.5,1000.0
25/03/2026 12:15,5228.0,5237.5,5226.0,5229.5,1000.0
25/03/2026 12:20,5229.5,5232.0,5225.5,5228.0,1000.0
25/03/2026 12:25,5228.5,5232.0,5226.5,5229.0,1000.0
25/03/2026 12:30,5229.0,5230.0,5226.0,5226.5,1000.0
25/03/2026 12:35,5226.0,5231.5,5226.0,5231.5,1000.0
25/03/2026 12:40,5231.0,5235.0,5230.0,5232.0,1000.0
25/03/2026 12:45,5232.0,5235.5,5230.5,5233.0,1000.0
25/03/2026 12:50,5233.0,5234.5,5230.5,5232.0,1000.0
25/03/2026 12:55,5231.5,5232.0,5225.0,5226.0,1000.0
25/03/2026 13:00,5226.0,5232.0,5224.0,5230.0,1000.0
25/03/2026 13:05,5230.5,5233.0,5228.5,5232.5,1000.0
25/03/2026 13:10,5232.0,5235.0,5229.0,5229.0,1000.0
25/03/2026 13:15,5229.0,5231.5,5228.0,5231.0,1000.0
25/03/2026 13:20,5231.0,5231.5,5222.0,5222.5,1000.0
25/03/2026 13:25,5222.5,5225.5,5219.5,5224.0,1000.0
25/03/2026 13:30,5224.0,5225.5,5219.0,5221.0,1000.0
25/03/2026 13:35,5221.5,5224.5,5220.5,5224.0,1000.0
25/03/2026 13:40,5223.5,5224.0,5216.5,5220.0,1000.0
25/03/2026 13:45,5220.0,5222.0,5217.0,5218.5,1000.0
25/03/2026 13:50,5218.5,5223.5,5218.0,5223.0,1000.0
25/03/2026 13:55,5223.0,5224.0,5221.0,5223.0,1000.0
25/03/2026 14:00,5223.0,5226.0,5220.5,5225.0,1000.0
25/03/2026 14:05,5225.0,5230.0,5224.5,5229.0,1000.0
25/03/2026 14:10,5229.0,5229.5,5224.0,5225.0,1000.0
25/03/2026 14:15,5225.5,5227.0,5222.5,5224.5,1000.0
25/03/2026 14:20,5224.5,5225.5,5219.5,5222.0,1000.0
25/03/2026 14:25,5222.0,5222.0,5218.0,5220.5,1000.0
25/03/2026 14:30,5220.0,5222.0,5215.0,5216.0,1000.0
25/03/2026 14:35,5215.5,5216.5,5213.5,5215.0,1000.0
25/03/2026 14:40,5215.0,5217.0,5212.0,5214.0,1000.0
25/03/2026 14:45,5214.0,5215.5,5212.0,5214.0,1000.0
25/03/2026 14:50,5214.0,5219.5,5212.0,5217.5,1000.0
25/03/2026 14:55,5217.0,5220.0,5214.5,5218.0,1000.0
25/03/2026 15:00,5218.0,5219.5,5216.0,5216.5,1000.0
25/03/2026 15:05,5216.0,5216.5,5211.5,5215.0,1000.0
25/03/2026 15:10,5214.5,5216.0,5212.0,5212.5,1000.0
25/03/2026 15:15,5212.0,5213.5,5210.0,5213.0,1000.0
25/03/2026 15:20,5213.0,5213.5,5210.0,5211.0,1000.0
25/03/2026 15:25,5211.0,5216.0,5210.5,5216.0,1000.0
25/03/2026 15:30,5216.0,5217.5,5214.0,5215.0,1000.0
25/03/2026 15:35,5215.5,5217.0,5214.5,5215.5,1000.0
25/03/2026 15:40,5215.5,5221.5,5215.0,5219.5,1000.0
25/03/2026 15:45,5220.0,5220.5,5217.5,5220.0,1000.0
25/03/2026 15:50,5220.0,5222.5,5219.0,5220.0,1000.0
25/03/2026 15:55,5220.5,5235.0,5220.0,5223.5,1000.0
25/03/2026 16:00,5224.0,5227.0,5223.5,5224.5,1000.0
25/03/2026 16:05,5224.5,5230.0,5223.5,5229.5,1000.0
25/03/2026 16:10,5229.5,5233.0,5228.5,5230.5,1000.0
25/03/2026 16:15,5231.0,5231.5,5224.0,5226.5,1000.0
25/03/2026 16:20,5226.5,5228.0,5224.5,5227.0,1000.0
25/03/2026 16:25,5227.0,5228.5,5225.5,5226.5,1000.0
25/03/2026 16:30,5227.0,5229.0,5226.0,5229.0,1000.0
25/03/2026 16:35,5228.5,5233.5,5228.0,5229.5,1000.0
25/03/2026 16:40,5229.0,5230.0,5225.5,5226.5,1000.0
25/03/2026 16:45,5227.0,5229.0,5225.5,5229.0,1000.0
25/03/2026 16:50,5228.5,5229.0,5226.5,5227.0,1000.0
25/03/2026 16:55,5227.0,5228.0,5225.0,5225.0,1000.0
25/03/2026 17:00,5225.0,5226.5,5224.0,5226.0,1000.0
25/03/2026 17:05,5226.0,5227.0,5223.5,5223.5,1000.0
25/03/2026 17:10,5223.5,5225.5,5222.0,5222.5,1000.0
25/03/2026 17:15,5222.5,5224.0,5221.5,5223.0,1000.0
25/03/2026 17:20,5222.5,5223.0,5221.0,5222.0,1000.0
25/03/2026 17:25,5222.0,5223.5,5221.0,5223.5,1000.0
25/03/2026 17:30,5223.0,5225.5,5221.5,5223.5,1000.0
25/03/2026 17:35,5224.0,5228.5,5223.0,5228.5,1000.0
25/03/2026 17:40,5228.5,5230.0,5226.5,5230.0,1000.0
25/03/2026 17:45,5229.5,5233.5,5229.5,5231.0,1000.0
25/03/2026 17:50,5231.0,5233.0,5230.5,5231.5,1000.0
25/03/2026 17:55,5232.0,5236.0,5231.0,5234.0,1000.0
25/03/2026 18:00,5234.0,5235.0,5232.5,5234.5,1000.0
25/03/2026 18:05,5234.5,5234.5,5232.0,5234.0,1000.0
25/03/2026 18:10,5234.5,5236.0,5233.5,5235.5,1000.0
25/03/2026 18:15,5235.5,5236.5,5235.0,5236.5,1000.0
25/03/2026 18:20,5236.0,5237.5,5234.5,5236.0,1000.0
25/03/2026 18:25,5236.0,5237.5,5233.0,5233.5,1000.0
25/11/2025 09:00,5392.0,5392.0,5380.5,5382.5,1000.0
25/11/2025 09:05,5382.5,5387.5,5382.0,5384.0,1000.0
25/11/2025 09:10,5383.5,5386.0,5382.5,5385.5,1000.0
25/11/2025 09:15,5386.0,5386.5,5379.0,5380.0,1000.0
25/11/2025 09:20,5380.0,5381.0,5377.5,5379.5,1000.0
25/11/2025 09:25,5379.5,5382.0,5379.0,5381.5,1000.0
25/11/2025 09:30,5381.0,5383.0,5377.5,5380.5,1000.0
25/11/2025 09:35,5380.0,5384.5,5379.5,5384.0,1000.0
25/11/2025 09:40,5384.0,5384.5,5371.0,5377.5,1000.0
25/11/2025 09:45,5377.5,5382.0,5376.5,5379.5,1000.0
25/11/2025 09:50,5380.0,5381.0,5376.0,5379.0,1000.0
25/11/2025 09:55,5379.0,5379.0,5373.5,5374.0,1000.0
25/11/2025 10:00,5374.5,5375.0,5372.0,5374.0,1000.0
25/11/2025 10:05,5373.5,5374.5,5366.0,5368.5,1000.0
25/11/2025 10:10,5368.0,5372.5,5365.5,5371.0,1000.0
25/11/2025 10:15,5370.5,5371.5,5364.5,5366.5,1000.0
25/11/2025 10:20,5366.5,5367.0,5363.5,5366.0,1000.0
25/11/2025 10:25,5366.0,5366.5,5362.5,5363.0,1000.0
25/11/2025 10:30,5363.0,5368.5,5358.5,5368.0,1000.0
25/11/2025 10:35,5367.5,5368.5,5365.0,5366.5,1000.0
25/11/2025 10:40,5366.5,5368.5,5364.0,5368.0,1000.0
25/11/2025 10:45,5368.5,5371.0,5367.5,5371.0,1000.0
25/11/2025 10:50,5371.0,5374.0,5370.0,5374.0,1000.0
25/11/2025 10:55,5374.0,5375.5,5372.5,5372.5,1000.0
25/11/2025 11:00,5372.5,5375.5,5372.5,5375.5,1000.0
25/11/2025 11:05,5375.0,5381.0,5374.5,5380.0,1000.0
25/11/2025 11:10,5380.0,5382.0,5378.0,5381.5,1000.0
25/11/2025 11:15,5381.5,5390.0,5381.5,5389.5,1000.0
25/11/2025 11:20,5389.0,5392.5,5388.0,5391.5,1000.0
25/11/2025 11:25,5391.0,5393.5,5389.0,5393.5,1000.0
25/11/2025 11:30,5393.5,5394.0,5387.5,5390.0,1000.0
25/11/2025 11:35,5389.5,5392.0,5386.5,5391.5,1000.0
25/11/2025 11:40,5392.0,5402.0,5391.5,5401.0,1000.0
25/11/2025 11:45,5401.0,5415.5,5400.5,5415.5,1000.0
25/11/2025 11:50,5415.0,5415.5,5403.0,5407.5,1000.0
25/11/2025 11:55,5407.0,5407.0,5400.5,5402.0,1000.0
25/11/2025 12:00,5402.5,5403.0,5398.5,5400.0,1000.0
25/11/2025 12:05,5400.0,5401.5,5394.0,5394.5,1000.0
25/11/2025 12:10,5394.5,5398.0,5393.0,5395.0,1000.0
25/11/2025 12:15,5395.0,5397.5,5394.0,5394.5,1000.0
25/11/2025 12:20,5395.0,5396.5,5393.5,5393.5,1000.0
25/11/2025 12:25,5393.5,5394.0,5388.5,5389.0,1000.0
25/11/2025 12:30,5389.0,5390.0,5385.5,5387.0,1000.0
25/11/2025 12:35,5387.5,5390.0,5382.0,5384.5,1000.0
25/11/2025 12:40,5384.5,5388.0,5384.0,5387.0,1000.0
25/11/2025 12:45,5387.0,5392.0,5386.5,5391.5,1000.0
25/11/2025 12:50,5391.0,5397.5,5391.0,5395.5,1000.0
25/11/2025 12:55,5395.0,5399.0,5394.0,5398.0,1000.0
25/11/2025 13:00,5398.0,5399.5,5397.0,5399.0,1000.0
25/11/2025 13:05,5399.0,5399.0,5395.5,5395.5,1000.0
25/11/2025 13:10,5395.5,5398.5,5395.0,5397.0,1000.0
25/11/2025 13:15,5397.0,5398.0,5391.5,5391.5,1000.0
25/11/2025 13:20,5392.0,5395.0,5391.0,5393.5,1000.0
25/11/2025 13:25,5394.0,5396.5,5393.0,5394.0,1000.0
25/11/2025 13:30,5394.0,5395.0,5392.0,5392.5,1000.0
25/11/2025 13:35,5393.0,5393.5,5389.0,5389.5,1000.0
25/11/2025 13:40,5389.5,5393.5,5389.0,5391.0,1000.0
25/11/2025 13:45,5391.5,5394.0,5390.0,5393.5,1000.0
25/11/2025 13:50,5393.5,5393.5,5392.0,5392.0,1000.0
25/11/2025 13:55,5392.0,5394.0,5391.5,5393.0,1000.0
25/11/2025 14:00,5393.5,5395.0,5380.0,5391.0,1000.0
25/11/2025 14:05,5391.0,5395.0,5389.0,5393.0,1000.0
25/11/2025 14:10,5393.5,5395.5,5391.5,5395.0,1000.0
25/11/2025 14:15,5394.5,5395.0,5390.0,5391.5,1000.0
25/11/2025 14:20,5391.5,5392.0,5385.0,5385.5,1000.0
25/11/2025 14:25,5385.5,5389.0,5384.0,5389.0,1000.0
25/11/2025 14:30,5389.0,5389.5,5384.5,5386.0,1000.0
25/11/2025 14:35,5386.5,5390.0,5386.0,5388.0,1000.0
25/11/2025 14:40,5388.0,5389.5,5385.5,5387.5,1000.0
25/11/2025 14:45,5387.5,5389.5,5386.0,5387.0,1000.0
25/11/2025 14:50,5387.5,5388.5,5386.5,5386.5,1000.0
25/11/2025 14:55,5386.5,5386.5,5383.0,5386.5,1000.0
25/11/2025 15:00,5386.5,5386.5,5383.5,5384.5,1000.0
25/11/2025 15:05,5384.0,5385.0,5380.0,5380.5,1000.0
25/11/2025 15:10,5380.5,5383.5,5378.0,5381.0,1000.0
25/11/2025 15:15,5381.0,5382.5,5380.5,5381.0,1000.0
25/11/2025 15:20,5381.0,5382.0,5379.5,5380.5,1000.0
25/11/2025 15:25,5380.5,5380.5,5378.5,5379.5,1000.0
25/11/2025 15:30,5379.5,5381.5,5379.0,5380.0,1000.0
25/11/2025 15:35,5379.5,5383.0,5379.0,5382.5,1000.0
25/11/2025 15:40,5382.0,5383.5,5379.5,5380.5,1000.0
25/11/2025 15:45,5380.5,5381.0,5379.0,5379.0,1000.0
25/11/2025 15:50,5379.5,5380.5,5378.0,5379.0,1000.0
25/11/2025 15:55,5379.0,5379.5,5377.5,5379.5,1000.0
25/11/2025 16:00,5379.5,5379.5,5375.5,5376.0,1000.0
25/11/2025 16:05,5376.5,5377.0,5374.5,5374.5,1000.0
25/11/2025 16:10,5374.5,5376.0,5374.0,5376.0,1000.0
25/11/2025 16:15,5376.0,5377.0,5375.5,5376.5,1000.0
25/11/2025 16:20,5376.5,5377.5,5376.0,5377.0,1000.0
25/11/2025 16:25,5377.0,5379.5,5377.0,5379.0,1000.0
25/11/2025 16:30,5378.5,5379.0,5377.5,5378.0,1000.0
25/11/2025 16:35,5377.5,5380.0,5377.5,5379.0,1000.0
25/11/2025 16:40,5379.0,5380.0,5378.0,5378.5,1000.0
25/11/2025 16:45,5378.5,5380.5,5378.5,5380.0,1000.0
25/11/2025 16:50,5380.5,5382.0,5379.5,5380.0,1000.0
25/11/2025 16:55,5380.5,5380.5,5377.5,5379.0,1000.0
25/11/2025 17:00,5379.0,5380.5,5378.5,5379.0,1000.0
25/11/2025 17:05,5379.0,5381.5,5377.5,5381.0,1000.0
25/11/2025 17:10,5381.5,5381.5,5380.0,5380.5,1000.0
25/11/2025 17:15,5380.5,5384.0,5380.5,5384.0,1000.0
25/11/2025 17:20,5383.5,5384.5,5382.5,5383.0,1000.0
25/11/2025 17:25,5383.0,5384.5,5382.5,5384.0,1000.0
25/11/2025 17:30,5383.5,5384.5,5382.0,5383.0,1000.0
25/11/2025 17:35,5383.0,5385.0,5383.0,5384.5,1000.0
25/11/2025 17:40,5384.5,5385.0,5384.0,5385.0,1000.0
25/11/2025 17:45,5384.5,5385.5,5384.0,5385.0,1000.0
25/11/2025 17:50,5385.0,5390.0,5384.0,5389.0,1000.0
25/11/2025 17:55,5389.0,5392.0,5387.5,5390.0,1000.0
25/11/2025 18:00,5389.5,5390.0,5385.0,5386.0,1000.0
25/11/2025 18:05,5385.5,5386.0,5382.5,5382.5,1000.0
25/11/2025 18:10,5382.5,5384.0,5382.5,5383.0,1000.0
25/11/2025 18:15,5383.5,5385.0,5382.5,5383.5,1000.0
25/11/2025 18:20,5383.5,5385.0,5382.0,5384.5,1000.0
25/11/2025 18:25,5384.5,5385.0,5383.0,5385.0,1000.0
26/01/2026 09:00,5289.0,5289.0,5275.0,5281.5,1000.0
26/01/2026 09:05,5282.0,5287.5,5281.0,5285.0,1000.0
26/01/2026 09:10,5284.5,5288.0,5284.0,5287.5,1000.0
26/01/2026 09:15,5287.0,5290.0,5284.0,5286.0,1000.0
26/01/2026 09:20,5286.0,5287.5,5284.5,5287.0,1000.0
26/01/2026 09:25,5287.0,5288.5,5285.0,5287.0,1000.0
26/01/2026 09:30,5287.0,5293.0,5287.0,5290.5,1000.0
26/01/2026 09:35,5290.5,5293.0,5290.5,5293.0,1000.0
26/01/2026 09:40,5293.0,5293.5,5289.5,5291.0,1000.0
26/01/2026 09:45,5290.5,5298.0,5289.5,5296.0,1000.0
26/01/2026 09:50,5296.0,5297.5,5293.5,5296.5,1000.0
26/01/2026 09:55,5296.5,5297.0,5289.5,5290.0,1000.0
26/01/2026 10:00,5290.5,5295.5,5290.0,5293.5,1000.0
26/01/2026 10:05,5294.0,5296.0,5292.0,5294.0,1000.0
26/01/2026 10:10,5294.0,5295.0,5290.0,5291.0,1000.0
26/01/2026 10:15,5291.0,5294.0,5289.0,5294.0,1000.0
26/01/2026 10:20,5293.5,5298.0,5290.0,5291.0,1000.0
26/01/2026 10:25,5291.0,5292.5,5290.0,5292.0,1000.0
26/01/2026 10:30,5292.0,5294.5,5289.0,5292.5,1000.0
26/01/2026 10:35,5292.5,5294.0,5291.5,5291.5,1000.0
26/01/2026 10:40,5291.5,5295.5,5287.5,5288.0,1000.0
26/01/2026 10:45,5288.0,5290.5,5288.0,5289.0,1000.0
26/01/2026 10:50,5289.0,5290.0,5287.5,5289.5,1000.0
26/01/2026 10:55,5289.5,5291.0,5287.0,5290.0,1000.0
26/01/2026 11:00,5290.0,5293.0,5289.0,5291.5,1000.0
26/01/2026 11:05,5291.5,5291.5,5285.5,5287.5,1000.0
26/01/2026 11:10,5287.5,5288.0,5280.0,5285.0,1000.0
26/01/2026 11:15,5285.0,5285.5,5279.0,5281.5,1000.0
26/01/2026 11:20,5282.0,5283.5,5278.0,5280.0,1000.0
26/01/2026 11:25,5280.0,5282.5,5277.0,5280.0,1000.0
26/01/2026 11:30,5280.5,5284.0,5277.5,5283.5,1000.0
26/01/2026 11:35,5283.0,5287.5,5283.0,5286.0,1000.0
26/01/2026 11:40,5285.5,5287.5,5279.0,5281.5,1000.0
26/01/2026 11:45,5281.5,5283.5,5277.0,5278.5,1000.0
26/01/2026 11:50,5278.5,5282.0,5277.5,5280.5,1000.0
26/01/2026 11:55,5280.5,5281.5,5275.0,5277.0,1000.0
26/01/2026 12:00,5277.0,5278.0,5274.0,5276.0,1000.0
26/01/2026 12:05,5276.0,5277.5,5274.0,5276.0,1000.0
26/01/2026 12:10,5275.5,5283.0,5275.5,5282.0,1000.0
26/01/2026 12:15,5282.0,5285.0,5281.0,5283.0,1000.0
26/01/2026 12:20,5283.5,5284.5,5278.5,5279.5,1000.0
26/01/2026 12:25,5279.5,5280.0,5276.5,5278.5,1000.0
26/01/2026 12:30,5278.5,5282.0,5278.0,5280.0,1000.0
26/01/2026 12:35,5280.0,5280.0,5274.5,5274.5,1000.0
26/01/2026 12:40,5275.0,5278.5,5274.5,5276.5,1000.0
26/01/2026 12:45,5276.0,5278.0,5273.5,5274.5,1000.0
26/01/2026 12:50,5275.0,5276.0,5270.0,5270.5,1000.0
26/01/2026 12:55,5270.0,5271.5,5268.0,5269.5,1000.0
26/01/2026 13:00,5269.5,5272.0,5268.5,5272.0,1000.0
26/01/2026 13:05,5272.0,5276.0,5271.5,5275.0,1000.0
26/01/2026 13:10,5275.0,5277.5,5274.5,5277.0,1000.0
26/01/2026 13:15,5277.0,5277.0,5274.0,5276.5,1000.0
26/01/2026 13:20,5276.5,5277.5,5276.0,5276.5,1000.0
26/01/2026 13:25,5277.0,5278.5,5274.0,5276.5,1000.0
26/01/2026 13:30,5277.0,5277.5,5275.5,5276.5,1000.0
26/01/2026 13:35,5276.5,5281.0,5276.0,5278.5,1000.0
26/01/2026 13:40,5278.5,5281.5,5277.0,5281.5,1000.0
26/01/2026 13:45,5281.5,5282.5,5279.0,5282.0,1000.0
26/01/2026 13:50,5282.0,5282.0,5280.0,5280.5,1000.0
26/01/2026 13:55,5281.0,5281.5,5279.0,5281.5,1000.0
26/01/2026 14:00,5281.5,5281.5,5279.0,5280.5,1000.0
26/01/2026 14:05,5280.5,5282.0,5279.5,5282.0,1000.0
26/01/2026 14:10,5281.5,5283.0,5278.0,5278.5,1000.0
26/01/2026 14:15,5278.5,5280.0,5278.5,5279.5,1000.0
26/01/2026 14:20,5279.5,5281.0,5279.5,5280.5,1000.0
26/01/2026 14:25,5280.5,5281.0,5279.0,5280.5,1000.0
26/01/2026 14:30,5280.5,5284.0,5277.5,5277.5,1000.0
26/01/2026 14:35,5278.0,5278.0,5276.0,5277.5,1000.0
26/01/2026 14:40,5277.0,5279.5,5277.0,5277.5,1000.0
26/01/2026 14:45,5278.0,5278.5,5274.0,5275.5,1000.0
26/01/2026 14:50,5275.5,5277.5,5274.5,5277.5,1000.0
26/01/2026 14:55,5277.0,5278.0,5275.5,5277.0,1000.0
26/01/2026 15:00,5277.5,5278.0,5275.5,5277.0,1000.0
26/01/2026 15:05,5277.0,5278.5,5274.5,5276.5,1000.0
26/01/2026 15:10,5276.0,5277.0,5274.0,5276.5,1000.0
26/01/2026 15:15,5276.5,5278.5,5276.0,5278.5,1000.0
26/01/2026 15:20,5278.5,5278.5,5276.0,5276.5,1000.0
26/01/2026 15:25,5277.0,5280.0,5276.5,5279.0,1000.0
26/01/2026 15:30,5279.0,5282.5,5279.0,5282.0,1000.0
26/01/2026 15:35,5282.0,5283.5,5281.5,5283.0,1000.0
26/01/2026 15:40,5283.0,5284.0,5280.0,5282.5,1000.0
26/01/2026 15:45,5283.0,5283.5,5281.0,5282.5,1000.0
26/01/2026 15:50,5282.5,5284.0,5281.5,5283.5,1000.0
26/01/2026 15:55,5283.5,5284.0,5282.5,5283.5,1000.0
26/01/2026 16:00,5284.0,5290.0,5283.5,5288.0,1000.0
26/01/2026 16:05,5288.5,5290.0,5287.5,5288.5,1000.0
26/01/2026 16:10,5288.0,5289.5,5288.0,5289.0,1000.0
26/01/2026 16:15,5288.5,5292.0,5288.5,5292.0,1000.0
26/01/2026 16:20,5291.5,5293.0,5290.0,5290.5,1000.0
26/01/2026 16:25,5290.5,5291.0,5287.5,5288.0,1000.0
26/01/2026 16:30,5288.0,5290.5,5288.0,5289.0,1000.0
26/01/2026 16:35,5289.0,5291.5,5288.0,5289.0,1000.0
26/01/2026 16:40,5288.5,5290.5,5288.0,5288.5,1000.0
26/01/2026 16:45,5288.0,5289.0,5288.0,5288.0,1000.0
26/01/2026 16:50,5288.0,5291.0,5288.0,5290.5,1000.0
26/01/2026 16:55,5290.0,5290.5,5287.0,5287.0,1000.0
26/01/2026 17:00,5287.5,5288.5,5287.0,5288.0,1000.0
26/01/2026 17:05,5288.0,5288.0,5285.5,5286.5,1000.0
26/01/2026 17:10,5286.0,5287.0,5285.0,5286.0,1000.0
26/01/2026 17:15,5286.0,5288.0,5285.5,5287.0,1000.0
26/01/2026 17:20,5287.0,5288.0,5286.0,5286.5,1000.0
26/01/2026 17:25,5286.5,5286.5,5285.5,5286.0,1000.0
26/01/2026 17:30,5286.0,5286.0,5283.5,5284.0,1000.0
26/01/2026 17:35,5284.0,5284.5,5282.5,5283.5,1000.0
26/01/2026 17:40,5283.5,5283.5,5282.0,5283.0,1000.0
26/01/2026 17:45,5283.5,5286.5,5283.0,5286.0,1000.0
26/01/2026 17:50,5285.5,5289.5,5285.0,5289.0,1000.0
26/01/2026 17:55,5289.5,5292.5,5287.5,5291.0,1000.0
26/01/2026 18:00,5290.5,5292.5,5290.0,5290.0,1000.0
26/01/2026 18:05,5290.5,5290.5,5288.5,5289.0,1000.0
26/01/2026 18:10,5289.0,5292.0,5287.5,5291.5,1000.0
26/01/2026 18:15,5291.5,5294.5,5291.0,5293.0,1000.0
26/01/2026 18:20,5293.5,5294.0,5287.5,5288.0,1000.0
26/01/2026 18:25,5288.5,5289.5,5287.5,5289.5,1000.0
26/02/2026 09:00,5133.0,5135.0,5130.5,5133.5,1000.0
26/02/2026 09:05,5133.0,5135.0,5132.5,5134.0,1000.0
26/02/2026 09:10,5134.0,5134.5,5129.0,5130.0,1000.0
26/02/2026 09:15,5130.0,5132.0,5129.0,5132.0,1000.0
26/02/2026 09:20,5132.0,5136.0,5129.5,5135.0,1000.0
26/02/2026 09:25,5135.0,5136.5,5132.5,5134.0,1000.0
26/02/2026 09:30,5134.0,5138.0,5133.0,5137.0,1000.0
26/02/2026 09:35,5137.5,5141.5,5137.0,5139.0,1000.0
26/02/2026 09:40,5139.0,5143.0,5137.5,5143.0,1000.0
26/02/2026 09:45,5142.5,5144.5,5140.5,5141.0,1000.0
26/02/2026 09:50,5141.5,5143.5,5138.0,5138.5,1000.0
26/02/2026 09:55,5139.0,5139.0,5129.5,5130.5,1000.0
26/02/2026 10:00,5130.5,5130.5,5123.0,5129.5,1000.0
26/02/2026 10:05,5129.5,5130.0,5127.0,5127.5,1000.0
26/02/2026 10:10,5127.5,5132.5,5127.5,5130.5,1000.0
26/02/2026 10:15,5130.0,5136.5,5129.0,5133.5,1000.0
26/02/2026 10:20,5133.5,5135.0,5132.0,5134.5,1000.0
26/02/2026 10:25,5134.5,5136.0,5133.0,5136.0,1000.0
26/02/2026 10:30,5136.0,5137.5,5134.0,5135.0,1000.0
26/02/2026 10:35,5135.0,5137.5,5134.0,5134.0,1000.0
26/02/2026 10:40,5134.5,5138.0,5134.5,5137.0,1000.0
26/02/2026 10:45,5137.5,5137.5,5131.5,5134.0,1000.0
26/02/2026 10:50,5134.0,5135.0,5131.0,5132.0,1000.0
26/02/2026 10:55,5131.5,5138.0,5131.5,5135.0,1000.0
26/02/2026 11:00,5135.5,5139.0,5135.5,5138.0,1000.0
26/02/2026 11:05,5138.5,5143.0,5137.5,5141.0,1000.0
26/02/2026 11:10,5141.0,5141.0,5135.0,5137.5,1000.0
26/02/2026 11:15,5137.0,5140.0,5136.5,5138.5,1000.0
26/02/2026 11:20,5138.5,5139.5,5134.5,5139.5,1000.0
26/02/2026 11:25,5139.0,5143.5,5138.0,5143.5,1000.0
26/02/2026 11:30,5143.5,5150.5,5142.5,5144.0,1000.0
26/02/2026 11:35,5144.0,5146.0,5141.0,5145.5,1000.0
26/02/2026 11:40,5146.0,5150.5,5144.5,5148.5,1000.0
26/02/2026 11:45,5148.5,5154.0,5147.0,5150.5,1000.0
26/02/2026 11:50,5151.0,5155.0,5150.5,5152.5,1000.0
26/02/2026 11:55,5152.5,5152.5,5147.0,5147.0,1000.0
26/02/2026 12:00,5147.5,5151.5,5141.0,5143.0,1000.0
26/02/2026 12:05,5143.5,5148.5,5142.5,5147.0,1000.0
26/02/2026 12:10,5147.0,5153.0,5145.0,5151.5,1000.0
26/02/2026 12:15,5152.0,5159.5,5151.0,5155.5,1000.0
26/02/2026 12:20,5156.0,5161.5,5155.0,5161.0,1000.0
26/02/2026 12:25,5161.0,5163.0,5154.5,5154.5,1000.0
26/02/2026 12:30,5155.0,5157.0,5152.0,5154.0,1000.0
26/02/2026 12:35,5154.0,5154.5,5147.5,5149.0,1000.0
26/02/2026 12:40,5149.5,5152.0,5147.0,5149.0,1000.0
26/02/2026 12:45,5149.0,5152.0,5147.5,5150.0,1000.0
26/02/2026 12:50,5150.5,5151.5,5147.0,5148.5,1000.0
26/02/2026 12:55,5148.0,5153.0,5143.0,5144.5,1000.0
26/02/2026 13:00,5145.0,5146.5,5142.5,5143.5,1000.0
26/02/2026 13:05,5143.5,5149.5,5143.5,5149.5,1000.0
26/02/2026 13:10,5149.5,5152.0,5148.5,5151.0,1000.0
26/02/2026 13:15,5150.5,5151.0,5149.0,5150.0,1000.0
26/02/2026 13:20,5150.0,5150.5,5145.0,5145.0,1000.0
26/02/2026 13:25,5145.0,5147.5,5144.5,5145.5,1000.0
26/02/2026 13:30,5146.0,5147.0,5144.0,5146.0,1000.0
26/02/2026 13:35,5146.0,5152.5,5144.5,5152.0,1000.0
26/02/2026 13:40,5152.0,5156.0,5151.0,5155.5,1000.0
26/02/2026 13:45,5155.5,5158.5,5153.5,5153.5,1000.0
26/02/2026 13:50,5153.5,5155.0,5152.0,5152.5,1000.0
26/02/2026 13:55,5152.5,5156.0,5152.0,5155.0,1000.0
26/02/2026 14:00,5155.5,5156.5,5154.0,5155.0,1000.0
26/02/2026 14:05,5155.0,5159.0,5155.0,5158.5,1000.0
26/02/2026 14:10,5158.0,5160.5,5156.0,5160.5,1000.0
26/02/2026 14:15,5160.0,5161.5,5159.0,5160.0,1000.0
26/02/2026 14:20,5160.0,5166.5,5159.5,5164.5,1000.0
26/02/2026 14:25,5164.5,5168.5,5163.5,5166.5,1000.0
26/02/2026 14:30,5166.5,5167.5,5158.5,5161.0,1000.0
26/02/2026 14:35,5161.0,5163.0,5159.0,5161.0,1000.0
26/02/2026 14:40,5161.0,5162.5,5160.0,5161.5,1000.0
26/02/2026 14:45,5162.0,5164.5,5161.5,5163.5,1000.0
26/02/2026 14:50,5163.5,5164.5,5161.0,5162.0,1000.0
26/02/2026 14:55,5161.5,5163.0,5161.0,5162.0,1000.0
26/02/2026 15:00,5161.5,5161.5,5158.5,5160.0,1000.0
26/02/2026 15:05,5160.0,5160.5,5157.5,5159.5,1000.0
26/02/2026 15:10,5159.0,5159.5,5153.0,5153.0,1000.0
26/02/2026 15:15,5153.5,5154.5,5150.5,5153.0,1000.0
26/02/2026 15:20,5153.0,5153.0,5149.5,5151.0,1000.0
26/02/2026 15:25,5151.0,5151.5,5149.5,5151.0,1000.0
26/02/2026 15:30,5150.5,5151.0,5144.5,5145.0,1000.0
26/02/2026 15:35,5145.0,5147.0,5143.5,5144.5,1000.0
26/02/2026 15:40,5144.0,5145.5,5142.5,5143.5,1000.0
26/02/2026 15:45,5144.0,5144.5,5141.0,5144.0,1000.0
26/02/2026 15:50,5144.0,5144.5,5141.5,5143.0,1000.0
26/02/2026 15:55,5143.0,5144.0,5142.0,5142.5,1000.0
26/02/2026 16:00,5142.5,5144.0,5142.0,5143.5,1000.0
26/02/2026 16:05,5144.0,5146.0,5143.0,5145.0,1000.0
26/02/2026 16:10,5145.0,5145.5,5142.5,5144.0,1000.0
26/02/2026 16:15,5144.0,5144.5,5143.0,5143.5,1000.0
26/02/2026 16:20,5143.0,5145.0,5142.5,5144.5,1000.0
26/02/2026 16:25,5144.0,5146.5,5144.0,5145.5,1000.0
26/02/2026 16:30,5145.5,5146.5,5144.5,5144.5,1000.0
26/02/2026 16:35,5145.0,5146.0,5143.5,5145.5,1000.0
26/02/2026 16:40,5145.5,5146.0,5144.0,5145.0,1000.0
26/02/2026 16:45,5144.5,5147.0,5144.0,5144.0,1000.0
26/02/2026 16:50,5144.0,5145.0,5144.0,5144.0,1000.0
26/02/2026 16:55,5144.0,5144.5,5141.0,5141.0,1000.0
26/02/2026 17:00,5141.5,5142.0,5140.0,5140.5,1000.0
26/02/2026 17:05,5140.5,5141.0,5137.0,5138.5,1000.0
26/02/2026 17:10,5138.0,5139.0,5136.5,5138.0,1000.0
26/02/2026 17:15,5137.5,5138.5,5136.5,5137.5,1000.0
26/02/2026 17:20,5137.0,5138.5,5136.5,5138.5,1000.0
26/02/2026 17:25,5138.0,5138.5,5137.0,5138.0,1000.0
26/02/2026 17:30,5138.5,5139.0,5137.5,5138.0,1000.0
26/02/2026 17:35,5138.5,5139.0,5137.0,5137.0,1000.0
26/02/2026 17:40,5137.5,5138.0,5136.0,5137.0,1000.0
26/02/2026 17:45,5137.0,5138.5,5136.5,5138.5,1000.0
26/02/2026 17:50,5138.5,5141.5,5137.0,5140.0,1000.0
26/02/2026 17:55,5140.5,5142.0,5138.0,5140.0,1000.0
26/02/2026 18:00,5140.5,5141.0,5139.5,5140.0,1000.0
26/02/2026 18:05,5140.5,5140.5,5138.5,5139.5,1000.0
26/02/2026 18:10,5140.0,5140.0,5138.5,5140.0,1000.0
26/02/2026 18:15,5139.5,5142.0,5138.0,5140.5,1000.0
26/02/2026 18:20,5141.0,5143.0,5139.5,5143.0,1000.0
26/02/2026 18:25,5142.5,5144.0,5137.0,5139.0,1000.0
26/03/2026 09:00,5256.5,5269.0,5256.0,5257.5,1000.0
26/03/2026 09:05,5257.0,5258.0,5248.0,5251.5,1000.0
26/03/2026 09:10,5251.0,5255.5,5248.0,5253.5,1000.0
26/03/2026 09:15,5253.5,5263.0,5252.0,5261.5,1000.0
26/03/2026 09:20,5261.0,5263.0,5251.5,5262.0,1000.0
26/03/2026 09:25,5262.0,5264.0,5257.5,5259.5,1000.0
26/03/2026 09:30,5259.0,5263.5,5258.0,5261.5,1000.0
26/03/2026 09:35,5261.0,5263.0,5255.0,5257.0,1000.0
26/03/2026 09:40,5257.0,5262.0,5251.0,5253.5,1000.0
26/03/2026 09:45,5254.0,5259.0,5249.5,5256.0,1000.0
26/03/2026 09:50,5255.5,5256.5,5247.0,5252.0,1000.0
26/03/2026 09:55,5252.0,5253.5,5242.0,5243.5,1000.0
26/03/2026 10:00,5243.5,5245.5,5240.0,5244.5,1000.0
26/03/2026 10:05,5244.5,5245.5,5239.5,5242.0,1000.0
26/03/2026 10:10,5241.5,5245.5,5241.0,5241.5,1000.0
26/03/2026 10:15,5241.5,5242.0,5236.0,5238.0,1000.0
26/03/2026 10:20,5237.5,5241.0,5237.0,5240.5,1000.0
26/03/2026 10:25,5240.0,5241.0,5236.0,5236.5,1000.0
26/03/2026 10:30,5236.5,5243.5,5234.0,5237.0,1000.0
26/03/2026 10:35,5237.0,5241.0,5233.5,5237.0,1000.0
26/03/2026 10:40,5237.0,5240.5,5226.0,5227.5,1000.0
26/03/2026 10:45,5227.5,5232.5,5225.0,5231.0,1000.0
26/03/2026 10:50,5231.0,5233.5,5225.0,5227.5,1000.0
26/03/2026 10:55,5227.0,5233.0,5225.0,5225.5,1000.0
26/03/2026 11:00,5226.0,5230.0,5223.5,5228.0,1000.0
26/03/2026 11:05,5228.0,5233.5,5226.5,5232.0,1000.0
26/03/2026 11:10,5232.0,5239.5,5231.5,5233.0,1000.0
26/03/2026 11:15,5233.0,5235.5,5227.0,5230.0,1000.0
26/03/2026 11:20,5230.0,5232.0,5228.5,5232.0,1000.0
26/03/2026 11:25,5231.5,5234.5,5229.5,5232.5,1000.0
26/03/2026 11:30,5232.0,5232.5,5227.0,5228.0,1000.0
26/03/2026 11:35,5227.5,5234.5,5227.5,5232.5,1000.0
26/03/2026 11:40,5233.0,5241.5,5227.5,5239.5,1000.0
26/03/2026 11:45,5239.0,5241.5,5234.5,5236.0,1000.0
26/03/2026 11:50,5236.0,5242.0,5233.0,5241.5,1000.0
26/03/2026 11:55,5241.5,5244.0,5236.5,5238.0,1000.0
26/03/2026 12:00,5238.0,5240.0,5234.5,5238.0,1000.0
26/03/2026 12:05,5238.5,5238.5,5234.0,5238.5,1000.0
26/03/2026 12:10,5238.0,5238.5,5233.0,5236.5,1000.0
26/03/2026 12:15,5236.5,5243.0,5235.5,5239.5,1000.0
26/03/2026 12:20,5239.5,5241.0,5234.5,5236.5,1000.0
26/03/2026 12:25,5236.5,5238.0,5234.0,5238.0,1000.0
26/03/2026 12:30,5237.5,5239.5,5236.0,5237.0,1000.0
26/03/2026 12:35,5237.0,5240.0,5236.5,5238.5,1000.0
26/03/2026 12:40,5238.0,5241.0,5237.0,5239.0,1000.0
26/03/2026 12:45,5238.5,5240.0,5234.5,5237.0,1000.0
26/03/2026 12:50,5237.5,5238.5,5235.5,5237.5,1000.0
26/03/2026 12:55,5237.0,5238.5,5234.5,5235.0,1000.0
26/03/2026 13:00,5235.0,5237.0,5234.0,5234.5,1000.0
26/03/2026 13:05,5234.5,5239.5,5234.0,5237.5,1000.0
26/03/2026 13:10,5237.0,5240.0,5234.5,5236.0,1000.0
26/03/2026 13:15,5235.5,5243.0,5235.5,5239.5,1000.0
26/03/2026 13:20,5239.5,5245.0,5239.5,5242.0,1000.0
26/03/2026 13:25,5242.0,5244.5,5241.5,5243.5,1000.0
26/03/2026 13:30,5243.5,5247.5,5243.0,5246.0,1000.0
26/03/2026 13:35,5246.5,5251.0,5246.0,5250.5,1000.0
26/03/2026 13:40,5250.5,5252.5,5248.0,5250.5,1000.0
26/03/2026 13:45,5250.5,5254.5,5249.5,5251.0,1000.0
26/03/2026 13:50,5251.5,5252.5,5247.5,5248.0,1000.0
26/03/2026 13:55,5247.5,5252.5,5247.5,5252.0,1000.0
26/03/2026 14:00,5252.0,5253.0,5248.5,5250.5,1000.0
26/03/2026 14:05,5250.5,5251.0,5247.0,5248.5,1000.0
26/03/2026 14:10,5249.0,5250.5,5245.5,5246.5,1000.0
26/03/2026 14:15,5246.5,5249.5,5245.5,5246.5,1000.0
26/03/2026 14:20,5246.0,5251.5,5246.0,5251.0,1000.0
26/03/2026 14:25,5251.5,5253.0,5249.5,5249.5,1000.0
26/03/2026 14:30,5250.0,5251.0,5247.0,5248.0,1000.0
26/03/2026 14:35,5248.0,5251.5,5247.0,5251.0,1000.0
26/03/2026 14:40,5251.0,5253.0,5250.0,5252.0,1000.0
26/03/2026 14:45,5252.0,5256.0,5250.0,5256.0,1000.0
26/03/2026 14:50,5256.0,5258.5,5254.0,5256.0,1000.0
26/03/2026 14:55,5256.0,5258.5,5254.0,5255.0,1000.0
26/03/2026 15:00,5255.5,5255.5,5250.5,5252.0,1000.0
26/03/2026 15:05,5252.5,5254.0,5251.0,5251.5,1000.0
26/03/2026 15:10,5251.0,5252.0,5248.5,5248.5,1000.0
26/03/2026 15:15,5248.5,5250.0,5243.0,5246.5,1000.0
26/03/2026 15:20,5246.5,5249.0,5245.5,5248.0,1000.0
26/03/2026 15:25,5248.5,5249.0,5245.5,5246.0,1000.0
26/03/2026 15:30,5246.0,5247.0,5243.0,5245.0,1000.0
26/03/2026 15:35,5245.0,5246.0,5241.5,5241.5,1000.0
26/03/2026 15:40,5241.5,5245.0,5241.0,5243.5,1000.0
26/03/2026 15:45,5243.5,5244.0,5241.5,5242.5,1000.0
26/03/2026 15:50,5242.5,5243.5,5239.0,5239.5,1000.0
26/03/2026 15:55,5239.5,5242.0,5238.5,5241.0,1000.0
26/03/2026 16:00,5241.0,5245.5,5240.5,5244.5,1000.0
26/03/2026 16:05,5244.5,5247.5,5243.5,5245.0,1000.0
26/03/2026 16:10,5245.0,5250.5,5244.5,5250.0,1000.0
26/03/2026 16:15,5250.0,5250.0,5245.0,5246.0,1000.0
26/03/2026 16:20,5246.0,5247.0,5243.5,5245.5,1000.0
26/03/2026 16:25,5245.0,5255.0,5245.0,5250.0,1000.0
26/03/2026 16:30,5250.0,5255.0,5249.5,5252.0,1000.0
26/03/2026 16:35,5252.5,5253.0,5249.0,5252.0,1000.0
26/03/2026 16:40,5252.0,5258.0,5251.5,5255.5,1000.0
26/03/2026 16:45,5255.5,5258.0,5254.5,5257.5,1000.0
26/03/2026 16:50,5257.0,5259.5,5255.5,5259.0,1000.0
26/03/2026 16:55,5259.0,5261.5,5257.0,5261.5,1000.0
26/03/2026 17:00,5261.0,5262.0,5259.0,5260.5,1000.0
26/03/2026 17:05,5260.5,5265.5,5260.0,5265.0,1000.0
26/03/2026 17:10,5265.5,5265.5,5227.5,5243.5,1000.0
26/03/2026 17:15,5244.0,5250.0,5240.5,5246.5,1000.0
26/03/2026 17:20,5246.5,5251.0,5244.5,5249.5,1000.0
26/03/2026 17:25,5249.0,5253.5,5247.5,5251.0,1000.0
26/03/2026 17:30,5251.0,5253.5,5248.0,5253.0,1000.0
26/03/2026 17:35,5252.5,5252.5,5242.5,5246.5,1000.0
26/03/2026 17:40,5246.0,5248.0,5243.5,5246.0,1000.0
26/03/2026 17:45,5246.0,5247.0,5245.0,5246.5,1000.0
26/03/2026 17:50,5246.0,5248.0,5246.0,5247.5,1000.0
26/03/2026 17:55,5247.0,5249.0,5242.5,5245.5,1000.0
26/03/2026 18:00,5245.5,5246.0,5244.0,5244.5,1000.0
26/03/2026 18:05,5244.5,5244.5,5242.5,5243.0,1000.0
26/03/2026 18:10,5243.5,5244.0,5241.5,5243.5,1000.0
26/03/2026 18:15,5243.5,5244.0,5240.5,5241.0,1000.0
26/03/2026 18:20,5241.0,5243.0,5240.5,5242.5,1000.0
26/03/2026 18:25,5242.0,5244.0,5240.5,5242.0,1000.0
26/11/2025 09:00,5385.0,5386.0,5376.0,5383.5,1000.0
26/11/2025 09:05,5383.5,5385.0,5380.0,5384.0,1000.0
26/11/2025 09:10,5384.0,5385.0,5378.5,5380.0,1000.0
26/11/2025 09:15,5380.0,5384.5,5378.0,5383.0,1000.0
26/11/2025 09:20,5382.5,5384.0,5380.0,5382.5,1000.0
26/11/2025 09:25,5382.5,5383.0,5378.5,5379.0,1000.0
26/11/2025 09:30,5379.0,5381.5,5378.5,5380.5,1000.0
26/11/2025 09:35,5380.5,5390.0,5380.0,5388.0,1000.0
26/11/2025 09:40,5388.0,5392.5,5386.5,5389.5,1000.0
26/11/2025 09:45,5390.0,5391.0,5386.5,5388.0,1000.0
26/11/2025 09:50,5388.5,5389.5,5386.5,5387.0,1000.0
26/11/2025 09:55,5387.5,5388.0,5385.0,5386.0,1000.0
26/11/2025 10:00,5386.0,5386.0,5377.0,5379.0,1000.0
26/11/2025 10:05,5378.5,5380.0,5375.0,5379.0,1000.0
26/11/2025 10:10,5379.0,5382.0,5377.5,5380.5,1000.0
26/11/2025 10:15,5380.5,5381.5,5378.0,5379.0,1000.0
26/11/2025 10:20,5379.5,5380.0,5377.0,5380.0,1000.0
26/11/2025 10:25,5380.0,5380.0,5374.0,5375.0,1000.0
26/11/2025 10:30,5375.5,5381.5,5375.5,5380.0,1000.0
26/11/2025 10:35,5380.0,5383.5,5379.0,5379.0,1000.0
26/11/2025 10:40,5379.0,5382.5,5374.5,5381.0,1000.0
26/11/2025 10:45,5380.5,5384.0,5380.0,5380.5,1000.0
26/11/2025 10:50,5380.5,5382.0,5376.5,5378.5,1000.0
26/11/2025 10:55,5378.5,5384.0,5378.5,5381.5,1000.0
26/11/2025 11:00,5381.5,5384.0,5380.0,5380.0,1000.0
26/11/2025 11:05,5380.5,5384.0,5380.0,5384.0,1000.0
26/11/2025 11:10,5383.5,5384.5,5382.0,5383.0,1000.0
26/11/2025 11:15,5383.0,5384.5,5380.0,5381.0,1000.0
26/11/2025 11:20,5380.5,5382.5,5380.0,5382.5,1000.0
26/11/2025 11:25,5382.0,5382.5,5379.0,5380.5,1000.0
26/11/2025 11:30,5380.5,5381.5,5371.5,5373.0,1000.0
26/11/2025 11:35,5372.5,5378.5,5372.0,5374.5,1000.0
26/11/2025 11:40,5375.0,5378.0,5374.5,5375.5,1000.0
26/11/2025 11:45,5376.0,5376.0,5373.0,5374.0,1000.0
26/11/2025 11:50,5373.5,5377.0,5373.0,5375.0,1000.0
26/11/2025 11:55,5374.5,5375.5,5373.0,5375.0,1000.0
26/11/2025 12:00,5374.5,5376.5,5371.5,5372.5,1000.0
26/11/2025 12:05,5372.5,5373.0,5370.0,5371.0,1000.0
26/11/2025 12:10,5371.5,5372.5,5369.5,5370.5,1000.0
26/11/2025 12:15,5370.5,5371.0,5367.0,5367.5,1000.0
26/11/2025 12:20,5367.0,5370.5,5366.5,5370.0,1000.0
26/11/2025 12:25,5369.5,5370.5,5366.5,5368.0,1000.0
26/11/2025 12:30,5368.0,5368.0,5365.0,5366.0,1000.0
26/11/2025 12:35,5366.0,5366.0,5363.0,5364.0,1000.0
26/11/2025 12:40,5364.0,5365.0,5362.5,5362.5,1000.0
26/11/2025 12:45,5362.5,5363.5,5356.5,5357.5,1000.0
26/11/2025 12:50,5357.5,5359.0,5354.0,5356.0,1000.0
26/11/2025 12:55,5356.0,5357.5,5354.0,5355.5,1000.0
26/11/2025 13:00,5356.0,5356.5,5348.0,5349.5,1000.0
26/11/2025 13:05,5349.5,5353.5,5348.0,5353.0,1000.0
26/11/2025 13:10,5352.5,5353.5,5348.5,5349.5,1000.0
26/11/2025 13:15,5350.0,5350.5,5347.5,5350.0,1000.0
26/11/2025 13:20,5350.5,5352.0,5349.5,5350.5,1000.0
26/11/2025 13:25,5351.0,5353.5,5349.0,5351.5,1000.0
26/11/2025 13:30,5351.5,5353.0,5350.0,5350.0,1000.0
26/11/2025 13:35,5350.0,5353.5,5350.0,5351.0,1000.0
26/11/2025 13:40,5351.5,5352.5,5350.5,5352.0,1000.0
26/11/2025 13:45,5352.0,5352.5,5349.0,5351.0,1000.0
26/11/2025 13:50,5351.0,5353.0,5350.5,5350.5,1000.0
26/11/2025 13:55,5351.0,5353.0,5350.5,5352.0,1000.0
26/11/2025 14:00,5351.5,5352.0,5349.5,5349.5,1000.0
26/11/2025 14:05,5349.5,5350.0,5345.5,5346.5,1000.0
26/11/2025 14:10,5346.5,5348.5,5346.0,5347.0,1000.0
26/11/2025 14:15,5347.5,5347.5,5343.5,5346.0,1000.0
26/11/2025 14:20,5346.0,5347.5,5344.5,5345.5,1000.0
26/11/2025 14:25,5345.5,5348.5,5344.5,5345.0,1000.0
26/11/2025 14:30,5345.5,5345.5,5342.0,5343.5,1000.0
26/11/2025 14:35,5344.0,5345.0,5341.5,5341.5,1000.0
26/11/2025 14:40,5341.5,5344.0,5340.5,5344.0,1000.0
26/11/2025 14:45,5344.0,5344.5,5342.5,5343.0,1000.0
26/11/2025 14:50,5343.5,5343.5,5342.0,5343.0,1000.0
26/11/2025 14:55,5343.0,5343.5,5341.5,5343.5,1000.0
26/11/2025 15:00,5343.0,5343.5,5340.5,5341.5,1000.0
26/11/2025 15:05,5341.5,5346.0,5341.0,5346.0,1000.0
26/11/2025 15:10,5346.0,5346.0,5341.0,5341.5,1000.0
26/11/2025 15:15,5341.0,5343.0,5341.0,5341.5,1000.0
26/11/2025 15:20,5341.5,5343.0,5340.5,5341.0,1000.0
26/11/2025 15:25,5341.0,5341.5,5338.0,5338.5,1000.0
26/11/2025 15:30,5338.5,5341.5,5338.0,5341.5,1000.0
26/11/2025 15:35,5341.5,5342.5,5340.5,5341.5,1000.0
26/11/2025 15:40,5341.0,5343.0,5340.5,5343.0,1000.0
26/11/2025 15:45,5343.0,5343.5,5341.5,5342.5,1000.0
26/11/2025 15:50,5342.0,5342.5,5340.0,5340.0,1000.0
26/11/2025 15:55,5340.0,5341.0,5338.5,5339.0,1000.0
26/11/2025 16:00,5339.5,5340.5,5338.5,5339.0,1000.0
26/11/2025 16:05,5339.5,5340.5,5338.5,5340.0,1000.0
26/11/2025 16:10,5340.0,5340.5,5339.5,5339.5,1000.0
26/11/2025 16:15,5339.5,5340.5,5339.0,5339.5,1000.0
26/11/2025 16:20,5339.5,5340.0,5338.5,5339.0,1000.0
26/11/2025 16:25,5339.0,5339.5,5337.0,5337.0,1000.0
26/11/2025 16:30,5337.5,5339.0,5337.0,5338.0,1000.0
26/11/2025 16:35,5338.0,5339.0,5336.5,5337.0,1000.0
26/11/2025 16:40,5337.0,5338.0,5336.0,5336.0,1000.0
26/11/2025 16:45,5336.5,5337.0,5335.0,5335.0,1000.0
26/11/2025 16:50,5335.0,5335.5,5334.0,5335.0,1000.0
26/11/2025 16:55,5334.5,5335.5,5333.5,5335.5,1000.0
26/11/2025 17:00,5335.0,5337.5,5335.0,5336.0,1000.0
26/11/2025 17:05,5336.0,5340.5,5335.5,5337.5,1000.0
26/11/2025 17:10,5338.0,5339.0,5337.0,5337.5,1000.0
26/11/2025 17:15,5338.0,5338.5,5337.5,5337.5,1000.0
26/11/2025 17:20,5337.5,5338.0,5336.5,5336.5,1000.0
26/11/2025 17:25,5336.5,5338.0,5336.0,5338.0,1000.0
26/11/2025 17:30,5337.5,5338.5,5337.0,5337.5,1000.0
26/11/2025 17:35,5337.0,5338.0,5336.5,5337.0,1000.0
26/11/2025 17:40,5337.0,5338.0,5336.0,5337.0,1000.0
26/11/2025 17:45,5336.5,5338.5,5336.0,5338.0,1000.0
26/11/2025 17:50,5338.5,5338.5,5337.0,5337.5,1000.0
26/11/2025 17:55,5337.5,5337.5,5334.0,5334.0,1000.0
26/11/2025 18:00,5334.0,5335.0,5332.0,5332.0,1000.0
26/11/2025 18:05,5332.0,5333.0,5331.5,5333.0,1000.0
26/11/2025 18:10,5332.5,5335.0,5332.0,5334.5,1000.0
26/11/2025 18:15,5335.0,5336.5,5333.5,5336.0,1000.0
26/11/2025 18:20,5336.0,5337.0,5334.5,5335.5,1000.0
26/11/2025 18:25,5335.5,5336.0,5331.5,5335.5,1000.0
26/12/2025 09:00,5550.0,5562.0,5543.0,5552.0,1000.0
26/12/2025 09:05,5552.0,5554.0,5548.0,5553.5,1000.0
26/12/2025 09:10,5553.0,5558.5,5549.5,5558.0,1000.0
26/12/2025 09:15,5558.0,5561.5,5554.0,5561.5,1000.0
26/12/2025 09:20,5561.5,5567.5,5561.0,5563.0,1000.0
26/12/2025 09:25,5563.0,5568.5,5562.0,5567.5,1000.0
26/12/2025 09:30,5567.5,5570.0,5565.5,5566.0,1000.0
26/12/2025 09:35,5566.0,5567.5,5562.0,5562.0,1000.0
26/12/2025 09:40,5562.0,5566.0,5560.0,5561.0,1000.0
26/12/2025 09:45,5561.0,5562.5,5557.0,5560.5,1000.0
26/12/2025 09:50,5561.0,5562.5,5559.5,5561.5,1000.0
26/12/2025 09:55,5561.5,5564.5,5555.0,5558.0,1000.0
26/12/2025 10:00,5557.5,5559.0,5552.5,5554.0,1000.0
26/12/2025 10:05,5554.0,5556.5,5553.0,5556.0,1000.0
26/12/2025 10:10,5556.0,5560.0,5555.0,5558.5,1000.0
26/12/2025 10:15,5558.5,5565.5,5556.5,5565.0,1000.0
26/12/2025 10:20,5565.5,5566.0,5560.5,5562.0,1000.0
26/12/2025 10:25,5562.0,5562.0,5555.5,5558.5,1000.0
26/12/2025 10:30,5558.5,5559.0,5553.5,5554.5,1000.0
26/12/2025 10:35,5555.0,5558.0,5553.5,5557.5,1000.0
26/12/2025 10:40,5557.0,5559.5,5556.0,5558.0,1000.0
26/12/2025 10:45,5558.0,5559.0,5554.0,5556.5,1000.0
26/12/2025 10:50,5557.0,5562.0,5553.5,5559.5,1000.0
26/12/2025 10:55,5559.5,5559.5,5554.0,5555.5,1000.0
26/12/2025 11:00,5555.5,5555.5,5547.5,5548.5,1000.0
26/12/2025 11:05,5548.0,5550.0,5544.5,5549.5,1000.0
26/12/2025 11:10,5550.0,5550.5,5543.5,5545.5,1000.0
26/12/2025 11:15,5545.0,5547.0,5543.0,5544.5,1000.0
26/12/2025 11:20,5544.0,5548.0,5543.5,5547.0,1000.0
26/12/2025 11:25,5546.5,5547.5,5543.0,5545.0,1000.0
26/12/2025 11:30,5545.0,5548.5,5543.0,5545.5,1000.0
26/12/2025 11:35,5546.0,5547.5,5543.0,5545.5,1000.0
26/12/2025 11:40,5546.0,5547.0,5544.5,5546.0,1000.0
26/12/2025 11:45,5546.5,5546.5,5541.5,5542.5,1000.0
26/12/2025 11:50,5542.5,5547.5,5541.0,5547.5,1000.0
26/12/2025 11:55,5547.5,5548.5,5542.5,5542.5,1000.0
26/12/2025 12:00,5542.5,5543.0,5538.0,5540.0,1000.0
26/12/2025 12:05,5540.0,5541.0,5526.0,5527.0,1000.0
26/12/2025 12:10,5527.0,5528.5,5523.0,5525.0,1000.0
26/12/2025 12:15,5525.0,5529.0,5524.0,5528.0,1000.0
26/12/2025 12:20,5527.5,5532.0,5527.5,5532.0,1000.0
26/12/2025 12:25,5532.0,5535.0,5530.0,5530.5,1000.0
26/12/2025 12:30,5530.0,5532.5,5528.5,5530.5,1000.0
26/12/2025 12:35,5530.5,5532.5,5528.5,5530.5,1000.0
26/12/2025 12:40,5530.0,5535.5,5530.0,5530.5,1000.0
26/12/2025 12:45,5531.0,5533.0,5529.5,5531.5,1000.0
26/12/2025 12:50,5531.0,5539.5,5531.0,5538.5,1000.0
26/12/2025 12:55,5539.0,5540.0,5537.5,5538.0,1000.0
26/12/2025 13:00,5538.0,5542.5,5536.5,5538.0,1000.0
26/12/2025 13:05,5538.0,5541.0,5537.0,5538.5,1000.0
26/12/2025 13:10,5538.5,5541.0,5537.5,5541.0,1000.0
26/12/2025 13:15,5541.0,5543.0,5540.5,5541.0,1000.0
26/12/2025 13:20,5541.0,5542.0,5540.0,5542.0,1000.0
26/12/2025 13:25,5542.0,5543.5,5539.0,5540.5,1000.0
26/12/2025 13:30,5540.0,5542.5,5540.0,5541.5,1000.0
26/12/2025 13:35,5542.0,5542.0,5540.5,5541.5,1000.0
26/12/2025 13:40,5541.5,5543.0,5540.5,5543.0,1000.0
26/12/2025 13:45,5543.0,5543.0,5538.5,5538.5,1000.0
26/12/2025 13:50,5538.5,5541.5,5538.5,5540.5,1000.0
26/12/2025 13:55,5540.5,5542.0,5539.5,5541.5,1000.0
26/12/2025 14:00,5542.0,5542.0,5538.5,5538.5,1000.0
26/12/2025 14:05,5538.5,5539.5,5533.5,5533.5,1000.0
26/12/2025 14:10,5534.0,5535.0,5532.0,5534.0,1000.0
26/12/2025 14:15,5534.0,5534.0,5532.0,5534.0,1000.0
26/12/2025 14:20,5533.5,5535.0,5529.5,5530.0,1000.0
26/12/2025 14:25,5529.5,5531.5,5528.0,5530.5,1000.0
26/12/2025 14:30,5530.5,5535.5,5530.0,5534.0,1000.0
26/12/2025 14:35,5533.5,5537.0,5533.0,5533.5,1000.0
26/12/2025 14:40,5533.5,5537.0,5533.0,5536.0,1000.0
26/12/2025 14:45,5536.5,5539.5,5535.0,5538.0,1000.0
26/12/2025 14:50,5538.0,5549.0,5538.0,5545.0,1000.0
26/12/2025 14:55,5545.0,5545.0,5540.5,5543.5,1000.0
26/12/2025 15:00,5543.0,5547.5,5542.0,5546.0,1000.0
26/12/2025 15:05,5546.5,5548.5,5546.0,5547.0,1000.0
26/12/2025 15:10,5546.5,5548.0,5545.0,5546.0,1000.0
26/12/2025 15:15,5546.0,5549.5,5545.5,5548.5,1000.0
26/12/2025 15:20,5548.5,5550.0,5547.5,5548.5,1000.0
26/12/2025 15:25,5549.0,5549.5,5547.5,5549.0,1000.0
26/12/2025 15:30,5549.0,5550.0,5548.0,5549.0,1000.0
26/12/2025 15:35,5549.0,5550.0,5547.5,5548.0,1000.0
26/12/2025 15:40,5548.0,5549.0,5547.0,5547.5,1000.0
26/12/2025 15:45,5547.5,5549.5,5547.5,5549.5,1000.0
26/12/2025 15:50,5549.5,5550.0,5547.0,5547.0,1000.0
26/12/2025 15:55,5547.0,5547.5,5545.5,5546.5,1000.0
26/12/2025 16:00,5546.0,5548.5,5545.5,5546.5,1000.0
26/12/2025 16:05,5546.5,5548.5,5545.5,5548.5,1000.0
26/12/2025 16:10,5548.0,5549.5,5547.0,5547.0,1000.0
26/12/2025 16:15,5547.0,5548.0,5546.0,5547.0,1000.0
26/12/2025 16:20,5546.5,5548.0,5546.0,5547.5,1000.0
26/12/2025 16:25,5548.0,5549.0,5547.0,5548.0,1000.0
26/12/2025 16:30,5547.5,5548.0,5545.0,5547.5,1000.0
26/12/2025 16:35,5547.5,5552.5,5547.5,5551.5,1000.0
26/12/2025 16:40,5551.5,5552.5,5547.5,5548.0,1000.0
26/12/2025 16:45,5548.0,5549.5,5548.0,5548.5,1000.0
26/12/2025 16:50,5549.0,5549.5,5548.0,5549.0,1000.0
26/12/2025 16:55,5548.5,5549.5,5546.5,5547.0,1000.0
26/12/2025 17:00,5547.0,5549.0,5546.5,5548.5,1000.0
26/12/2025 17:05,5548.5,5549.5,5548.0,5549.0,1000.0
26/12/2025 17:10,5549.5,5550.5,5547.0,5550.5,1000.0
26/12/2025 17:15,5550.5,5550.5,5547.5,5548.5,1000.0
26/12/2025 17:20,5548.5,5550.0,5548.0,5548.5,1000.0
26/12/2025 17:25,5549.0,5549.5,5547.5,5548.0,1000.0
26/12/2025 17:30,5548.0,5549.5,5547.0,5547.0,1000.0
26/12/2025 17:35,5547.0,5547.5,5545.0,5545.0,1000.0
26/12/2025 17:40,5545.0,5546.0,5545.0,5545.5,1000.0
26/12/2025 17:45,5545.5,5545.5,5544.5,5544.5,1000.0
26/12/2025 17:50,5545.0,5545.5,5543.5,5545.5,1000.0
26/12/2025 17:55,5545.5,5548.0,5544.5,5545.5,1000.0
26/12/2025 18:00,5546.0,5547.0,5542.5,5543.5,1000.0
26/12/2025 18:05,5543.0,5543.5,5540.5,5542.5,1000.0
26/12/2025 18:10,5542.0,5542.5,5540.0,5541.5,1000.0
26/12/2025 18:15,5541.5,5545.5,5541.0,5545.0,1000.0
26/12/2025 18:20,5544.5,5548.0,5544.5,5547.0,1000.0
26/12/2025 18:25,5546.0,5550.0,5545.5,5545.5,1000.0
27/01/2026 09:00,5282.0,5283.5,5276.0,5282.0,1000.0
27/01/2026 09:05,5281.5,5282.5,5276.5,5282.0,1000.0
27/01/2026 09:10,5282.5,5283.5,5278.0,5278.0,1000.0
27/01/2026 09:15,5278.5,5280.5,5277.0,5280.0,1000.0
27/01/2026 09:20,5280.0,5282.5,5278.0,5279.0,1000.0
27/01/2026 09:25,5279.5,5280.0,5273.0,5275.0,1000.0
27/01/2026 09:30,5275.5,5278.0,5273.0,5275.0,1000.0
27/01/2026 09:35,5274.5,5279.0,5273.5,5276.0,1000.0
27/01/2026 09:40,5275.5,5276.0,5265.5,5267.0,1000.0
27/01/2026 09:45,5267.5,5268.0,5261.5,5266.0,1000.0
27/01/2026 09:50,5266.0,5266.5,5261.0,5261.0,1000.0
27/01/2026 09:55,5261.5,5263.5,5260.0,5262.0,1000.0
27/01/2026 10:00,5262.0,5262.0,5256.5,5257.5,1000.0
27/01/2026 10:05,5257.0,5261.0,5256.0,5260.5,1000.0
27/01/2026 10:10,5260.5,5261.0,5258.0,5259.0,1000.0
27/01/2026 10:15,5259.5,5261.5,5258.0,5260.0,1000.0
27/01/2026 10:20,5259.5,5261.5,5258.5,5260.5,1000.0
27/01/2026 10:25,5260.0,5262.0,5258.5,5260.0,1000.0
27/01/2026 10:30,5260.0,5260.5,5257.0,5258.0,1000.0
27/01/2026 10:35,5258.5,5259.5,5256.5,5257.5,1000.0
27/01/2026 10:40,5257.5,5257.5,5252.0,5256.5,1000.0
27/01/2026 10:45,5256.5,5258.0,5252.0,5257.5,1000.0
27/01/2026 10:50,5257.0,5258.5,5255.5,5255.5,1000.0
27/01/2026 10:55,5255.5,5256.0,5250.0,5251.0,1000.0
27/01/2026 11:00,5251.5,5253.0,5248.5,5250.0,1000.0
27/01/2026 11:05,5249.5,5253.0,5249.5,5250.5,1000.0
27/01/2026 11:10,5251.0,5254.5,5250.5,5254.0,1000.0
27/01/2026 11:15,5254.0,5257.5,5251.0,5255.5,1000.0
27/01/2026 11:20,5256.0,5257.5,5255.0,5256.0,1000.0
27/01/2026 11:25,5256.0,5256.5,5251.5,5256.0,1000.0
27/01/2026 11:30,5255.5,5257.0,5254.0,5255.0,1000.0
27/01/2026 11:35,5255.0,5256.0,5253.0,5255.5,1000.0
27/01/2026 11:40,5256.0,5257.0,5251.0,5255.5,1000.0
27/01/2026 11:45,5255.5,5256.0,5254.0,5255.0,1000.0
27/01/2026 11:50,5255.0,5255.5,5251.0,5254.0,1000.0
27/01/2026 11:55,5253.5,5254.5,5251.5,5252.0,1000.0
27/01/2026 12:00,5252.0,5253.0,5250.5,5252.5,1000.0
27/01/2026 12:05,5252.5,5252.5,5247.0,5247.5,1000.0
27/01/2026 12:10,5248.0,5249.0,5238.5,5239.0,1000.0
27/01/2026 12:15,5239.0,5240.0,5231.0,5231.0,1000.0
27/01/2026 12:20,5231.0,5233.5,5227.5,5228.5,1000.0
27/01/2026 12:25,5228.0,5231.5,5225.0,5228.0,1000.0
27/01/2026 12:30,5228.0,5229.5,5227.0,5228.0,1000.0
27/01/2026 12:35,5228.5,5233.5,5227.0,5231.5,1000.0
27/01/2026 12:40,5231.5,5235.5,5231.0,5233.0,1000.0
27/01/2026 12:45,5232.5,5235.5,5232.5,5234.0,1000.0
27/01/2026 12:50,5233.5,5234.0,5230.0,5231.0,1000.0
27/01/2026 12:55,5231.5,5232.0,5223.0,5223.5,1000.0
27/01/2026 13:00,5223.5,5225.5,5217.0,5219.0,1000.0
27/01/2026 13:05,5219.0,5221.0,5216.5,5220.5,1000.0
27/01/2026 13:10,5220.5,5225.5,5219.5,5223.0,1000.0
27/01/2026 13:15,5223.0,5224.5,5221.5,5223.5,1000.0
27/01/2026 13:20,5223.5,5225.0,5219.5,5225.0,1000.0
27/01/2026 13:25,5225.5,5226.0,5221.5,5224.5,1000.0
27/01/2026 13:30,5224.0,5228.0,5223.0,5225.5,1000.0
27/01/2026 13:35,5225.5,5226.0,5219.0,5220.0,1000.0
27/01/2026 13:40,5220.0,5220.0,5212.0,5218.0,1000.0
27/01/2026 13:45,5218.0,5220.0,5217.0,5218.5,1000.0
27/01/2026 13:50,5219.0,5223.5,5219.0,5221.0,1000.0
27/01/2026 13:55,5221.0,5221.5,5218.5,5218.5,1000.0
27/01/2026 14:00,5219.0,5221.0,5217.5,5218.5,1000.0
27/01/2026 14:05,5218.5,5223.0,5217.5,5222.5,1000.0
27/01/2026 14:10,5222.5,5225.0,5222.0,5223.0,1000.0
27/01/2026 14:15,5223.0,5225.0,5222.5,5223.0,1000.0
27/01/2026 14:20,5222.5,5224.0,5221.5,5223.5,1000.0
27/01/2026 14:25,5223.0,5224.5,5220.5,5223.0,1000.0
27/01/2026 14:30,5223.0,5223.5,5222.0,5223.5,1000.0
27/01/2026 14:35,5223.0,5227.0,5223.0,5224.5,1000.0
27/01/2026 14:40,5224.5,5224.5,5220.0,5220.5,1000.0
27/01/2026 14:45,5220.0,5222.0,5216.0,5218.5,1000.0
27/01/2026 14:50,5218.5,5219.5,5215.0,5218.0,1000.0
27/01/2026 14:55,5217.5,5218.0,5214.5,5216.5,1000.0
27/01/2026 15:00,5216.5,5219.0,5214.5,5216.0,1000.0
27/01/2026 15:05,5216.0,5218.5,5215.5,5216.5,1000.0
27/01/2026 15:10,5217.0,5219.5,5215.5,5219.0,1000.0
27/01/2026 15:15,5219.5,5220.5,5215.0,5219.0,1000.0
27/01/2026 15:20,5218.5,5219.0,5215.0,5216.0,1000.0
27/01/2026 15:25,5216.0,5218.0,5215.5,5217.0,1000.0
27/01/2026 15:30,5216.5,5218.0,5215.0,5217.0,1000.0
27/01/2026 15:35,5217.5,5219.0,5215.5,5217.5,1000.0
27/01/2026 15:40,5217.5,5218.5,5215.5,5216.5,1000.0
27/01/2026 15:45,5216.5,5218.5,5215.0,5216.5,1000.0
27/01/2026 15:50,5216.5,5217.5,5214.0,5214.5,1000.0
27/01/2026 15:55,5214.5,5215.5,5208.5,5210.0,1000.0
27/01/2026 16:00,5210.0,5213.0,5209.5,5211.0,1000.0
27/01/2026 16:05,5211.0,5212.0,5208.0,5209.5,1000.0
27/01/2026 16:10,5209.0,5209.5,5205.0,5207.0,1000.0
27/01/2026 16:15,5207.0,5212.0,5202.5,5211.0,1000.0
27/01/2026 16:20,5211.0,5212.0,5208.5,5209.0,1000.0
27/01/2026 16:25,5209.0,5211.5,5208.5,5210.5,1000.0
27/01/2026 16:30,5210.5,5210.5,5207.5,5207.5,1000.0
27/01/2026 16:35,5207.0,5207.5,5205.0,5207.5,1000.0
27/01/2026 16:40,5207.0,5207.5,5204.5,5206.0,1000.0
27/01/2026 16:45,5206.5,5209.0,5206.0,5208.5,1000.0
27/01/2026 16:50,5208.5,5210.0,5208.0,5209.0,1000.0
27/01/2026 16:55,5209.5,5213.5,5208.0,5212.5,1000.0
27/01/2026 17:00,5212.5,5213.0,5209.0,5210.0,1000.0
27/01/2026 17:05,5209.5,5211.0,5209.0,5210.0,1000.0
27/01/2026 17:10,5210.5,5211.0,5208.5,5209.5,1000.0
27/01/2026 17:15,5209.5,5209.5,5207.5,5209.0,1000.0
27/01/2026 17:20,5209.0,5209.5,5207.5,5208.0,1000.0
27/01/2026 17:25,5208.0,5210.0,5203.5,5204.5,1000.0
27/01/2026 17:30,5204.5,5207.5,5204.0,5205.0,1000.0
27/01/2026 17:35,5205.0,5205.0,5200.0,5202.0,1000.0
27/01/2026 17:40,5202.0,5208.5,5196.5,5197.5,1000.0
27/01/2026 17:45,5198.0,5199.0,5184.5,5193.5,1000.0
27/01/2026 17:50,5193.5,5194.5,5182.0,5186.0,1000.0
27/01/2026 17:55,5186.0,5194.5,5184.5,5194.0,1000.0
27/01/2026 18:00,5194.0,5195.0,5191.0,5191.5,1000.0
27/01/2026 18:05,5191.0,5195.5,5190.0,5193.0,1000.0
27/01/2026 18:10,5193.0,5195.5,5189.0,5189.5,1000.0
27/01/2026 18:15,5190.0,5194.0,5188.0,5190.0,1000.0
27/01/2026 18:20,5190.0,5191.0,5180.0,5187.0,1000.0
27/01/2026 18:25,5186.5,5187.5,5181.5,5183.5,1000.0
27/02/2026 09:00,5180.5,5192.0,5176.0,5190.5,1000.0
27/02/2026 09:05,5190.5,5193.5,5185.5,5191.5,1000.0
27/02/2026 09:10,5191.5,5195.0,5185.0,5186.0,1000.0
27/02/2026 09:15,5186.0,5189.5,5183.0,5187.5,1000.0
27/02/2026 09:20,5187.5,5190.0,5183.0,5188.0,1000.0
27/02/2026 09:25,5187.5,5194.5,5186.0,5187.0,1000.0
27/02/2026 09:30,5187.0,5189.0,5186.5,5187.5,1000.0
27/02/2026 09:35,5187.5,5191.5,5185.5,5191.5,1000.0
27/02/2026 09:40,5191.5,5198.0,5190.0,5197.5,1000.0
27/02/2026 09:45,5197.5,5199.5,5195.0,5197.5,1000.0
27/02/2026 09:50,5197.0,5199.5,5190.5,5194.0,1000.0
27/02/2026 09:55,5194.0,5199.0,5188.0,5191.5,1000.0
27/02/2026 10:00,5191.0,5195.0,5184.5,5193.5,1000.0
27/02/2026 10:05,5193.0,5199.5,5192.5,5197.5,1000.0
27/02/2026 10:10,5197.0,5200.5,5193.5,5199.0,1000.0
27/02/2026 10:15,5199.5,5200.5,5198.0,5199.0,1000.0
27/02/2026 10:20,5199.0,5210.0,5198.0,5206.0,1000.0
27/02/2026 10:25,5206.0,5207.0,5204.0,5204.5,1000.0
27/02/2026 10:30,5205.0,5208.0,5201.5,5206.0,1000.0
27/02/2026 10:35,5206.0,5208.5,5203.5,5207.0,1000.0
27/02/2026 10:40,5207.0,5212.0,5204.5,5205.0,1000.0
27/02/2026 10:45,5205.0,5207.0,5202.0,5202.5,1000.0
27/02/2026 10:50,5202.5,5207.0,5201.0,5206.0,1000.0
27/02/2026 10:55,5206.5,5206.5,5201.5,5206.0,1000.0
27/02/2026 11:00,5206.0,5206.5,5203.0,5204.5,1000.0
27/02/2026 11:05,5204.0,5206.5,5202.0,5204.0,1000.0
27/02/2026 11:10,5204.0,5205.5,5195.0,5196.5,1000.0
27/02/2026 11:15,5196.0,5200.0,5195.5,5198.0,1000.0
27/02/2026 11:20,5198.0,5199.0,5193.5,5194.0,1000.0
27/02/2026 11:25,5194.0,5195.0,5188.5,5191.0,1000.0
27/02/2026 11:30,5190.5,5195.0,5185.5,5189.0,1000.0
27/02/2026 11:35,5189.0,5192.5,5185.5,5190.0,1000.0
27/02/2026 11:40,5190.0,5194.5,5190.0,5191.0,1000.0
27/02/2026 11:45,5190.5,5194.5,5190.0,5192.0,1000.0
27/02/2026 11:50,5192.0,5195.5,5191.0,5194.5,1000.0
27/02/2026 11:55,5195.0,5201.5,5193.5,5198.0,1000.0
27/02/2026 12:00,5198.0,5199.5,5194.0,5195.5,1000.0
27/02/2026 12:05,5195.5,5196.5,5186.0,5188.5,1000.0
27/02/2026 12:10,5188.5,5188.5,5181.5,5187.0,1000.0
27/02/2026 12:15,5186.5,5187.0,5182.0,5182.5,1000.0
27/02/2026 12:20,5183.0,5183.5,5180.5,5183.0,1000.0
27/02/2026 12:25,5182.5,5184.5,5181.5,5182.5,1000.0
27/02/2026 12:30,5182.0,5186.0,5181.5,5185.5,1000.0
27/02/2026 12:35,5185.5,5185.5,5179.0,5181.5,1000.0
27/02/2026 12:40,5181.0,5183.0,5176.0,5177.0,1000.0
27/02/2026 12:45,5176.5,5179.5,5175.5,5177.0,1000.0
27/02/2026 12:50,5177.0,5179.5,5171.5,5173.5,1000.0
27/02/2026 12:55,5173.5,5175.0,5166.0,5169.5,1000.0
27/02/2026 13:00,5169.5,5172.5,5168.5,5171.0,1000.0
27/02/2026 13:05,5170.5,5175.0,5170.5,5173.0,1000.0
27/02/2026 13:10,5173.0,5174.0,5164.0,5165.0,1000.0
27/02/2026 13:15,5164.5,5169.0,5164.5,5168.0,1000.0
27/02/2026 13:20,5168.0,5173.0,5168.0,5171.0,1000.0
27/02/2026 13:25,5171.0,5174.0,5170.5,5173.5,1000.0
27/02/2026 13:30,5173.5,5174.5,5172.0,5172.0,1000.0
27/02/2026 13:35,5172.5,5175.5,5172.0,5175.5,1000.0
27/02/2026 13:40,5175.5,5176.5,5173.5,5175.0,1000.0
27/02/2026 13:45,5175.0,5178.0,5173.0,5177.5,1000.0
27/02/2026 13:50,5178.0,5179.0,5175.5,5178.0,1000.0
27/02/2026 13:55,5177.5,5179.5,5177.0,5179.0,1000.0
27/02/2026 14:00,5178.5,5179.0,5175.5,5177.5,1000.0
27/02/2026 14:05,5177.5,5177.5,5175.0,5176.5,1000.0
27/02/2026 14:10,5177.0,5180.5,5176.0,5179.0,1000.0
27/02/2026 14:15,5179.0,5180.5,5178.5,5179.5,1000.0
27/02/2026 14:20,5179.5,5183.5,5179.0,5180.5,1000.0
27/02/2026 14:25,5180.5,5182.5,5180.0,5181.5,1000.0
27/02/2026 14:30,5182.0,5183.0,5177.5,5178.5,1000.0
27/02/2026 14:35,5178.5,5180.0,5176.5,5178.5,1000.0
27/02/2026 14:40,5179.0,5180.0,5178.0,5178.5,1000.0
27/02/2026 14:45,5178.5,5182.5,5178.0,5180.5,1000.0
27/02/2026 14:50,5180.0,5181.5,5178.5,5179.5,1000.0
27/02/2026 14:55,5179.5,5180.5,5178.0,5178.5,1000.0
27/02/2026 15:00,5178.5,5179.5,5177.5,5179.5,1000.0
27/02/2026 15:05,5179.5,5180.5,5178.5,5179.0,1000.0
27/02/2026 15:10,5179.0,5181.0,5178.5,5180.5,1000.0
27/02/2026 15:15,5180.5,5186.0,5180.0,5184.5,1000.0
27/02/2026 15:20,5184.0,5186.0,5183.5,5183.5,1000.0
27/02/2026 15:25,5183.5,5185.5,5182.5,5183.0,1000.0
27/02/2026 15:30,5183.0,5184.0,5181.5,5182.0,1000.0
27/02/2026 15:35,5182.5,5183.5,5181.0,5181.5,1000.0
27/02/2026 15:40,5181.5,5182.5,5179.5,5181.5,1000.0
27/02/2026 15:45,5181.0,5184.5,5181.0,5183.5,1000.0
27/02/2026 15:50,5183.5,5183.5,5180.0,5180.5,1000.0
27/02/2026 15:55,5180.0,5180.5,5176.0,5178.0,1000.0
27/02/2026 16:00,5177.5,5180.0,5177.0,5178.5,1000.0
27/02/2026 16:05,5179.0,5180.5,5176.0,5178.0,1000.0
27/02/2026 16:10,5178.0,5180.0,5175.5,5178.0,1000.0
27/02/2026 16:15,5177.5,5178.5,5175.5,5176.5,1000.0
27/02/2026 16:20,5176.5,5177.0,5175.0,5177.0,1000.0
27/02/2026 16:25,5176.5,5178.0,5176.0,5178.0,1000.0
27/02/2026 16:30,5178.0,5179.0,5177.0,5178.0,1000.0
27/02/2026 16:35,5178.0,5178.5,5177.5,5178.0,1000.0
27/02/2026 16:40,5177.5,5180.0,5177.5,5178.5,1000.0
27/02/2026 16:45,5178.5,5179.5,5178.0,5179.0,1000.0
27/02/2026 16:50,5178.5,5179.5,5177.5,5178.5,1000.0
27/02/2026 16:55,5179.0,5179.5,5175.5,5175.5,1000.0
27/02/2026 17:00,5175.5,5176.0,5173.0,5175.0,1000.0
27/02/2026 17:05,5174.5,5176.0,5174.0,5174.5,1000.0
27/02/2026 17:10,5175.0,5175.0,5171.5,5172.5,1000.0
27/02/2026 17:15,5172.5,5173.0,5170.0,5170.5,1000.0
27/02/2026 17:20,5170.5,5171.5,5168.5,5169.0,1000.0
27/02/2026 17:25,5168.5,5169.5,5165.5,5166.0,1000.0
27/02/2026 17:30,5165.5,5166.0,5157.0,5163.5,1000.0
27/02/2026 17:35,5163.0,5165.5,5163.0,5165.5,1000.0
27/02/2026 17:40,5165.5,5166.0,5164.5,5165.5,1000.0
27/02/2026 17:45,5165.5,5168.5,5165.0,5168.0,1000.0
27/02/2026 17:50,5168.0,5170.0,5167.0,5168.5,1000.0
27/02/2026 17:55,5168.5,5169.0,5167.0,5168.5,1000.0
27/02/2026 18:00,5168.5,5170.0,5168.0,5169.0,1000.0
27/02/2026 18:05,5169.0,5171.5,5168.0,5171.5,1000.0
27/02/2026 18:10,5171.5,5174.0,5170.5,5172.5,1000.0
27/02/2026 18:15,5172.5,5174.5,5171.5,5173.0,1000.0
27/02/2026 18:20,5173.5,5174.5,5170.0,5173.5,1000.0
27/02/2026 18:25,5173.5,5174.0,5169.5,5170.5,1000.0
27/03/2026 09:00,5269.0,5280.0,5262.0,5277.5,1000.0
27/03/2026 09:05,5277.5,5283.0,5275.0,5278.0,1000.0
27/03/2026 09:10,5278.0,5279.5,5267.5,5270.5,1000.0
27/03/2026 09:15,5270.5,5271.0,5264.5,5268.5,1000.0
27/03/2026 09:20,5268.5,5275.0,5267.5,5268.0,1000.0
27/03/2026 09:25,5268.5,5271.0,5264.0,5264.5,1000.0
27/03/2026 09:30,5264.5,5270.5,5263.5,5268.0,1000.0
27/03/2026 09:35,5268.0,5269.5,5264.0,5266.0,1000.0
27/03/2026 09:40,5266.0,5268.5,5260.0,5262.0,1000.0
27/03/2026 09:45,5262.0,5262.5,5253.5,5259.5,1000.0
27/03/2026 09:50,5259.5,5262.0,5257.0,5260.0,1000.0
27/03/2026 09:55,5260.5,5261.0,5249.0,5252.0,1000.0
27/03/2026 10:00,5252.0,5262.5,5251.5,5259.0,1000.0
27/03/2026 10:05,5259.0,5260.5,5253.5,5259.0,1000.0
27/03/2026 10:10,5258.5,5261.5,5255.5,5259.0,1000.0
27/03/2026 10:15,5259.0,5261.0,5252.5,5260.5,1000.0
27/03/2026 10:20,5260.5,5261.5,5256.0,5258.0,1000.0
27/03/2026 10:25,5258.0,5262.0,5255.0,5260.0,1000.0
27/03/2026 10:30,5260.0,5264.5,5255.0,5260.0,1000.0
27/03/2026 10:35,5260.0,5260.5,5249.0,5250.5,1000.0
27/03/2026 10:40,5251.0,5257.5,5248.0,5250.0,1000.0
27/03/2026 10:45,5250.0,5251.0,5235.5,5238.0,1000.0
27/03/2026 10:50,5237.5,5246.5,5237.0,5246.0,1000.0
27/03/2026 10:55,5246.0,5248.5,5244.0,5245.0,1000.0
27/03/2026 11:00,5245.0,5248.0,5242.5,5245.5,1000.0
27/03/2026 11:05,5246.0,5247.5,5240.0,5245.5,1000.0
27/03/2026 11:10,5245.5,5248.0,5242.0,5243.0,1000.0
27/03/2026 11:15,5243.0,5245.5,5238.5,5240.5,1000.0
27/03/2026 11:20,5240.0,5245.0,5239.0,5242.0,1000.0
27/03/2026 11:25,5241.5,5245.0,5239.5,5244.0,1000.0
27/03/2026 11:30,5243.5,5245.5,5241.0,5241.0,1000.0
27/03/2026 11:35,5241.0,5250.0,5241.0,5249.0,1000.0
27/03/2026 11:40,5248.5,5249.5,5245.5,5247.5,1000.0
27/03/2026 11:45,5247.0,5249.0,5239.5,5239.5,1000.0
27/03/2026 11:50,5239.5,5243.0,5237.0,5242.0,1000.0
27/03/2026 11:55,5242.5,5242.5,5233.0,5236.0,1000.0
27/03/2026 12:00,5235.5,5236.5,5224.0,5225.0,1000.0
27/03/2026 12:05,5225.0,5228.5,5220.0,5225.5,1000.0
27/03/2026 12:10,5225.0,5230.5,5224.0,5229.0,1000.0
27/03/2026 12:15,5229.0,5232.0,5227.5,5230.0,1000.0
27/03/2026 12:20,5230.5,5230.5,5220.5,5225.5,1000.0
27/03/2026 12:25,5225.5,5230.5,5224.0,5227.5,1000.0
27/03/2026 12:30,5227.0,5227.5,5222.5,5226.0,1000.0
27/03/2026 12:35,5226.0,5229.0,5224.5,5228.5,1000.0
27/03/2026 12:40,5228.0,5232.0,5228.0,5231.5,1000.0
27/03/2026 12:45,5231.5,5234.5,5230.5,5233.5,1000.0
27/03/2026 12:50,5233.0,5236.0,5231.5,5233.0,1000.0
27/03/2026 12:55,5233.5,5236.0,5232.5,5234.5,1000.0
27/03/2026 13:00,5234.0,5236.0,5229.0,5231.0,1000.0
27/03/2026 13:05,5231.0,5233.0,5229.5,5231.0,1000.0
27/03/2026 13:10,5230.5,5238.5,5230.5,5237.5,1000.0
27/03/2026 13:15,5237.5,5242.0,5237.0,5240.5,1000.0
27/03/2026 13:20,5241.0,5241.5,5238.5,5241.0,1000.0
27/03/2026 13:25,5241.0,5241.5,5238.5,5239.0,1000.0
27/03/2026 13:30,5239.0,5243.5,5237.0,5242.5,1000.0
27/03/2026 13:35,5243.0,5247.0,5241.5,5245.0,1000.0
27/03/2026 13:40,5245.5,5247.5,5241.0,5241.5,1000.0
27/03/2026 13:45,5241.5,5243.5,5235.5,5237.5,1000.0
27/03/2026 13:50,5237.5,5238.5,5235.5,5238.0,1000.0
27/03/2026 13:55,5238.0,5240.0,5236.5,5240.0,1000.0
27/03/2026 14:00,5240.0,5247.5,5239.5,5247.0,1000.0
27/03/2026 14:05,5247.0,5250.5,5238.5,5247.0,1000.0
27/03/2026 14:10,5247.5,5249.5,5246.0,5247.0,1000.0
27/03/2026 14:15,5246.5,5250.5,5245.5,5250.5,1000.0
27/03/2026 14:20,5250.5,5252.5,5250.0,5252.5,1000.0
27/03/2026 14:25,5252.0,5256.0,5251.5,5254.0,1000.0
27/03/2026 14:30,5254.0,5255.0,5247.5,5249.0,1000.0
27/03/2026 14:35,5248.5,5249.5,5244.5,5245.0,1000.0
27/03/2026 14:40,5245.5,5249.0,5243.5,5247.5,1000.0
27/03/2026 14:45,5247.5,5248.5,5243.5,5245.5,1000.0
27/03/2026 14:50,5245.5,5248.0,5243.5,5246.5,1000.0
27/03/2026 14:55,5246.5,5250.5,5246.0,5250.0,1000.0
27/03/2026 15:00,5249.5,5252.0,5248.5,5251.5,1000.0
27/03/2026 15:05,5251.5,5253.5,5249.5,5250.5,1000.0
27/03/2026 15:10,5250.5,5255.0,5250.5,5254.0,1000.0
27/03/2026 15:15,5253.5,5255.5,5247.0,5247.5,1000.0
27/03/2026 15:20,5247.5,5250.0,5245.5,5249.0,1000.0
27/03/2026 15:25,5249.0,5251.0,5247.0,5249.0,1000.0
27/03/2026 15:30,5249.0,5250.5,5247.0,5247.5,1000.0
27/03/2026 15:35,5247.5,5249.0,5243.5,5245.0,1000.0
27/03/2026 15:40,5245.0,5246.0,5239.0,5241.0,1000.0
27/03/2026 15:45,5241.0,5244.0,5239.0,5244.0,1000.0
27/03/2026 15:50,5243.5,5248.0,5241.5,5247.0,1000.0
27/03/2026 15:55,5246.5,5247.5,5244.0,5247.0,1000.0
27/03/2026 16:00,5247.0,5248.0,5244.0,5247.0,1000.0
27/03/2026 16:05,5247.0,5249.0,5246.0,5248.0,1000.0
27/03/2026 16:10,5248.0,5250.0,5245.0,5246.5,1000.0
27/03/2026 16:15,5247.0,5247.0,5241.0,5242.0,1000.0
27/03/2026 16:20,5242.0,5243.5,5241.5,5243.0,1000.0
27/03/2026 16:25,5243.5,5246.0,5242.5,5245.0,1000.0
27/03/2026 16:30,5245.0,5246.0,5243.5,5243.5,1000.0
27/03/2026 16:35,5243.5,5245.5,5243.5,5245.0,1000.0
27/03/2026 16:40,5245.0,5249.5,5245.0,5247.0,1000.0
27/03/2026 16:45,5247.5,5249.5,5246.0,5248.5,1000.0
27/03/2026 16:50,5248.5,5251.0,5246.0,5246.0,1000.0
27/03/2026 16:55,5246.0,5247.0,5239.0,5240.5,1000.0
27/03/2026 17:00,5240.5,5244.5,5235.5,5241.0,1000.0
27/03/2026 17:05,5241.0,5244.5,5239.5,5239.5,1000.0
27/03/2026 17:10,5239.5,5243.0,5239.0,5241.0,1000.0
27/03/2026 17:15,5241.0,5245.0,5240.0,5243.5,1000.0
27/03/2026 17:20,5243.0,5245.0,5239.5,5241.0,1000.0
27/03/2026 17:25,5241.5,5242.5,5240.5,5242.0,1000.0
27/03/2026 17:30,5241.5,5245.0,5241.0,5243.0,1000.0
27/03/2026 17:35,5243.0,5246.5,5242.0,5246.5,1000.0
27/03/2026 17:40,5246.0,5246.5,5242.5,5244.0,1000.0
27/03/2026 17:45,5243.5,5244.5,5241.0,5241.0,1000.0
27/03/2026 17:50,5241.5,5243.0,5240.0,5243.0,1000.0
27/03/2026 17:55,5243.0,5244.0,5240.5,5241.0,1000.0
27/03/2026 18:00,5241.5,5242.5,5239.5,5240.0,1000.0
27/03/2026 18:05,5240.5,5244.0,5240.0,5243.0,1000.0
27/03/2026 18:10,5242.5,5244.0,5242.0,5243.0,1000.0
27/03/2026 18:15,5242.5,5244.0,5242.5,5242.5,1000.0
27/03/2026 18:20,5242.5,5245.0,5242.0,5244.0,1000.0
27/03/2026 18:25,5243.5,5245.0,5240.0,5241.5,1000.0
27/10/2025 09:00,5372.5,5375.5,5368.0,5371.5,1000.0
27/10/2025 09:05,5371.5,5378.0,5371.0,5377.5,1000.0
27/10/2025 09:10,5378.0,5379.0,5373.5,5375.0,1000.0
27/10/2025 09:15,5375.5,5384.0,5375.0,5380.0,1000.0
27/10/2025 09:20,5380.5,5381.5,5377.5,5379.5,1000.0
27/10/2025 09:25,5379.5,5381.5,5379.0,5381.0,1000.0
27/10/2025 09:30,5381.5,5384.5,5380.5,5383.5,1000.0
27/10/2025 09:35,5383.0,5384.0,5379.5,5381.0,1000.0
27/10/2025 09:40,5380.5,5383.5,5379.5,5381.5,1000.0
27/10/2025 09:45,5381.5,5383.0,5377.5,5378.0,1000.0
27/10/2025 09:50,5378.5,5380.5,5377.0,5378.0,1000.0
27/10/2025 09:55,5377.5,5378.0,5370.0,5370.5,1000.0
27/10/2025 10:00,5371.0,5380.0,5370.0,5376.0,1000.0
27/10/2025 10:05,5376.5,5378.5,5374.5,5375.5,1000.0
27/10/2025 10:10,5375.0,5375.5,5372.5,5373.0,1000.0
27/10/2025 10:15,5373.0,5377.0,5371.0,5377.0,1000.0
27/10/2025 10:20,5377.0,5380.0,5376.0,5378.0,1000.0
27/10/2025 10:25,5377.5,5378.5,5374.5,5376.5,1000.0
27/10/2025 10:30,5376.0,5380.5,5375.5,5379.5,1000.0
27/10/2025 10:35,5379.5,5382.0,5378.0,5381.0,1000.0
27/10/2025 10:40,5381.5,5386.5,5381.0,5385.0,1000.0
27/10/2025 10:45,5385.5,5387.5,5384.0,5385.5,1000.0
27/10/2025 10:50,5385.5,5387.5,5382.5,5384.0,1000.0
27/10/2025 10:55,5384.5,5386.5,5383.0,5384.0,1000.0
27/10/2025 11:00,5383.5,5390.5,5383.5,5387.5,1000.0
27/10/2025 11:05,5387.5,5388.5,5384.0,5387.5,1000.0
27/10/2025 11:10,5387.5,5393.0,5387.5,5390.0,1000.0
27/10/2025 11:15,5389.5,5391.5,5388.5,5391.5,1000.0
27/10/2025 11:20,5391.5,5393.5,5390.5,5391.5,1000.0
27/10/2025 11:25,5391.5,5393.5,5388.0,5388.0,1000.0
27/10/2025 11:30,5388.5,5390.0,5385.5,5387.5,1000.0
27/10/2025 11:35,5387.5,5389.0,5386.5,5386.5,1000.0
27/10/2025 11:40,5386.5,5388.0,5385.5,5388.0,1000.0
27/10/2025 11:45,5387.5,5388.0,5386.5,5386.5,1000.0
27/10/2025 11:50,5387.0,5388.0,5385.5,5387.5,1000.0
27/10/2025 11:55,5387.5,5387.5,5385.0,5385.5,1000.0
27/10/2025 12:00,5385.5,5385.5,5380.5,5381.0,1000.0
27/10/2025 12:05,5380.5,5386.0,5378.5,5385.0,1000.0
27/10/2025 12:10,5385.0,5385.0,5379.5,5380.5,1000.0
27/10/2025 12:15,5380.0,5382.0,5379.5,5380.5,1000.0
27/10/2025 12:20,5381.0,5384.5,5380.5,5384.0,1000.0
27/10/2025 12:25,5383.5,5385.0,5382.5,5383.5,1000.0
27/10/2025 12:30,5383.0,5388.0,5382.5,5387.0,1000.0
27/10/2025 12:35,5387.0,5387.0,5383.5,5385.0,1000.0
27/10/2025 12:40,5385.5,5388.0,5384.5,5387.0,1000.0
27/10/2025 12:45,5387.0,5389.0,5387.0,5389.0,1000.0
27/10/2025 12:50,5389.0,5390.5,5385.5,5387.0,1000.0
27/10/2025 12:55,5387.0,5387.5,5384.0,5384.5,1000.0
27/10/2025 13:00,5385.0,5387.5,5384.0,5384.5,1000.0
27/10/2025 13:05,5384.5,5385.5,5382.5,5382.5,1000.0
27/10/2025 13:10,5383.0,5388.0,5382.0,5386.5,1000.0
27/10/2025 13:15,5386.0,5386.0,5382.5,5383.5,1000.0
27/10/2025 13:20,5384.0,5384.0,5382.0,5382.5,1000.0
27/10/2025 13:25,5382.5,5384.0,5382.0,5383.0,1000.0
27/10/2025 13:30,5383.0,5385.0,5381.0,5381.0,1000.0
27/10/2025 13:35,5381.5,5384.0,5381.0,5384.0,1000.0
27/10/2025 13:40,5383.5,5384.5,5382.0,5382.5,1000.0
27/10/2025 13:45,5383.0,5384.0,5382.0,5384.0,1000.0
27/10/2025 13:50,5384.0,5384.5,5381.5,5383.5,1000.0
27/10/2025 13:55,5383.5,5384.5,5383.5,5383.5,1000.0
27/10/2025 14:00,5383.5,5387.0,5383.5,5385.5,1000.0
27/10/2025 14:05,5386.0,5386.0,5383.0,5383.0,1000.0
27/10/2025 14:10,5383.0,5383.5,5381.5,5382.5,1000.0
27/10/2025 14:15,5382.5,5382.5,5381.0,5381.5,1000.0
27/10/2025 14:20,5381.5,5382.5,5381.0,5382.0,1000.0
27/10/2025 14:25,5381.5,5381.5,5379.0,5379.0,1000.0
27/10/2025 14:30,5379.5,5380.0,5377.5,5377.5,1000.0
27/10/2025 14:35,5377.5,5380.5,5377.5,5379.5,1000.0
27/10/2025 14:40,5379.5,5381.0,5378.0,5380.5,1000.0
27/10/2025 14:45,5380.0,5380.0,5377.0,5377.5,1000.0
27/10/2025 14:50,5378.0,5378.5,5376.0,5378.0,1000.0
27/10/2025 14:55,5378.0,5379.0,5377.0,5378.0,1000.0
27/10/2025 15:00,5378.0,5380.5,5378.0,5379.5,1000.0
27/10/2025 15:05,5379.5,5380.0,5378.5,5379.0,1000.0
27/10/2025 15:10,5379.0,5379.5,5378.0,5378.5,1000.0
27/10/2025 15:15,5378.5,5381.0,5378.0,5380.5,1000.0
27/10/2025 15:20,5381.0,5381.0,5378.5,5379.0,1000.0
27/10/2025 15:25,5379.0,5380.0,5378.0,5379.5,1000.0
27/10/2025 15:30,5379.5,5380.0,5378.5,5380.0,1000.0
27/10/2025 15:35,5380.0,5381.5,5379.5,5379.5,1000.0
27/10/2025 15:40,5379.5,5380.0,5377.5,5378.0,1000.0
27/10/2025 15:45,5378.5,5380.0,5376.5,5377.5,1000.0
27/10/2025 15:50,5378.0,5378.0,5376.5,5376.5,1000.0
27/10/2025 15:55,5377.0,5377.5,5375.5,5377.0,1000.0
27/10/2025 16:00,5377.0,5379.0,5377.0,5378.0,1000.0
27/10/2025 16:05,5378.0,5379.0,5377.5,5378.5,1000.0
27/10/2025 16:10,5378.0,5378.5,5377.0,5377.5,1000.0
27/10/2025 16:15,5377.5,5380.0,5377.0,5379.0,1000.0
27/10/2025 16:20,5379.5,5380.5,5378.5,5379.0,1000.0
27/10/2025 16:25,5379.5,5380.0,5379.0,5379.5,1000.0
27/10/2025 16:30,5379.5,5381.0,5378.5,5380.5,1000.0
27/10/2025 16:35,5380.5,5381.0,5378.5,5379.0,1000.0
27/10/2025 16:40,5379.0,5380.0,5378.5,5380.0,1000.0
27/10/2025 16:45,5379.5,5381.0,5379.0,5380.5,1000.0
27/10/2025 16:50,5380.0,5380.5,5379.5,5380.0,1000.0
27/10/2025 16:55,5380.0,5381.5,5377.5,5377.5,1000.0
27/10/2025 17:00,5377.5,5379.5,5377.5,5379.5,1000.0
27/10/2025 17:05,5379.5,5380.5,5379.0,5380.0,1000.0
27/10/2025 17:10,5380.0,5382.0,5379.5,5381.0,1000.0
27/10/2025 17:15,5381.0,5381.0,5379.5,5379.5,1000.0
27/10/2025 17:20,5380.0,5381.0,5379.5,5379.5,1000.0
27/10/2025 17:25,5379.5,5380.5,5378.0,5378.5,1000.0
27/10/2025 17:30,5379.0,5379.5,5378.5,5378.5,1000.0
27/10/2025 17:35,5379.0,5379.5,5378.5,5379.5,1000.0
27/10/2025 17:40,5379.0,5379.5,5378.0,5379.0,1000.0
27/10/2025 17:45,5378.5,5379.0,5377.5,5378.0,1000.0
27/10/2025 17:50,5377.5,5381.0,5377.5,5380.0,1000.0
27/10/2025 17:55,5380.0,5383.0,5380.0,5381.0,1000.0
27/10/2025 18:00,5381.5,5382.0,5380.5,5381.0,1000.0
27/10/2025 18:05,5380.5,5381.5,5380.0,5381.5,1000.0
27/10/2025 18:10,5381.0,5382.5,5380.5,5382.0,1000.0
27/10/2025 18:15,5382.0,5382.0,5379.0,5380.5,1000.0
27/10/2025 18:20,5380.5,5381.5,5379.5,5381.0,1000.0
27/10/2025 18:25,5380.5,5382.5,5380.5,5382.0,1000.0
27/11/2025 09:00,5340.0,5347.0,5330.5,5345.5,1000.0
27/11/2025 09:05,5345.5,5350.5,5343.0,5345.5,1000.0
27/11/2025 09:10,5345.0,5350.0,5343.0,5348.0,1000.0
27/11/2025 09:15,5348.0,5349.0,5345.5,5347.5,1000.0
27/11/2025 09:20,5347.0,5350.0,5345.5,5348.5,1000.0
27/11/2025 09:25,5348.0,5349.0,5346.0,5346.5,1000.0
27/11/2025 09:30,5346.5,5348.5,5345.5,5347.5,1000.0
27/11/2025 09:35,5348.0,5350.0,5347.5,5348.0,1000.0
27/11/2025 09:40,5348.0,5353.0,5347.5,5351.5,1000.0
27/11/2025 09:45,5352.0,5354.0,5350.0,5353.0,1000.0
27/11/2025 09:50,5352.5,5355.0,5349.0,5351.0,1000.0
27/11/2025 09:55,5350.5,5352.0,5347.0,5349.5,1000.0
27/11/2025 10:00,5350.0,5350.5,5345.5,5348.5,1000.0
27/11/2025 10:05,5348.5,5350.0,5346.0,5349.5,1000.0
27/11/2025 10:10,5349.5,5351.5,5347.5,5351.5,1000.0
27/11/2025 10:15,5351.0,5352.0,5350.0,5351.5,1000.0
27/11/2025 10:20,5352.0,5352.0,5348.5,5349.5,1000.0
27/11/2025 10:25,5350.0,5350.0,5346.5,5347.0,1000.0
27/11/2025 10:30,5347.0,5352.0,5346.5,5350.0,1000.0
27/11/2025 10:35,5350.5,5352.0,5348.5,5349.0,1000.0
27/11/2025 10:40,5349.0,5352.0,5349.0,5350.5,1000.0
27/11/2025 10:45,5351.0,5351.5,5349.0,5350.5,1000.0
27/11/2025 10:50,5350.5,5352.0,5349.0,5349.5,1000.0
27/11/2025 10:55,5349.5,5353.0,5348.5,5349.5,1000.0
27/11/2025 11:00,5349.5,5352.0,5349.5,5350.5,1000.0
27/11/2025 11:05,5351.0,5351.5,5348.5,5350.5,1000.0
27/11/2025 11:10,5351.0,5351.5,5350.0,5350.5,1000.0
27/11/2025 11:15,5351.0,5353.0,5350.5,5352.5,1000.0
27/11/2025 11:20,5353.0,5355.0,5352.5,5355.0,1000.0
27/11/2025 11:25,5355.0,5355.0,5353.0,5354.5,1000.0
27/11/2025 11:30,5355.0,5356.0,5352.5,5355.0,1000.0
27/11/2025 11:35,5355.5,5357.5,5352.5,5354.0,1000.0
27/11/2025 11:40,5354.0,5355.0,5352.5,5353.5,1000.0
27/11/2025 11:45,5353.0,5354.5,5350.0,5353.5,1000.0
27/11/2025 11:50,5354.0,5356.5,5353.5,5355.5,1000.0
27/11/2025 11:55,5355.5,5357.0,5355.0,5355.5,1000.0
27/11/2025 12:00,5355.5,5356.0,5351.5,5354.0,1000.0
27/11/2025 12:05,5354.5,5356.0,5354.0,5355.0,1000.0
27/11/2025 12:10,5354.5,5355.0,5351.5,5352.0,1000.0
27/11/2025 12:15,5352.5,5352.5,5348.0,5349.5,1000.0
27/11/2025 12:20,5350.0,5350.0,5347.5,5348.5,1000.0
27/11/2025 12:25,5349.0,5350.0,5346.5,5349.5,1000.0
27/11/2025 12:30,5350.0,5351.0,5349.5,5350.5,1000.0
27/11/2025 12:35,5350.5,5351.0,5349.0,5351.0,1000.0
27/11/2025 12:40,5351.0,5352.0,5349.5,5350.5,1000.0
27/11/2025 12:45,5351.0,5351.5,5349.5,5350.5,1000.0
27/11/2025 12:50,5350.5,5351.5,5350.0,5351.0,1000.0
27/11/2025 12:55,5351.0,5352.0,5349.5,5349.5,1000.0
27/11/2025 13:00,5350.0,5351.0,5347.5,5349.0,1000.0
27/11/2025 13:05,5349.0,5350.0,5347.0,5347.5,1000.0
27/11/2025 13:10,5347.5,5348.0,5345.0,5346.0,1000.0
27/11/2025 13:15,5346.0,5346.5,5345.0,5346.0,1000.0
27/11/2025 13:20,5346.0,5347.5,5345.5,5345.5,1000.0
27/11/2025 13:25,5345.5,5346.0,5340.5,5342.0,1000.0
27/11/2025 13:30,5342.0,5344.0,5340.5,5343.5,1000.0
27/11/2025 13:35,5343.0,5344.0,5342.5,5343.0,1000.0
27/11/2025 13:40,5343.5,5344.5,5341.5,5344.5,1000.0
27/11/2025 13:45,5344.5,5346.0,5344.0,5346.0,1000.0
27/11/2025 13:50,5346.0,5347.5,5345.5,5346.5,1000.0
27/11/2025 13:55,5346.5,5350.0,5346.5,5349.0,1000.0
27/11/2025 14:00,5349.5,5350.0,5346.5,5347.5,1000.0
27/11/2025 14:05,5347.5,5348.5,5346.0,5347.5,1000.0
27/11/2025 14:10,5347.5,5349.5,5347.0,5348.0,1000.0
27/11/2025 14:15,5348.0,5350.0,5347.5,5349.0,1000.0
27/11/2025 14:20,5349.5,5351.5,5349.5,5350.0,1000.0
27/11/2025 14:25,5350.0,5351.0,5349.5,5350.0,1000.0
27/11/2025 14:30,5350.5,5352.0,5348.5,5352.0,1000.0
27/11/2025 14:35,5352.0,5353.5,5351.0,5351.0,1000.0
27/11/2025 14:40,5351.0,5353.0,5351.0,5352.0,1000.0
27/11/2025 14:45,5352.0,5352.5,5351.0,5351.5,1000.0
27/11/2025 14:50,5352.0,5352.5,5349.5,5349.5,1000.0
27/11/2025 14:55,5349.5,5352.0,5349.5,5351.0,1000.0
27/11/2025 15:00,5351.0,5351.5,5347.0,5347.5,1000.0
27/11/2025 15:05,5347.5,5351.0,5346.0,5349.5,1000.0
27/11/2025 15:10,5350.0,5350.0,5348.5,5349.5,1000.0
27/11/2025 15:15,5350.0,5351.0,5349.5,5350.0,1000.0
27/11/2025 15:20,5349.5,5350.0,5347.5,5349.0,1000.0
27/11/2025 15:25,5348.5,5351.5,5348.5,5351.5,1000.0
27/11/2025 15:30,5351.5,5354.5,5351.0,5354.0,1000.0
27/11/2025 15:35,5354.5,5356.5,5353.5,5355.0,1000.0
27/11/2025 15:40,5355.0,5356.5,5355.0,5355.5,1000.0
27/11/2025 15:45,5356.0,5360.5,5355.5,5359.0,1000.0
27/11/2025 15:50,5358.5,5360.0,5357.5,5358.0,1000.0
27/11/2025 15:55,5358.0,5359.0,5357.0,5358.0,1000.0
27/11/2025 16:00,5358.0,5359.0,5356.0,5356.0,1000.0
27/11/2025 16:05,5356.0,5356.5,5353.0,5355.0,1000.0
27/11/2025 16:10,5355.5,5357.5,5355.0,5357.5,1000.0
27/11/2025 16:15,5357.5,5357.5,5356.5,5356.5,1000.0
27/11/2025 16:20,5357.0,5357.0,5356.0,5356.5,1000.0
27/11/2025 16:25,5357.0,5357.0,5356.0,5356.0,1000.0
27/11/2025 16:30,5356.0,5356.5,5355.0,5356.0,1000.0
27/11/2025 16:35,5355.5,5357.0,5355.5,5356.0,1000.0
27/11/2025 16:40,5356.0,5356.5,5355.0,5355.5,1000.0
27/11/2025 16:45,5355.0,5356.5,5354.5,5355.5,1000.0
27/11/2025 16:50,5355.5,5355.5,5353.5,5353.5,1000.0
27/11/2025 16:55,5354.0,5354.0,5352.5,5353.5,1000.0
27/11/2025 17:00,5353.5,5355.5,5353.0,5355.0,1000.0
27/11/2025 17:05,5355.0,5355.5,5353.5,5353.5,1000.0
27/11/2025 17:10,5354.0,5354.5,5353.5,5354.0,1000.0
27/11/2025 17:15,5353.5,5354.0,5353.5,5354.0,1000.0
27/11/2025 17:20,5354.0,5355.0,5353.5,5354.5,1000.0
27/11/2025 17:25,5354.5,5355.0,5354.0,5354.0,1000.0
27/11/2025 17:30,5354.0,5355.0,5353.0,5353.5,1000.0
27/11/2025 17:35,5353.5,5356.0,5353.0,5355.5,1000.0
27/11/2025 17:40,5355.0,5357.0,5354.5,5355.5,1000.0
27/11/2025 17:45,5355.0,5356.0,5353.5,5354.0,1000.0
27/11/2025 17:50,5353.5,5354.5,5353.0,5354.0,1000.0
27/11/2025 17:55,5354.5,5356.5,5354.0,5355.0,1000.0
27/11/2025 18:00,5355.0,5355.5,5354.5,5355.0,1000.0
27/11/2025 18:05,5355.5,5355.5,5354.0,5354.0,1000.0
27/11/2025 18:10,5354.0,5354.5,5351.0,5353.0,1000.0
27/11/2025 18:15,5353.0,5354.0,5351.5,5353.5,1000.0
27/11/2025 18:20,5353.5,5354.0,5352.0,5353.0,1000.0
27/11/2025 18:25,5353.0,5357.5,5351.5,5357.5,1000.0
28/01/2026 09:00,5192.0,5205.0,5192.0,5199.0,1000.0
28/01/2026 09:05,5199.0,5202.0,5197.0,5198.0,1000.0
28/01/2026 09:10,5198.0,5198.5,5194.0,5196.0,1000.0
28/01/2026 09:15,5196.5,5203.0,5195.0,5201.5,1000.0
28/01/2026 09:20,5201.5,5206.5,5198.5,5202.5,1000.0
28/01/2026 09:25,5202.0,5202.0,5196.5,5197.5,1000.0
28/01/2026 09:30,5198.0,5199.0,5192.5,5192.5,1000.0
28/01/2026 09:35,5192.5,5195.5,5187.5,5189.5,1000.0
28/01/2026 09:40,5189.0,5197.0,5189.0,5195.5,1000.0
28/01/2026 09:45,5195.5,5196.5,5192.0,5193.0,1000.0
28/01/2026 09:50,5193.0,5194.5,5184.0,5187.0,1000.0
28/01/2026 09:55,5187.0,5187.0,5180.0,5182.5,1000.0
28/01/2026 10:00,5183.0,5183.0,5174.5,5175.0,1000.0
28/01/2026 10:05,5175.5,5178.0,5174.0,5176.0,1000.0
28/01/2026 10:10,5176.0,5184.5,5176.0,5183.0,1000.0
28/01/2026 10:15,5182.5,5186.0,5182.5,5183.0,1000.0
28/01/2026 10:20,5183.0,5190.5,5179.5,5184.0,1000.0
28/01/2026 10:25,5184.0,5184.5,5180.0,5182.0,1000.0
28/01/2026 10:30,5182.0,5185.0,5180.5,5185.0,1000.0
28/01/2026 10:35,5185.0,5187.0,5183.5,5184.0,1000.0
28/01/2026 10:40,5184.0,5185.5,5177.5,5183.0,1000.0
28/01/2026 10:45,5183.0,5184.0,5179.5,5179.5,1000.0
28/01/2026 10:50,5179.5,5185.5,5178.5,5183.5,1000.0
28/01/2026 10:55,5183.5,5185.0,5179.5,5180.0,1000.0
28/01/2026 11:00,5179.5,5180.5,5177.0,5179.0,1000.0
28/01/2026 11:05,5178.5,5187.5,5178.5,5186.0,1000.0
28/01/2026 11:10,5186.5,5193.0,5186.0,5189.5,1000.0
28/01/2026 11:15,5189.5,5190.5,5186.5,5187.5,1000.0
28/01/2026 11:20,5187.5,5190.0,5183.5,5189.5,1000.0
28/01/2026 11:25,5189.5,5193.5,5188.5,5191.5,1000.0
28/01/2026 11:30,5191.5,5200.0,5190.0,5197.0,1000.0
28/01/2026 11:35,5196.5,5197.5,5191.5,5195.5,1000.0
28/01/2026 11:40,5195.5,5195.5,5189.0,5191.5,1000.0
28/01/2026 11:45,5191.0,5192.0,5188.0,5190.0,1000.0
28/01/2026 11:50,5190.0,5193.5,5186.0,5191.5,1000.0
28/01/2026 11:55,5191.5,5196.0,5191.0,5192.0,1000.0
28/01/2026 12:00,5192.0,5192.0,5184.0,5185.5,1000.0
28/01/2026 12:05,5186.0,5208.5,5185.5,5201.0,1000.0
28/01/2026 12:10,5201.0,5202.0,5194.5,5197.0,1000.0
28/01/2026 12:15,5197.0,5206.0,5194.5,5204.0,1000.0
28/01/2026 12:20,5204.0,5210.0,5199.5,5202.0,1000.0
28/01/2026 12:25,5202.5,5207.0,5199.5,5204.0,1000.0
28/01/2026 12:30,5204.0,5204.5,5202.0,5204.0,1000.0
28/01/2026 12:35,5203.5,5208.5,5201.5,5202.5,1000.0
28/01/2026 12:40,5203.0,5205.0,5199.5,5203.0,1000.0
28/01/2026 12:45,5203.0,5207.0,5202.5,5206.0,1000.0
28/01/2026 12:50,5206.0,5213.0,5203.0,5212.0,1000.0
28/01/2026 12:55,5212.0,5216.0,5209.5,5214.0,1000.0
28/01/2026 13:00,5214.5,5215.0,5205.5,5207.0,1000.0
28/01/2026 13:05,5207.5,5209.0,5204.5,5207.0,1000.0
28/01/2026 13:10,5206.5,5217.0,5206.5,5216.5,1000.0
28/01/2026 13:15,5217.0,5217.0,5212.0,5212.5,1000.0
28/01/2026 13:20,5213.0,5219.0,5211.0,5216.0,1000.0
28/01/2026 13:25,5216.0,5217.0,5214.0,5216.0,1000.0
28/01/2026 13:30,5216.0,5219.0,5213.5,5216.5,1000.0
28/01/2026 13:35,5216.5,5218.0,5214.5,5218.0,1000.0
28/01/2026 13:40,5218.0,5219.0,5216.0,5217.5,1000.0
28/01/2026 13:45,5217.0,5218.0,5215.0,5218.0,1000.0
28/01/2026 13:50,5218.0,5220.0,5216.5,5219.5,1000.0
28/01/2026 13:55,5219.0,5219.5,5214.5,5215.0,1000.0
28/01/2026 14:00,5214.5,5216.5,5209.5,5210.5,1000.0
28/01/2026 14:05,5210.5,5215.0,5210.0,5213.0,1000.0
28/01/2026 14:10,5213.0,5215.5,5212.5,5214.5,1000.0
28/01/2026 14:15,5214.5,5216.0,5211.5,5211.5,1000.0
28/01/2026 14:20,5211.5,5212.0,5209.5,5210.5,1000.0
28/01/2026 14:25,5211.0,5212.0,5208.5,5211.5,1000.0
28/01/2026 14:30,5211.0,5211.5,5207.5,5209.0,1000.0
28/01/2026 14:35,5208.5,5209.5,5204.5,5205.5,1000.0
28/01/2026 14:40,5205.5,5207.5,5205.0,5206.0,1000.0
28/01/2026 14:45,5206.5,5208.0,5204.5,5207.0,1000.0
28/01/2026 14:50,5207.0,5209.5,5204.5,5209.0,1000.0
28/01/2026 14:55,5209.0,5213.5,5208.0,5213.0,1000.0
28/01/2026 15:00,5213.0,5213.5,5210.0,5212.0,1000.0
28/01/2026 15:05,5212.0,5213.0,5210.5,5212.0,1000.0
28/01/2026 15:10,5212.0,5212.0,5209.5,5210.5,1000.0
28/01/2026 15:15,5210.0,5213.5,5209.0,5210.0,1000.0
28/01/2026 15:20,5209.5,5210.5,5209.0,5210.5,1000.0
28/01/2026 15:25,5210.5,5217.5,5210.0,5217.0,1000.0
28/01/2026 15:30,5217.5,5223.0,5216.0,5222.0,1000.0
28/01/2026 15:35,5222.0,5223.0,5218.5,5222.5,1000.0
28/01/2026 15:40,5222.0,5222.5,5218.0,5219.0,1000.0
28/01/2026 15:45,5218.5,5222.0,5217.5,5222.0,1000.0
28/01/2026 15:50,5222.0,5226.0,5221.0,5224.0,1000.0
28/01/2026 15:55,5224.0,5227.0,5223.0,5224.5,1000.0
28/01/2026 16:00,5224.5,5228.0,5219.5,5223.0,1000.0
28/01/2026 16:05,5223.5,5223.5,5220.0,5221.0,1000.0
28/01/2026 16:10,5220.5,5223.0,5218.5,5220.5,1000.0
28/01/2026 16:15,5220.5,5221.0,5217.5,5218.5,1000.0
28/01/2026 16:20,5218.5,5220.0,5214.5,5214.5,1000.0
28/01/2026 16:25,5215.0,5217.5,5213.0,5217.0,1000.0
28/01/2026 16:30,5216.5,5221.0,5216.0,5218.0,1000.0
28/01/2026 16:35,5218.0,5218.0,5213.0,5213.5,1000.0
28/01/2026 16:40,5214.0,5219.5,5213.0,5215.5,1000.0
28/01/2026 16:45,5216.0,5216.5,5210.5,5212.5,1000.0
28/01/2026 16:50,5212.5,5214.5,5211.0,5213.0,1000.0
28/01/2026 16:55,5213.0,5214.0,5208.5,5210.5,1000.0
28/01/2026 17:00,5210.5,5211.0,5205.5,5206.0,1000.0
28/01/2026 17:05,5206.0,5207.0,5201.5,5204.5,1000.0
28/01/2026 17:10,5204.5,5208.0,5204.5,5207.5,1000.0
28/01/2026 17:15,5208.0,5208.5,5204.5,5207.0,1000.0
28/01/2026 17:20,5207.0,5208.0,5205.5,5206.0,1000.0
28/01/2026 17:25,5205.5,5206.0,5202.5,5202.5,1000.0
28/01/2026 17:30,5202.5,5204.0,5197.0,5197.5,1000.0
28/01/2026 17:35,5197.5,5198.5,5194.5,5195.0,1000.0
28/01/2026 17:40,5194.5,5201.0,5194.5,5200.5,1000.0
28/01/2026 17:45,5201.0,5201.5,5199.0,5201.5,1000.0
28/01/2026 17:50,5201.5,5201.5,5198.0,5198.5,1000.0
28/01/2026 17:55,5198.5,5201.5,5198.0,5200.5,1000.0
28/01/2026 18:00,5200.0,5200.5,5198.0,5198.5,1000.0
28/01/2026 18:05,5198.5,5200.5,5197.5,5199.5,1000.0
28/01/2026 18:10,5199.0,5201.0,5197.5,5200.0,1000.0
28/01/2026 18:15,5200.0,5201.5,5197.5,5198.0,1000.0
28/01/2026 18:20,5198.0,5200.5,5198.0,5198.5,1000.0
28/01/2026 18:25,5198.0,5198.5,5195.0,5197.0,1000.0
28/10/2025 09:00,5385.5,5387.5,5382.5,5385.5,1000.0
28/10/2025 09:05,5385.5,5390.5,5383.5,5389.0,1000.0
28/10/2025 09:10,5389.5,5393.0,5389.0,5391.5,1000.0
28/10/2025 09:15,5391.5,5393.5,5388.5,5390.0,1000.0
28/10/2025 09:20,5390.0,5391.5,5387.5,5388.0,1000.0
28/10/2025 09:25,5388.0,5390.0,5385.5,5387.0,1000.0
28/10/2025 09:30,5387.0,5388.5,5385.0,5387.0,1000.0
28/10/2025 09:35,5387.0,5387.5,5382.0,5385.5,1000.0
28/10/2025 09:40,5385.5,5388.0,5384.5,5387.0,1000.0
28/10/2025 09:45,5386.5,5387.5,5384.0,5386.0,1000.0
28/10/2025 09:50,5386.0,5387.0,5383.0,5385.5,1000.0
28/10/2025 09:55,5385.0,5386.0,5381.5,5382.5,1000.0
28/10/2025 10:00,5383.0,5384.0,5381.5,5381.5,1000.0
28/10/2025 10:05,5381.5,5385.5,5381.5,5385.0,1000.0
28/10/2025 10:10,5384.5,5387.5,5384.0,5387.0,1000.0
28/10/2025 10:15,5387.5,5387.5,5383.5,5386.0,1000.0
28/10/2025 10:20,5386.5,5388.5,5384.0,5385.0,1000.0
28/10/2025 10:25,5385.0,5385.5,5379.0,5380.5,1000.0
28/10/2025 10:30,5380.5,5382.5,5376.0,5376.0,1000.0
28/10/2025 10:35,5376.5,5377.0,5370.0,5374.0,1000.0
28/10/2025 10:40,5374.0,5375.5,5372.5,5373.5,1000.0
28/10/2025 10:45,5374.0,5374.5,5372.0,5373.0,1000.0
28/10/2025 10:50,5373.0,5377.5,5372.5,5377.0,1000.0
28/10/2025 10:55,5376.5,5378.5,5376.0,5377.0,1000.0
28/10/2025 11:00,5377.5,5378.5,5375.0,5376.0,1000.0
28/10/2025 11:05,5376.0,5379.5,5375.5,5378.5,1000.0
28/10/2025 11:10,5378.5,5380.5,5378.0,5379.5,1000.0
28/10/2025 11:15,5380.0,5380.0,5376.0,5376.0,1000.0
28/10/2025 11:20,5376.0,5378.0,5374.0,5377.0,1000.0
28/10/2025 11:25,5377.5,5383.0,5377.0,5382.5,1000.0
28/10/2025 11:30,5382.5,5384.0,5378.5,5381.5,1000.0
28/10/2025 11:35,5381.0,5382.0,5377.5,5377.5,1000.0
28/10/2025 11:40,5378.0,5378.5,5375.0,5376.5,1000.0
28/10/2025 11:45,5376.0,5378.0,5373.5,5374.5,1000.0
28/10/2025 11:50,5374.5,5374.5,5371.0,5373.5,1000.0
28/10/2025 11:55,5373.5,5376.0,5370.5,5372.5,1000.0
28/10/2025 12:00,5372.5,5373.0,5370.0,5372.0,1000.0
28/10/2025 12:05,5372.0,5374.0,5371.5,5372.0,1000.0
28/10/2025 12:10,5372.5,5372.5,5369.0,5369.5,1000.0
28/10/2025 12:15,5370.0,5370.0,5368.0,5369.5,1000.0
28/10/2025 12:20,5369.5,5372.5,5369.0,5371.5,1000.0
28/10/2025 12:25,5372.0,5373.0,5371.0,5372.5,1000.0
28/10/2025 12:30,5372.5,5372.5,5369.0,5370.0,1000.0
28/10/2025 12:35,5370.5,5370.5,5368.0,5369.0,1000.0
28/10/2025 12:40,5369.0,5370.5,5368.0,5369.5,1000.0
28/10/2025 12:45,5369.5,5370.5,5369.0,5369.5,1000.0
28/10/2025 12:50,5370.0,5370.0,5368.0,5370.0,1000.0
28/10/2025 12:55,5369.5,5369.5,5367.0,5368.5,1000.0
28/10/2025 13:00,5369.0,5369.0,5365.5,5367.5,1000.0
28/10/2025 13:05,5367.5,5368.5,5366.5,5367.0,1000.0
28/10/2025 13:10,5367.0,5368.0,5365.5,5366.5,1000.0
28/10/2025 13:15,5366.0,5369.0,5365.5,5369.0,1000.0
28/10/2025 13:20,5369.0,5369.0,5367.5,5367.5,1000.0
28/10/2025 13:25,5368.0,5369.5,5367.5,5368.5,1000.0
28/10/2025 13:30,5368.5,5369.0,5362.5,5366.5,1000.0
28/10/2025 13:35,5366.0,5368.0,5365.0,5368.0,1000.0
28/10/2025 13:40,5368.0,5369.0,5365.5,5369.0,1000.0
28/10/2025 13:45,5369.0,5369.5,5366.0,5368.0,1000.0
28/10/2025 13:50,5368.0,5368.5,5365.5,5366.5,1000.0
28/10/2025 13:55,5367.0,5367.5,5365.0,5366.5,1000.0
28/10/2025 14:00,5366.5,5368.0,5365.0,5367.0,1000.0
28/10/2025 14:05,5367.5,5368.5,5366.5,5368.0,1000.0
28/10/2025 14:10,5368.0,5370.0,5367.5,5369.5,1000.0
28/10/2025 14:15,5369.5,5370.0,5366.5,5369.5,1000.0
28/10/2025 14:20,5369.5,5370.5,5368.5,5369.0,1000.0
28/10/2025 14:25,5369.5,5369.5,5367.5,5367.5,1000.0
28/10/2025 14:30,5368.0,5368.0,5364.0,5364.0,1000.0
28/10/2025 14:35,5364.0,5365.5,5363.5,5363.5,1000.0
28/10/2025 14:40,5363.5,5365.5,5363.0,5365.0,1000.0
28/10/2025 14:45,5364.5,5365.0,5362.5,5363.0,1000.0
28/10/2025 14:50,5363.5,5366.0,5363.0,5365.0,1000.0
28/10/2025 14:55,5364.5,5365.5,5363.5,5365.0,1000.0
28/10/2025 15:00,5365.0,5365.0,5363.5,5364.0,1000.0
28/10/2025 15:05,5364.5,5364.5,5361.0,5364.0,1000.0
28/10/2025 15:10,5364.0,5364.0,5362.5,5363.0,1000.0
28/10/2025 15:15,5363.0,5364.0,5359.5,5360.0,1000.0
28/10/2025 15:20,5359.5,5364.0,5358.5,5363.0,1000.0
28/10/2025 15:25,5363.5,5365.0,5363.0,5364.5,1000.0
28/10/2025 15:30,5365.0,5365.5,5363.0,5363.0,1000.0
28/10/2025 15:35,5363.0,5364.0,5362.5,5364.0,1000.0
28/10/2025 15:40,5364.0,5364.0,5362.5,5362.5,1000.0
28/10/2025 15:45,5362.5,5363.0,5361.0,5361.5,1000.0
28/10/2025 15:50,5361.5,5362.0,5360.0,5360.5,1000.0
28/10/2025 15:55,5361.0,5362.0,5360.5,5361.5,1000.0
28/10/2025 16:00,5362.0,5363.5,5361.5,5362.0,1000.0
28/10/2025 16:05,5362.0,5364.0,5361.5,5363.0,1000.0
28/10/2025 16:10,5363.0,5364.5,5362.0,5364.5,1000.0
28/10/2025 16:15,5364.0,5365.0,5363.5,5364.0,1000.0
28/10/2025 16:20,5364.0,5366.5,5364.0,5365.5,1000.0
28/10/2025 16:25,5366.0,5366.5,5364.5,5365.0,1000.0
28/10/2025 16:30,5365.5,5366.5,5365.0,5365.5,1000.0
28/10/2025 16:35,5366.0,5366.5,5365.0,5366.0,1000.0
28/10/2025 16:40,5366.0,5367.0,5365.5,5366.0,1000.0
28/10/2025 16:45,5366.5,5367.5,5366.0,5367.0,1000.0
28/10/2025 16:50,5367.5,5367.5,5366.5,5367.0,1000.0
28/10/2025 16:55,5366.5,5367.0,5365.0,5365.0,1000.0
28/10/2025 17:00,5365.5,5367.0,5365.0,5366.5,1000.0
28/10/2025 17:05,5366.0,5368.0,5366.0,5367.0,1000.0
28/10/2025 17:10,5366.5,5367.5,5364.5,5365.0,1000.0
28/10/2025 17:15,5365.5,5366.0,5364.5,5366.0,1000.0
28/10/2025 17:20,5366.0,5367.0,5365.5,5366.5,1000.0
28/10/2025 17:25,5366.5,5367.0,5365.5,5366.5,1000.0
28/10/2025 17:30,5367.0,5367.0,5365.5,5365.5,1000.0
28/10/2025 17:35,5365.5,5366.0,5365.0,5366.0,1000.0
28/10/2025 17:40,5366.0,5366.0,5364.5,5365.0,1000.0
28/10/2025 17:45,5365.5,5365.5,5364.5,5365.5,1000.0
28/10/2025 17:50,5365.0,5366.5,5364.0,5364.0,1000.0
28/10/2025 17:55,5364.0,5365.0,5363.5,5364.5,1000.0
28/10/2025 18:00,5364.0,5365.5,5362.5,5365.0,1000.0
28/10/2025 18:05,5365.0,5365.5,5364.5,5365.0,1000.0
28/10/2025 18:10,5364.5,5365.0,5363.0,5364.0,1000.0
28/10/2025 18:15,5363.5,5365.0,5363.0,5364.0,1000.0
28/10/2025 18:20,5363.5,5366.0,5362.0,5365.0,1000.0
28/10/2025 18:25,5365.0,5367.5,5362.0,5365.0,1000.0
28/11/2025 09:00,5388.0,5390.0,5385.5,5387.0,1000.0
28/11/2025 09:05,5387.5,5392.5,5381.5,5390.5,1000.0
28/11/2025 09:10,5391.0,5394.5,5389.0,5390.5,1000.0
28/11/2025 09:15,5390.5,5394.5,5390.0,5394.0,1000.0
28/11/2025 09:20,5394.0,5396.0,5390.5,5392.0,1000.0
28/11/2025 09:25,5392.0,5393.0,5388.0,5390.0,1000.0
28/11/2025 09:30,5390.5,5392.0,5385.5,5387.0,1000.0
28/11/2025 09:35,5387.5,5387.5,5383.5,5384.5,1000.0
28/11/2025 09:40,5384.5,5386.5,5384.0,5384.5,1000.0
28/11/2025 09:45,5384.5,5384.5,5376.5,5383.5,1000.0
28/11/2025 09:50,5383.0,5384.0,5374.5,5379.0,1000.0
28/11/2025 09:55,5379.5,5381.5,5375.0,5376.5,1000.0
28/11/2025 10:00,5377.0,5377.0,5372.0,5374.5,1000.0
28/11/2025 10:05,5374.5,5379.5,5373.5,5379.0,1000.0
28/11/2025 10:10,5379.0,5384.0,5378.0,5383.0,1000.0
28/11/2025 10:15,5383.0,5383.5,5377.0,5381.5,1000.0
28/11/2025 10:20,5381.5,5383.5,5378.5,5379.0,1000.0
28/11/2025 10:25,5378.5,5380.0,5376.0,5378.0,1000.0
28/11/2025 10:30,5378.0,5380.0,5376.5,5379.5,1000.0
28/11/2025 10:35,5379.0,5380.5,5374.0,5377.5,1000.0
28/11/2025 10:40,5377.5,5382.5,5377.5,5381.0,1000.0
28/11/2025 10:45,5381.5,5383.5,5375.0,5375.5,1000.0
28/11/2025 10:50,5375.0,5375.5,5367.5,5369.0,1000.0
28/11/2025 10:55,5369.5,5372.0,5365.5,5366.5,1000.0
28/11/2025 11:00,5366.5,5367.5,5361.5,5366.0,1000.0
28/11/2025 11:05,5366.0,5371.5,5366.0,5370.5,1000.0
28/11/2025 11:10,5370.0,5371.0,5367.0,5370.0,1000.0
28/11/2025 11:15,5369.5,5370.0,5366.0,5367.0,1000.0
28/11/2025 11:20,5367.5,5369.0,5367.0,5368.0,1000.0
28/11/2025 11:25,5368.5,5376.5,5368.0,5373.5,1000.0
28/11/2025 11:30,5373.5,5376.0,5372.0,5372.0,1000.0
28/11/2025 11:35,5372.0,5373.5,5366.5,5368.0,1000.0
28/11/2025 11:40,5368.0,5371.0,5365.0,5369.5,1000.0
28/11/2025 11:45,5369.0,5370.0,5366.0,5366.0,1000.0
28/11/2025 11:50,5366.0,5367.5,5365.0,5366.5,1000.0
28/11/2025 11:55,5367.0,5369.0,5365.0,5365.5,1000.0
28/11/2025 12:00,5365.0,5370.0,5363.5,5370.0,1000.0
28/11/2025 12:05,5370.0,5374.5,5368.5,5372.0,1000.0
28/11/2025 12:10,5372.0,5376.5,5372.0,5376.0,1000.0
28/11/2025 12:15,5375.5,5376.5,5374.0,5375.0,1000.0
28/11/2025 12:20,5375.5,5379.0,5375.0,5378.0,1000.0
28/11/2025 12:25,5378.0,5381.5,5378.0,5381.0,1000.0
28/11/2025 12:30,5381.0,5386.5,5380.0,5380.0,1000.0
28/11/2025 12:35,5380.0,5381.0,5377.0,5378.5,1000.0
28/11/2025 12:40,5378.0,5379.5,5377.0,5377.0,1000.0
28/11/2025 12:45,5377.0,5380.0,5376.5,5379.0,1000.0
28/11/2025 12:50,5379.0,5379.5,5377.5,5379.0,1000.0
28/11/2025 12:55,5379.5,5382.5,5379.0,5382.5,1000.0
28/11/2025 13:00,5382.5,5383.5,5375.0,5379.5,1000.0
28/11/2025 13:05,5379.5,5380.0,5376.0,5379.0,1000.0
28/11/2025 13:10,5379.0,5379.0,5376.0,5377.0,1000.0
28/11/2025 13:15,5377.0,5377.5,5374.0,5374.5,1000.0
28/11/2025 13:20,5374.5,5379.0,5374.5,5379.0,1000.0
28/11/2025 13:25,5379.0,5380.0,5377.0,5380.0,1000.0
28/11/2025 13:30,5380.0,5383.5,5379.5,5382.5,1000.0
28/11/2025 13:35,5383.0,5383.0,5379.0,5379.0,1000.0
28/11/2025 13:40,5379.0,5380.5,5379.0,5379.5,1000.0
28/11/2025 13:45,5379.5,5380.0,5378.5,5380.0,1000.0
28/11/2025 13:50,5379.5,5379.5,5378.0,5378.5,1000.0
28/11/2025 13:55,5379.0,5380.0,5377.5,5378.5,1000.0
28/11/2025 14:00,5378.5,5380.0,5377.0,5380.0,1000.0
28/11/2025 14:05,5380.0,5381.0,5379.5,5380.5,1000.0
28/11/2025 14:10,5380.0,5380.5,5376.5,5377.0,1000.0
28/11/2025 14:15,5377.0,5380.5,5376.5,5379.5,1000.0
28/11/2025 14:20,5379.0,5380.0,5378.5,5379.0,1000.0
28/11/2025 14:25,5379.0,5379.5,5378.0,5379.5,1000.0
28/11/2025 14:30,5379.5,5379.5,5377.0,5377.0,1000.0
28/11/2025 14:35,5377.0,5377.5,5376.0,5377.5,1000.0
28/11/2025 14:40,5377.5,5378.0,5374.5,5374.5,1000.0
28/11/2025 14:45,5374.5,5377.0,5374.0,5376.5,1000.0
28/11/2025 14:50,5376.5,5379.5,5375.5,5378.0,1000.0
28/11/2025 14:55,5378.5,5378.5,5374.0,5375.0,1000.0
28/11/2025 15:00,5374.5,5377.0,5373.5,5375.0,1000.0
28/11/2025 15:05,5375.0,5376.0,5373.0,5375.0,1000.0
28/11/2025 15:10,5375.5,5376.5,5374.0,5375.0,1000.0
28/11/2025 15:15,5374.5,5375.0,5370.5,5372.5,1000.0
28/11/2025 15:20,5373.0,5373.0,5368.0,5368.5,1000.0
28/11/2025 15:25,5368.0,5370.0,5365.5,5367.5,1000.0
28/11/2025 15:30,5367.0,5367.5,5364.5,5365.0,1000.0
28/11/2025 15:35,5365.5,5367.5,5365.0,5367.5,1000.0
28/11/2025 15:40,5367.0,5369.0,5366.5,5369.0,1000.0
28/11/2025 15:45,5369.0,5369.0,5367.5,5368.5,1000.0
28/11/2025 15:50,5368.5,5368.5,5364.5,5365.5,1000.0
28/11/2025 15:55,5365.0,5369.0,5365.0,5367.5,1000.0
28/11/2025 16:00,5367.5,5368.0,5366.5,5367.0,1000.0
28/11/2025 16:05,5367.0,5368.0,5364.5,5367.5,1000.0
28/11/2025 16:10,5367.5,5367.5,5366.5,5367.5,1000.0
28/11/2025 16:15,5367.5,5367.5,5366.5,5367.0,1000.0
28/11/2025 16:20,5367.0,5368.5,5366.5,5368.5,1000.0
28/11/2025 16:25,5368.5,5369.5,5367.0,5368.0,1000.0
28/11/2025 16:30,5368.0,5370.0,5368.0,5369.5,1000.0
28/11/2025 16:35,5369.5,5372.0,5368.5,5372.0,1000.0
28/11/2025 16:40,5371.5,5372.0,5369.5,5370.0,1000.0
28/11/2025 16:45,5370.0,5370.5,5369.5,5370.0,1000.0
28/11/2025 16:50,5370.5,5370.5,5368.0,5369.5,1000.0
28/11/2025 16:55,5370.0,5371.5,5369.5,5371.0,1000.0
28/11/2025 17:00,5371.0,5372.0,5371.0,5371.0,1000.0
28/11/2025 17:05,5371.0,5371.5,5368.5,5369.0,1000.0
28/11/2025 17:10,5369.0,5373.0,5368.5,5372.0,1000.0
28/11/2025 17:15,5372.0,5372.5,5370.0,5371.0,1000.0
28/11/2025 17:20,5370.5,5372.0,5370.0,5371.0,1000.0
28/11/2025 17:25,5371.0,5372.5,5370.5,5372.0,1000.0
28/11/2025 17:30,5371.5,5372.0,5370.5,5371.5,1000.0
28/11/2025 17:35,5371.0,5372.5,5371.0,5371.5,1000.0
28/11/2025 17:40,5372.0,5372.5,5371.0,5371.0,1000.0
28/11/2025 17:45,5371.0,5372.0,5371.0,5371.5,1000.0
28/11/2025 17:50,5371.5,5371.5,5370.5,5371.5,1000.0
28/11/2025 17:55,5371.0,5372.0,5370.0,5370.5,1000.0
28/11/2025 18:00,5370.0,5373.5,5370.0,5373.5,1000.0
28/11/2025 18:05,5373.5,5374.0,5372.5,5373.0,1000.0
28/11/2025 18:10,5373.5,5373.5,5372.0,5372.0,1000.0
28/11/2025 18:15,5372.0,5372.5,5371.5,5372.5,1000.0
28/11/2025 18:20,5372.0,5373.5,5371.0,5373.5,1000.0
28/11/2025 18:25,5373.0,5374.0,5371.0,5371.5,1000.0
29/01/2026 09:00,5200.0,5205.0,5180.0,5201.5,1000.0
29/01/2026 09:05,5201.0,5206.0,5196.5,5196.5,1000.0
29/01/2026 09:10,5196.5,5201.5,5191.5,5191.5,1000.0
29/01/2026 09:15,5192.0,5198.0,5191.5,5197.0,1000.0
29/01/2026 09:20,5197.5,5200.0,5195.5,5197.5,1000.0
29/01/2026 09:25,5197.5,5199.0,5196.0,5196.5,1000.0
29/01/2026 09:30,5196.0,5199.0,5193.5,5198.0,1000.0
29/01/2026 09:35,5198.0,5199.0,5195.0,5199.0,1000.0
29/01/2026 09:40,5199.0,5202.0,5198.0,5199.0,1000.0
29/01/2026 09:45,5199.0,5200.0,5189.5,5194.0,1000.0
29/01/2026 09:50,5193.5,5202.5,5193.5,5202.5,1000.0
29/01/2026 09:55,5202.5,5203.5,5194.5,5195.0,1000.0
29/01/2026 10:00,5194.5,5195.5,5189.5,5190.0,1000.0
29/01/2026 10:05,5190.5,5190.5,5183.0,5185.5,1000.0
29/01/2026 10:10,5186.0,5187.5,5184.5,5187.0,1000.0
29/01/2026 10:15,5187.0,5191.5,5186.5,5191.5,1000.0
29/01/2026 10:20,5191.0,5191.5,5186.5,5188.5,1000.0
29/01/2026 10:25,5188.5,5193.0,5188.0,5191.0,1000.0
29/01/2026 10:30,5191.5,5193.0,5189.0,5191.5,1000.0
29/01/2026 10:35,5191.5,5195.0,5189.5,5193.5,1000.0
29/01/2026 10:40,5193.5,5193.5,5185.5,5187.5,1000.0
29/01/2026 10:45,5187.5,5196.0,5187.5,5190.5,1000.0
29/01/2026 10:50,5190.0,5192.5,5186.5,5187.5,1000.0
29/01/2026 10:55,5187.5,5190.0,5186.0,5186.5,1000.0
29/01/2026 11:00,5186.5,5187.5,5182.0,5183.5,1000.0
29/01/2026 11:05,5183.0,5185.5,5182.0,5183.0,1000.0
29/01/2026 11:10,5183.0,5185.5,5180.5,5181.5,1000.0
29/01/2026 11:15,5182.0,5183.5,5180.0,5181.5,1000.0
29/01/2026 11:20,5181.0,5183.5,5179.0,5182.5,1000.0
29/01/2026 11:25,5182.0,5182.5,5176.5,5181.0,1000.0
29/01/2026 11:30,5181.0,5182.5,5175.0,5177.5,1000.0
29/01/2026 11:35,5177.5,5179.0,5175.0,5177.0,1000.0
29/01/2026 11:40,5177.0,5177.5,5167.5,5169.0,1000.0
29/01/2026 11:45,5168.5,5175.5,5167.5,5174.0,1000.0
29/01/2026 11:50,5174.0,5185.5,5172.5,5185.0,1000.0
29/01/2026 11:55,5185.5,5202.0,5182.5,5200.0,1000.0
29/01/2026 12:00,5199.5,5213.5,5199.5,5210.0,1000.0
29/01/2026 12:05,5210.5,5213.5,5202.5,5211.0,1000.0
29/01/2026 12:10,5210.5,5224.0,5209.0,5223.5,1000.0
29/01/2026 12:15,5223.0,5252.5,5221.5,5239.5,1000.0
29/01/2026 12:20,5239.0,5247.5,5226.0,5232.0,1000.0
29/01/2026 12:25,5232.5,5249.0,5231.0,5249.0,1000.0
29/01/2026 12:30,5249.0,5249.0,5235.0,5237.5,1000.0
29/01/2026 12:35,5237.5,5245.0,5226.5,5226.5,1000.0
29/01/2026 12:40,5226.5,5239.0,5226.0,5238.5,1000.0
29/01/2026 12:45,5238.5,5239.0,5232.5,5236.0,1000.0
29/01/2026 12:50,5236.5,5247.5,5233.5,5241.5,1000.0
29/01/2026 12:55,5241.5,5244.5,5233.0,5233.5,1000.0
29/01/2026 13:00,5233.5,5234.0,5223.0,5226.0,1000.0
29/01/2026 13:05,5226.0,5226.5,5214.0,5217.0,1000.0
29/01/2026 13:10,5217.0,5220.0,5215.0,5217.0,1000.0
29/01/2026 13:15,5217.0,5222.0,5214.5,5219.0,1000.0
29/01/2026 13:20,5219.5,5229.0,5215.0,5224.0,1000.0
29/01/2026 13:25,5223.5,5224.5,5216.5,5218.5,1000.0
29/01/2026 13:30,5219.0,5219.5,5214.5,5217.5,1000.0
29/01/2026 13:35,5217.0,5220.5,5217.0,5219.0,1000.0
29/01/2026 13:40,5218.5,5220.0,5214.0,5217.5,1000.0
29/01/2026 13:45,5217.0,5220.5,5206.5,5207.0,1000.0
29/01/2026 13:50,5207.5,5216.0,5205.5,5215.0,1000.0
29/01/2026 13:55,5215.0,5219.0,5214.0,5217.5,1000.0
29/01/2026 14:00,5217.0,5218.0,5208.5,5208.5,1000.0
29/01/2026 14:05,5208.5,5211.0,5202.0,5206.5,1000.0
29/01/2026 14:10,5206.5,5211.5,5205.0,5211.5,1000.0
29/01/2026 14:15,5211.0,5211.0,5205.5,5206.5,1000.0
29/01/2026 14:20,5207.0,5208.0,5203.0,5205.5,1000.0
29/01/2026 14:25,5205.0,5208.0,5204.5,5207.0,1000.0
29/01/2026 14:30,5207.5,5207.5,5200.5,5202.5,1000.0
29/01/2026 14:35,5203.0,5204.0,5199.5,5204.0,1000.0
29/01/2026 14:40,5203.5,5211.0,5203.5,5208.5,1000.0
29/01/2026 14:45,5208.0,5214.0,5208.0,5209.0,1000.0
29/01/2026 14:50,5209.0,5215.5,5209.0,5211.0,1000.0
29/01/2026 14:55,5211.0,5212.5,5209.5,5210.0,1000.0
29/01/2026 15:00,5210.5,5212.5,5209.0,5210.0,1000.0
29/01/2026 15:05,5210.0,5210.0,5206.5,5208.5,1000.0
29/01/2026 15:10,5208.0,5208.5,5206.0,5207.5,1000.0
29/01/2026 15:15,5207.0,5209.5,5197.0,5199.0,1000.0
29/01/2026 15:20,5199.5,5203.5,5198.0,5203.5,1000.0
29/01/2026 15:25,5203.0,5203.5,5199.0,5199.5,1000.0
29/01/2026 15:30,5199.5,5201.5,5198.5,5198.5,1000.0
29/01/2026 15:35,5198.5,5199.0,5193.0,5196.0,1000.0
29/01/2026 15:40,5196.5,5198.5,5194.5,5198.5,1000.0
29/01/2026 15:45,5198.0,5199.0,5195.0,5195.5,1000.0
29/01/2026 15:50,5195.0,5197.0,5193.5,5193.5,1000.0
29/01/2026 15:55,5193.0,5195.0,5189.0,5192.5,1000.0
29/01/2026 16:00,5192.5,5192.5,5187.0,5188.5,1000.0
29/01/2026 16:05,5188.5,5191.5,5187.5,5190.5,1000.0
29/01/2026 16:10,5190.0,5191.5,5189.0,5190.5,1000.0
29/01/2026 16:15,5190.0,5192.5,5189.5,5191.0,1000.0
29/01/2026 16:20,5191.0,5191.5,5189.5,5191.5,1000.0
29/01/2026 16:25,5191.5,5193.0,5191.0,5192.0,1000.0
29/01/2026 16:30,5192.5,5195.5,5192.0,5194.5,1000.0
29/01/2026 16:35,5194.5,5194.5,5191.5,5193.5,1000.0
29/01/2026 16:40,5193.5,5195.0,5189.5,5189.5,1000.0
29/01/2026 16:45,5189.5,5194.0,5189.5,5193.5,1000.0
29/01/2026 16:50,5193.5,5193.5,5189.0,5190.0,1000.0
29/01/2026 16:55,5189.5,5197.5,5189.5,5196.5,1000.0
29/01/2026 17:00,5196.5,5197.0,5195.0,5196.0,1000.0
29/01/2026 17:05,5196.5,5197.0,5194.5,5196.5,1000.0
29/01/2026 17:10,5197.0,5197.5,5194.5,5194.5,1000.0
29/01/2026 17:15,5194.0,5195.0,5191.5,5192.5,1000.0
29/01/2026 17:20,5192.5,5193.0,5190.5,5191.5,1000.0
29/01/2026 17:25,5191.5,5195.0,5190.0,5193.0,1000.0
29/01/2026 17:30,5192.5,5193.0,5190.5,5191.5,1000.0
29/01/2026 17:35,5191.0,5192.5,5190.0,5191.5,1000.0
29/01/2026 17:40,5192.0,5193.5,5191.5,5193.5,1000.0
29/01/2026 17:45,5193.5,5195.0,5193.0,5194.0,1000.0
29/01/2026 17:50,5194.5,5194.5,5191.5,5191.5,1000.0
29/01/2026 17:55,5191.5,5192.5,5191.0,5191.5,1000.0
29/01/2026 18:00,5191.5,5193.5,5190.5,5192.0,1000.0
29/01/2026 18:05,5192.0,5193.5,5191.5,5192.5,1000.0
29/01/2026 18:10,5192.0,5194.5,5190.5,5191.0,1000.0
29/01/2026 18:15,5191.5,5196.0,5190.5,5196.0,1000.0
29/01/2026 18:20,5196.0,5196.5,5193.0,5194.0,1000.0
29/01/2026 18:25,5195.0,5198.5,5193.0,5196.0,1000.0
29/10/2025 09:00,5367.0,5369.0,5356.0,5359.0,1000.0
29/10/2025 09:05,5359.5,5363.5,5357.0,5361.0,1000.0
29/10/2025 09:10,5360.5,5368.5,5360.0,5366.5,1000.0
29/10/2025 09:15,5367.0,5369.0,5366.0,5367.0,1000.0
29/10/2025 09:20,5367.0,5369.0,5363.5,5365.0,1000.0
29/10/2025 09:25,5364.5,5368.5,5363.5,5367.0,1000.0
29/10/2025 09:30,5366.5,5367.0,5363.0,5366.0,1000.0
29/10/2025 09:35,5366.0,5368.0,5364.0,5367.5,1000.0
29/10/2025 09:40,5367.5,5368.0,5363.5,5364.0,1000.0
29/10/2025 09:45,5364.0,5368.0,5361.5,5364.5,1000.0
29/10/2025 09:50,5364.0,5365.5,5356.5,5357.0,1000.0
29/10/2025 09:55,5356.5,5358.0,5348.5,5350.5,1000.0
29/10/2025 10:00,5350.5,5352.5,5348.0,5350.5,1000.0
29/10/2025 10:05,5350.0,5352.5,5348.0,5350.0,1000.0
29/10/2025 10:10,5350.0,5350.5,5344.5,5347.5,1000.0
29/10/2025 10:15,5347.0,5348.0,5342.5,5344.0,1000.0
29/10/2025 10:20,5344.0,5344.5,5342.0,5343.5,1000.0
29/10/2025 10:25,5343.0,5344.0,5340.0,5342.5,1000.0
29/10/2025 10:30,5342.5,5345.0,5340.0,5344.5,1000.0
29/10/2025 10:35,5344.5,5347.0,5340.5,5346.0,1000.0
29/10/2025 10:40,5345.5,5347.5,5345.0,5346.0,1000.0
29/10/2025 10:45,5346.0,5349.5,5345.0,5347.5,1000.0
29/10/2025 10:50,5347.5,5348.5,5345.0,5345.5,1000.0
29/10/2025 10:55,5345.0,5346.5,5343.5,5343.5,1000.0
29/10/2025 11:00,5343.5,5344.5,5341.5,5342.5,1000.0
29/10/2025 11:05,5342.5,5345.5,5342.0,5344.0,1000.0
29/10/2025 11:10,5344.5,5344.5,5340.5,5343.0,1000.0
29/10/2025 11:15,5342.5,5345.0,5342.5,5344.0,1000.0
29/10/2025 11:20,5343.5,5347.5,5342.0,5346.0,1000.0
29/10/2025 11:25,5346.0,5348.0,5344.5,5346.5,1000.0
29/10/2025 11:30,5346.5,5349.5,5345.5,5348.5,1000.0
29/10/2025 11:35,5349.0,5349.0,5346.5,5347.5,1000.0
29/10/2025 11:40,5347.5,5348.5,5346.5,5346.5,1000.0
29/10/2025 11:45,5346.5,5348.0,5346.0,5346.5,1000.0
29/10/2025 11:50,5347.0,5347.5,5345.5,5346.0,1000.0
29/10/2025 11:55,5346.5,5348.0,5343.5,5344.0,1000.0
29/10/2025 12:00,5344.5,5344.5,5340.0,5341.0,1000.0
29/10/2025 12:05,5341.0,5341.5,5338.0,5340.5,1000.0
29/10/2025 12:10,5340.5,5341.5,5339.0,5340.5,1000.0
29/10/2025 12:15,5340.0,5343.5,5338.5,5342.5,1000.0
29/10/2025 12:20,5342.5,5346.0,5342.5,5344.0,1000.0
29/10/2025 12:25,5344.0,5347.5,5343.5,5346.5,1000.0
29/10/2025 12:30,5347.0,5350.0,5346.5,5349.5,1000.0
29/10/2025 12:35,5350.0,5350.0,5347.5,5347.5,1000.0
29/10/2025 12:40,5347.5,5349.0,5346.0,5346.5,1000.0
29/10/2025 12:45,5347.0,5347.0,5345.5,5346.5,1000.0
29/10/2025 12:50,5346.5,5348.5,5345.5,5348.0,1000.0
29/10/2025 12:55,5348.0,5350.0,5347.5,5349.0,1000.0
29/10/2025 13:00,5349.5,5351.0,5347.5,5349.5,1000.0
29/10/2025 13:05,5349.5,5352.5,5349.5,5350.5,1000.0
29/10/2025 13:10,5350.0,5351.5,5348.5,5349.0,1000.0
29/10/2025 13:15,5349.0,5350.5,5348.0,5348.5,1000.0
29/10/2025 13:20,5349.0,5349.0,5346.0,5346.5,1000.0
29/10/2025 13:25,5347.0,5349.0,5346.5,5348.0,1000.0
29/10/2025 13:30,5348.0,5349.0,5345.5,5347.0,1000.0
29/10/2025 13:35,5346.5,5348.0,5346.5,5348.0,1000.0
29/10/2025 13:40,5348.0,5348.5,5347.0,5348.0,1000.0
29/10/2025 13:45,5348.0,5348.5,5346.5,5347.0,1000.0
29/10/2025 13:50,5347.0,5347.5,5345.0,5346.0,1000.0
29/10/2025 13:55,5346.0,5347.5,5345.5,5346.0,1000.0
29/10/2025 14:00,5346.0,5346.5,5344.5,5345.5,1000.0
29/10/2025 14:05,5345.5,5349.0,5345.0,5349.0,1000.0
29/10/2025 14:10,5348.5,5349.0,5346.0,5346.5,1000.0
29/10/2025 14:15,5346.5,5348.0,5345.5,5347.0,1000.0
29/10/2025 14:20,5347.5,5349.0,5347.0,5349.0,1000.0
29/10/2025 14:25,5349.0,5350.5,5347.5,5348.5,1000.0
29/10/2025 14:30,5348.5,5350.0,5348.0,5350.0,1000.0
29/10/2025 14:35,5350.0,5350.0,5348.5,5348.5,1000.0
29/10/2025 14:40,5349.0,5349.5,5346.5,5347.5,1000.0
29/10/2025 14:45,5347.0,5349.0,5346.5,5347.5,1000.0
29/10/2025 14:50,5347.5,5348.0,5346.0,5347.0,1000.0
29/10/2025 14:55,5346.5,5347.0,5344.0,5345.0,1000.0
29/10/2025 15:00,5345.0,5349.5,5344.0,5347.0,1000.0
29/10/2025 15:05,5347.5,5350.0,5346.0,5347.5,1000.0
29/10/2025 15:10,5347.0,5352.0,5346.5,5351.5,1000.0
29/10/2025 15:15,5351.5,5351.5,5347.0,5348.0,1000.0
29/10/2025 15:20,5348.0,5350.0,5348.0,5349.5,1000.0
29/10/2025 15:25,5349.5,5352.5,5349.5,5351.0,1000.0
29/10/2025 15:30,5351.0,5351.5,5346.0,5349.0,1000.0
29/10/2025 15:35,5349.0,5369.5,5348.5,5367.0,1000.0
29/10/2025 15:40,5367.0,5371.0,5360.5,5363.5,1000.0
29/10/2025 15:45,5364.0,5367.5,5360.0,5366.0,1000.0
29/10/2025 15:50,5365.5,5366.5,5358.5,5361.5,1000.0
29/10/2025 15:55,5362.0,5363.5,5359.0,5362.0,1000.0
29/10/2025 16:00,5361.5,5367.0,5359.0,5367.0,1000.0
29/10/2025 16:05,5366.5,5367.0,5362.0,5365.5,1000.0
29/10/2025 16:10,5366.0,5370.5,5365.0,5368.5,1000.0
29/10/2025 16:15,5369.0,5369.5,5365.0,5365.5,1000.0
29/10/2025 16:20,5365.5,5369.0,5365.0,5367.0,1000.0
29/10/2025 16:25,5367.5,5369.5,5364.5,5368.5,1000.0
29/10/2025 16:30,5368.5,5370.5,5366.0,5366.5,1000.0
29/10/2025 16:35,5366.0,5368.5,5366.0,5366.5,1000.0
29/10/2025 16:40,5366.5,5368.5,5365.5,5365.5,1000.0
29/10/2025 16:45,5366.0,5367.0,5364.0,5364.5,1000.0
29/10/2025 16:50,5364.5,5365.0,5362.5,5364.0,1000.0
29/10/2025 16:55,5363.5,5364.5,5361.0,5361.0,1000.0
29/10/2025 17:00,5361.0,5362.5,5360.0,5362.5,1000.0
29/10/2025 17:05,5362.5,5364.0,5362.0,5363.5,1000.0
29/10/2025 17:10,5363.5,5364.5,5362.0,5363.0,1000.0
29/10/2025 17:15,5363.5,5365.5,5362.5,5364.5,1000.0
29/10/2025 17:20,5364.0,5365.0,5363.0,5363.0,1000.0
29/10/2025 17:25,5363.0,5365.0,5363.0,5364.5,1000.0
29/10/2025 17:30,5364.0,5364.5,5362.5,5363.5,1000.0
29/10/2025 17:35,5363.0,5363.5,5361.5,5362.0,1000.0
29/10/2025 17:40,5362.0,5364.0,5362.0,5363.0,1000.0
29/10/2025 17:45,5363.5,5364.0,5362.5,5362.5,1000.0
29/10/2025 17:50,5362.5,5365.5,5362.5,5364.5,1000.0
29/10/2025 17:55,5365.0,5366.0,5363.5,5364.5,1000.0
29/10/2025 18:00,5364.5,5365.0,5363.5,5364.0,1000.0
29/10/2025 18:05,5363.5,5364.5,5363.0,5363.5,1000.0
29/10/2025 18:10,5363.5,5365.5,5360.5,5361.0,1000.0
29/10/2025 18:15,5361.0,5361.5,5359.5,5361.0,1000.0
29/10/2025 18:20,5360.5,5361.5,5360.0,5360.0,1000.0
29/10/2025 18:25,5360.5,5361.5,5358.0,5359.0,1000.0
29/12/2025 09:00,5545.5,5553.5,5543.0,5550.0,1000.0
29/12/2025 09:05,5550.0,5555.5,5547.5,5555.0,1000.0
29/12/2025 09:10,5555.0,5560.5,5552.5,5559.5,1000.0
29/12/2025 09:15,5560.0,5567.0,5559.5,5563.0,1000.0
29/12/2025 09:20,5563.0,5563.5,5557.0,5559.0,1000.0
29/12/2025 09:25,5559.0,5561.5,5556.5,5560.5,1000.0
29/12/2025 09:30,5560.5,5562.5,5559.0,5560.0,1000.0
29/12/2025 09:35,5560.5,5566.0,5559.5,5563.5,1000.0
29/12/2025 09:40,5563.5,5568.0,5562.5,5567.0,1000.0
29/12/2025 09:45,5567.0,5568.0,5563.0,5563.5,1000.0
29/12/2025 09:50,5563.5,5564.5,5559.0,5561.5,1000.0
29/12/2025 09:55,5561.5,5567.0,5558.0,5566.5,1000.0
29/12/2025 10:00,5566.5,5571.0,5566.0,5568.5,1000.0
29/12/2025 10:05,5569.0,5571.5,5567.0,5570.5,1000.0
29/12/2025 10:10,5570.5,5581.5,5569.5,5579.0,1000.0
29/12/2025 10:15,5579.5,5580.5,5575.0,5577.0,1000.0
29/12/2025 10:20,5577.5,5581.5,5576.0,5576.5,1000.0
29/12/2025 10:25,5577.0,5578.0,5574.5,5575.5,1000.0
29/12/2025 10:30,5576.0,5578.5,5574.0,5576.0,1000.0
29/12/2025 10:35,5576.0,5577.5,5574.5,5576.0,1000.0
29/12/2025 10:40,5575.5,5578.0,5574.5,5576.5,1000.0
29/12/2025 10:45,5576.5,5579.5,5576.0,5577.5,1000.0
29/12/2025 10:50,5577.5,5578.0,5573.5,5576.5,1000.0
29/12/2025 10:55,5576.0,5578.0,5575.0,5575.5,1000.0
29/12/2025 11:00,5575.5,5577.5,5574.5,5577.0,1000.0
29/12/2025 11:05,5577.0,5580.0,5574.0,5574.0,1000.0
29/12/2025 11:10,5574.0,5576.0,5572.0,5574.0,1000.0
29/12/2025 11:15,5574.0,5577.5,5574.0,5576.0,1000.0
29/12/2025 11:20,5576.0,5576.0,5571.5,5574.0,1000.0
29/12/2025 11:25,5574.5,5577.5,5573.0,5573.5,1000.0
29/12/2025 11:30,5573.0,5576.0,5571.5,5572.5,1000.0
29/12/2025 11:35,5572.0,5574.0,5570.0,5574.0,1000.0
29/12/2025 11:40,5574.0,5574.0,5566.0,5566.0,1000.0
29/12/2025 11:45,5566.0,5570.5,5566.0,5568.0,1000.0
29/12/2025 11:50,5567.5,5570.5,5566.5,5570.5,1000.0
29/12/2025 11:55,5570.0,5573.5,5569.5,5573.0,1000.0
29/12/2025 12:00,5573.0,5578.0,5571.5,5574.0,1000.0
29/12/2025 12:05,5574.5,5574.5,5571.0,5571.5,1000.0
29/12/2025 12:10,5572.0,5573.5,5569.5,5571.5,1000.0
29/12/2025 12:15,5571.5,5576.0,5570.5,5575.0,1000.0
29/12/2025 12:20,5575.5,5582.0,5573.0,5574.5,1000.0
29/12/2025 12:25,5574.5,5574.5,5568.0,5568.5,1000.0
29/12/2025 12:30,5569.0,5572.5,5567.5,5572.0,1000.0
29/12/2025 12:35,5572.0,5573.5,5568.5,5569.0,1000.0
29/12/2025 12:40,5568.5,5569.0,5565.0,5566.0,1000.0
29/12/2025 12:45,5565.5,5567.0,5562.0,5564.5,1000.0
29/12/2025 12:50,5565.0,5566.5,5562.0,5563.5,1000.0
29/12/2025 12:55,5564.0,5568.0,5562.5,5566.5,1000.0
29/12/2025 13:00,5566.5,5569.0,5564.5,5568.0,1000.0
29/12/2025 13:05,5568.0,5568.5,5563.5,5565.5,1000.0
29/12/2025 13:10,5565.0,5571.0,5564.5,5571.0,1000.0
29/12/2025 13:15,5571.0,5577.5,5570.0,5577.0,1000.0
29/12/2025 13:20,5576.5,5579.0,5576.0,5577.0,1000.0
29/12/2025 13:25,5577.5,5579.0,5575.0,5578.0,1000.0
29/12/2025 13:30,5578.0,5584.5,5576.5,5581.0,1000.0
29/12/2025 13:35,5581.0,5584.0,5580.5,5581.0,1000.0
29/12/2025 13:40,5581.0,5584.5,5581.0,5583.0,1000.0
29/12/2025 13:45,5582.5,5584.0,5581.0,5581.5,1000.0
29/12/2025 13:50,5581.5,5583.0,5579.0,5579.5,1000.0
29/12/2025 13:55,5579.5,5580.5,5578.0,5579.5,1000.0
29/12/2025 14:00,5579.0,5579.5,5577.0,5577.0,1000.0
29/12/2025 14:05,5577.5,5579.5,5577.0,5578.0,1000.0
29/12/2025 14:10,5577.5,5580.0,5576.5,5580.0,1000.0
29/12/2025 14:15,5579.5,5580.0,5577.5,5578.0,1000.0
29/12/2025 14:20,5577.5,5579.5,5577.5,5578.5,1000.0
29/12/2025 14:25,5579.0,5581.0,5578.5,5579.0,1000.0
29/12/2025 14:30,5579.0,5580.5,5578.0,5578.0,1000.0
29/12/2025 14:35,5578.0,5580.0,5577.5,5578.5,1000.0
29/12/2025 14:40,5578.0,5581.0,5577.0,5578.5,1000.0
29/12/2025 14:45,5579.0,5580.5,5577.5,5579.5,1000.0
29/12/2025 14:50,5579.5,5582.0,5578.5,5581.5,1000.0
29/12/2025 14:55,5581.5,5582.5,5580.5,5581.0,1000.0
29/12/2025 15:00,5581.0,5583.0,5577.5,5580.5,1000.0
29/12/2025 15:05,5580.5,5582.5,5579.5,5582.0,1000.0
29/12/2025 15:10,5581.5,5582.5,5579.5,5580.5,1000.0
29/12/2025 15:15,5580.5,5582.0,5579.5,5581.0,1000.0
29/12/2025 15:20,5581.5,5583.5,5579.5,5581.5,1000.0
29/12/2025 15:25,5582.0,5586.0,5581.0,5583.5,1000.0
29/12/2025 15:30,5583.5,5584.0,5582.0,5582.0,1000.0
29/12/2025 15:35,5582.0,5582.5,5578.5,5581.0,1000.0
29/12/2025 15:40,5580.5,5584.5,5580.5,5583.5,1000.0
29/12/2025 15:45,5583.0,5585.0,5580.5,5581.5,1000.0
29/12/2025 15:50,5582.0,5582.0,5580.0,5582.0,1000.0
29/12/2025 15:55,5582.0,5583.0,5578.0,5578.0,1000.0
29/12/2025 16:00,5578.5,5579.5,5577.5,5577.5,1000.0
29/12/2025 16:05,5577.5,5580.0,5576.5,5579.5,1000.0
29/12/2025 16:10,5579.5,5579.5,5577.0,5577.5,1000.0
29/12/2025 16:15,5577.5,5581.0,5577.0,5581.0,1000.0
29/12/2025 16:20,5581.0,5583.0,5580.0,5583.0,1000.0
29/12/2025 16:25,5582.5,5583.0,5580.0,5580.5,1000.0
29/12/2025 16:30,5580.5,5583.0,5580.5,5582.0,1000.0
29/12/2025 16:35,5582.0,5582.5,5581.0,5581.5,1000.0
29/12/2025 16:40,5581.5,5582.0,5579.0,5579.5,1000.0
29/12/2025 16:45,5579.5,5580.5,5576.5,5577.0,1000.0
29/12/2025 16:50,5577.0,5577.0,5569.0,5571.5,1000.0
29/12/2025 16:55,5571.5,5572.0,5568.5,5571.0,1000.0
29/12/2025 17:00,5570.5,5571.0,5566.5,5567.0,1000.0
29/12/2025 17:05,5567.5,5568.0,5562.0,5563.5,1000.0
29/12/2025 17:10,5563.5,5565.5,5562.5,5565.5,1000.0
29/12/2025 17:15,5565.5,5567.0,5565.0,5567.0,1000.0
29/12/2025 17:20,5567.0,5571.0,5566.5,5570.0,1000.0
29/12/2025 17:25,5570.0,5572.5,5570.0,5571.0,1000.0
29/12/2025 17:30,5571.5,5573.5,5570.5,5572.0,1000.0
29/12/2025 17:35,5572.5,5572.5,5569.5,5571.5,1000.0
29/12/2025 17:40,5571.5,5572.5,5570.5,5571.5,1000.0
29/12/2025 17:45,5571.5,5573.0,5571.0,5572.0,1000.0
29/12/2025 17:50,5572.0,5573.0,5571.5,5571.5,1000.0
29/12/2025 17:55,5571.5,5573.5,5571.0,5572.5,1000.0
29/12/2025 18:00,5572.5,5572.5,5571.0,5572.0,1000.0
29/12/2025 18:05,5572.5,5577.0,5571.5,5575.5,1000.0
29/12/2025 18:10,5575.5,5576.0,5573.5,5575.0,1000.0
29/12/2025 18:15,5575.0,5577.0,5573.5,5574.0,1000.0
29/12/2025 18:20,5573.5,5575.0,5571.5,5572.0,1000.0
29/12/2025 18:25,5572.0,5575.0,5571.0,5572.5,1000.0
3/10/2025 10:00,5370.0,5377.5,5370.0,5377.0,1000.0
3/10/2025 10:05,5377.5,5379.0,5374.0,5377.5,1000.0
3/10/2025 10:10,5377.5,5378.0,5374.5,5376.0,1000.0
3/10/2025 10:15,5376.0,5381.0,5375.5,5380.5,1000.0
3/10/2025 10:20,5380.5,5383.5,5379.0,5383.0,1000.0
3/10/2025 10:25,5383.0,5389.0,5382.5,5388.5,1000.0
3/10/2025 10:30,5389.0,5391.0,5384.0,5385.5,1000.0
3/10/2025 10:35,5385.5,5388.0,5384.0,5385.5,1000.0
3/10/2025 10:40,5385.0,5388.5,5384.0,5386.0,1000.0
3/10/2025 10:45,5385.5,5389.5,5385.5,5389.0,1000.0
3/10/2025 10:50,5389.5,5392.5,5389.0,5391.0,1000.0
3/10/2025 10:55,5391.0,5391.5,5389.5,5390.0,1000.0
3/10/2025 11:00,5390.0,5394.0,5385.5,5390.0,1000.0
3/10/2025 11:05,5390.0,5391.0,5383.5,5390.5,1000.0
3/10/2025 11:10,5390.5,5390.5,5382.5,5388.5,1000.0
3/10/2025 11:15,5389.0,5391.0,5387.0,5389.0,1000.0
3/10/2025 11:20,5389.5,5390.5,5387.0,5389.0,1000.0
3/10/2025 11:25,5389.5,5392.0,5388.5,5389.5,1000.0
3/10/2025 11:30,5389.0,5390.0,5387.0,5389.0,1000.0
3/10/2025 11:35,5389.0,5395.5,5385.5,5394.0,1000.0
3/10/2025 11:40,5394.0,5396.5,5393.5,5395.5,1000.0
3/10/2025 11:45,5395.5,5396.5,5393.0,5394.0,1000.0
3/10/2025 11:50,5394.0,5396.5,5392.5,5394.0,1000.0
3/10/2025 11:55,5394.0,5395.0,5391.0,5391.5,1000.0
3/10/2025 12:00,5391.5,5395.5,5391.5,5394.5,1000.0
3/10/2025 12:05,5394.0,5398.0,5393.0,5397.0,1000.0
3/10/2025 12:10,5397.5,5399.0,5392.0,5393.0,1000.0
3/10/2025 12:15,5393.0,5396.5,5393.0,5393.0,1000.0
3/10/2025 12:20,5393.0,5394.0,5391.0,5391.0,1000.0
3/10/2025 12:25,5391.0,5392.0,5386.5,5388.5,1000.0
3/10/2025 12:30,5388.5,5389.5,5385.0,5386.5,1000.0
3/10/2025 12:35,5386.0,5386.5,5382.0,5385.5,1000.0
3/10/2025 12:40,5385.5,5386.5,5384.0,5385.5,1000.0
3/10/2025 12:45,5385.5,5389.5,5385.0,5388.5,1000.0
3/10/2025 12:50,5388.0,5389.0,5385.5,5385.5,1000.0
3/10/2025 12:55,5385.5,5387.0,5384.0,5386.5,1000.0
3/10/2025 13:00,5386.5,5392.0,5386.0,5391.5,1000.0
3/10/2025 13:05,5391.0,5392.0,5388.0,5389.0,1000.0
3/10/2025 13:10,5389.5,5389.5,5385.5,5387.5,1000.0
3/10/2025 13:15,5387.0,5388.0,5383.0,5383.5,1000.0
3/10/2025 13:20,5383.0,5384.5,5380.0,5380.0,1000.0
3/10/2025 13:25,5380.0,5382.5,5379.5,5381.5,1000.0
3/10/2025 13:30,5381.5,5382.0,5378.5,5378.5,1000.0
3/10/2025 13:35,5378.5,5379.5,5372.5,5375.0,1000.0
3/10/2025 13:40,5374.5,5377.5,5374.5,5377.0,1000.0
3/10/2025 13:45,5377.0,5378.0,5376.0,5377.0,1000.0
3/10/2025 13:50,5377.0,5378.0,5376.0,5376.5,1000.0
3/10/2025 13:55,5376.5,5379.0,5374.5,5378.0,1000.0
3/10/2025 14:00,5377.5,5381.0,5377.0,5379.0,1000.0
3/10/2025 14:05,5379.0,5381.0,5378.5,5379.0,1000.0
3/10/2025 14:10,5379.5,5379.5,5374.0,5375.5,1000.0
3/10/2025 14:15,5375.0,5378.0,5374.0,5377.5,1000.0
3/10/2025 14:20,5377.5,5378.5,5376.5,5377.0,1000.0
3/10/2025 14:25,5376.5,5377.5,5376.0,5377.0,1000.0
3/10/2025 14:30,5377.5,5377.5,5371.5,5372.0,1000.0
3/10/2025 14:35,5372.5,5374.0,5372.0,5373.5,1000.0
3/10/2025 14:40,5373.5,5376.5,5372.5,5375.0,1000.0
3/10/2025 14:45,5374.5,5376.5,5373.5,5375.5,1000.0
3/10/2025 14:50,5375.0,5380.5,5375.0,5380.0,1000.0
3/10/2025 14:55,5380.0,5380.0,5377.0,5379.0,1000.0
3/10/2025 15:00,5379.0,5379.5,5378.0,5379.5,1000.0
3/10/2025 15:05,5379.5,5382.5,5378.5,5380.5,1000.0
3/10/2025 15:10,5380.0,5380.0,5377.5,5378.5,1000.0
3/10/2025 15:15,5379.0,5379.0,5375.5,5377.0,1000.0
3/10/2025 15:20,5376.5,5377.5,5375.5,5376.0,1000.0
3/10/2025 15:25,5376.0,5377.0,5375.5,5375.5,1000.0
3/10/2025 15:30,5375.5,5377.0,5375.0,5375.5,1000.0
3/10/2025 15:35,5375.0,5376.5,5374.5,5375.5,1000.0
3/10/2025 15:40,5375.5,5376.0,5373.0,5375.0,1000.0
3/10/2025 15:45,5374.5,5375.0,5373.0,5374.5,1000.0
3/10/2025 15:50,5374.0,5374.5,5372.5,5373.0,1000.0
3/10/2025 15:55,5372.5,5373.5,5371.0,5372.0,1000.0
3/10/2025 16:00,5371.5,5373.0,5367.5,5369.0,1000.0
3/10/2025 16:05,5368.5,5369.5,5367.5,5369.5,1000.0
3/10/2025 16:10,5369.0,5369.5,5365.0,5365.5,1000.0
3/10/2025 16:15,5365.5,5367.0,5365.0,5366.0,1000.0
3/10/2025 16:20,5365.5,5366.5,5365.5,5366.0,1000.0
3/10/2025 16:25,5366.0,5368.5,5365.5,5367.0,1000.0
3/10/2025 16:30,5367.0,5368.0,5366.5,5367.5,1000.0
3/10/2025 16:35,5368.0,5369.0,5367.5,5368.0,1000.0
3/10/2025 16:40,5368.0,5370.0,5367.5,5369.5,1000.0
3/10/2025 16:45,5369.5,5370.0,5366.0,5367.0,1000.0
3/10/2025 16:50,5367.0,5368.5,5367.0,5368.0,1000.0
3/10/2025 16:55,5368.0,5373.5,5368.0,5373.0,1000.0
3/10/2025 17:00,5373.5,5373.5,5371.5,5373.5,1000.0
3/10/2025 17:05,5373.0,5375.5,5372.0,5374.0,1000.0
3/10/2025 17:10,5374.0,5375.5,5373.0,5374.5,1000.0
3/10/2025 17:15,5374.5,5374.5,5373.0,5374.0,1000.0
3/10/2025 17:20,5373.5,5375.0,5373.5,5374.0,1000.0
3/10/2025 17:25,5374.0,5376.0,5372.5,5375.5,1000.0
3/10/2025 17:30,5375.5,5377.0,5375.0,5377.0,1000.0
3/10/2025 17:35,5377.0,5379.0,5377.0,5379.0,1000.0
3/10/2025 17:40,5379.0,5379.0,5378.0,5378.5,1000.0
3/10/2025 17:45,5378.5,5379.0,5376.5,5377.0,1000.0
3/10/2025 17:50,5377.0,5379.0,5376.5,5378.0,1000.0
3/10/2025 17:55,5378.0,5378.5,5374.0,5374.5,1000.0
3/10/2025 18:00,5375.0,5375.5,5374.5,5375.5,1000.0
3/10/2025 18:05,5375.0,5377.5,5375.0,5376.5,1000.0
3/10/2025 18:10,5377.0,5378.5,5375.5,5376.5,1000.0
3/10/2025 18:15,5376.0,5376.5,5375.0,5376.5,1000.0
3/10/2025 18:20,5376.5,5376.5,5374.5,5375.5,1000.0
3/10/2025 18:25,5375.5,5378.0,5375.0,5378.0,1000.0
3/10/2025 9:00,5370.0,5385.0,5367.5,5384.0,1000.0
3/10/2025 9:05,5384.0,5385.5,5377.5,5377.5,1000.0
3/10/2025 9:10,5377.5,5379.0,5369.0,5370.5,1000.0
3/10/2025 9:15,5370.0,5370.5,5365.0,5368.0,1000.0
3/10/2025 9:20,5367.5,5369.0,5364.5,5366.0,1000.0
3/10/2025 9:25,5366.0,5370.0,5365.5,5369.0,1000.0
3/10/2025 9:30,5368.5,5373.0,5367.0,5372.0,1000.0
3/10/2025 9:35,5372.0,5375.5,5370.5,5373.0,1000.0
3/10/2025 9:40,5373.0,5374.0,5369.5,5371.5,1000.0
3/10/2025 9:45,5371.0,5373.5,5367.5,5368.0,1000.0
3/10/2025 9:50,5368.0,5369.5,5362.0,5363.0,1000.0
3/10/2025 9:55,5363.0,5370.5,5361.5,5370.5,1000.0
3/11/2025 10:00,5388.0,5391.5,5383.5,5390.0,1000.0
3/11/2025 10:05,5390.0,5392.5,5389.5,5392.5,1000.0
3/11/2025 10:10,5392.0,5392.5,5389.5,5390.0,1000.0
3/11/2025 10:15,5390.0,5393.0,5389.5,5391.0,1000.0
3/11/2025 10:20,5391.0,5394.5,5390.0,5394.5,1000.0
3/11/2025 10:25,5394.5,5394.5,5391.0,5393.0,1000.0
3/11/2025 10:30,5393.0,5395.0,5390.5,5391.5,1000.0
3/11/2025 10:35,5391.5,5391.5,5385.5,5388.5,1000.0
3/11/2025 10:40,5388.5,5389.5,5385.5,5386.0,1000.0
3/11/2025 10:45,5386.5,5387.0,5380.0,5382.5,1000.0
3/11/2025 10:50,5382.0,5387.5,5382.0,5386.5,1000.0
3/11/2025 10:55,5386.5,5387.0,5383.0,5384.5,1000.0
3/11/2025 11:00,5384.5,5386.0,5383.0,5385.0,1000.0
3/11/2025 11:05,5384.5,5385.5,5383.0,5383.5,1000.0
3/11/2025 11:10,5383.5,5384.0,5382.0,5383.5,1000.0
3/11/2025 11:15,5383.0,5388.0,5383.0,5386.0,1000.0
3/11/2025 11:20,5386.0,5387.5,5385.0,5385.5,1000.0
3/11/2025 11:25,5386.0,5389.5,5385.5,5388.5,1000.0
3/11/2025 11:30,5389.0,5391.0,5387.0,5389.0,1000.0
3/11/2025 11:35,5389.5,5389.5,5386.5,5388.5,1000.0
3/11/2025 11:40,5388.5,5391.5,5388.0,5390.5,1000.0
3/11/2025 11:45,5391.0,5391.0,5387.0,5389.0,1000.0
3/11/2025 11:50,5389.5,5390.5,5387.0,5387.0,1000.0
3/11/2025 11:55,5387.5,5389.5,5386.5,5386.5,1000.0
3/11/2025 12:00,5386.5,5386.5,5378.0,5382.5,1000.0
3/11/2025 12:05,5382.0,5385.0,5380.5,5383.0,1000.0
3/11/2025 12:10,5383.5,5385.0,5381.5,5384.0,1000.0
3/11/2025 12:15,5384.5,5385.5,5381.5,5382.5,1000.0
3/11/2025 12:20,5382.5,5393.0,5382.0,5392.5,1000.0
3/11/2025 12:25,5392.5,5403.0,5392.0,5399.0,1000.0
3/11/2025 12:30,5399.0,5402.0,5397.0,5401.5,1000.0
3/11/2025 12:35,5402.0,5405.0,5397.0,5398.0,1000.0
3/11/2025 12:40,5398.5,5399.5,5395.5,5398.0,1000.0
3/11/2025 12:45,5398.0,5398.5,5395.0,5397.0,1000.0
3/11/2025 12:50,5396.5,5397.0,5393.5,5396.0,1000.0
3/11/2025 12:55,5396.5,5397.0,5393.5,5393.5,1000.0
3/11/2025 13:00,5393.5,5394.0,5387.5,5388.5,1000.0
3/11/2025 13:05,5388.0,5391.5,5387.0,5389.0,1000.0
3/11/2025 13:10,5389.5,5392.5,5388.5,5392.0,1000.0
3/11/2025 13:15,5392.0,5393.5,5392.0,5392.0,1000.0
3/11/2025 13:20,5392.0,5393.0,5389.0,5392.5,1000.0
3/11/2025 13:25,5392.5,5394.5,5392.0,5393.5,1000.0
3/11/2025 13:30,5393.5,5394.0,5391.0,5392.0,1000.0
3/11/2025 13:35,5392.0,5393.0,5390.0,5391.0,1000.0
3/11/2025 13:40,5391.0,5392.5,5390.5,5392.5,1000.0
3/11/2025 13:45,5392.5,5393.5,5391.0,5393.5,1000.0
3/11/2025 13:50,5393.0,5397.0,5393.0,5395.0,1000.0
3/11/2025 13:55,5395.0,5395.0,5392.0,5394.5,1000.0
3/11/2025 14:00,5394.0,5397.0,5393.0,5396.5,1000.0
3/11/2025 14:05,5396.5,5399.0,5395.5,5397.0,1000.0
3/11/2025 14:10,5397.0,5397.5,5395.0,5396.0,1000.0
3/11/2025 14:15,5395.5,5396.0,5393.5,5395.0,1000.0
3/11/2025 14:20,5395.0,5395.5,5392.5,5393.0,1000.0
3/11/2025 14:25,5393.5,5394.5,5391.0,5391.0,1000.0
3/11/2025 14:30,5391.0,5393.5,5390.5,5393.0,1000.0
3/11/2025 14:35,5393.0,5394.5,5392.5,5394.0,1000.0
3/11/2025 14:40,5393.5,5395.0,5393.5,5394.0,1000.0
3/11/2025 14:45,5394.0,5395.0,5393.5,5393.5,1000.0
3/11/2025 14:50,5393.0,5393.5,5390.0,5390.5,1000.0
3/11/2025 14:55,5390.5,5391.5,5388.0,5390.0,1000.0
3/11/2025 15:00,5389.5,5392.0,5388.5,5391.5,1000.0
3/11/2025 15:05,5391.5,5391.5,5389.5,5391.5,1000.0
3/11/2025 15:10,5391.5,5392.5,5390.5,5392.0,1000.0
3/11/2025 15:15,5392.5,5393.0,5391.5,5392.5,1000.0
3/11/2025 15:20,5392.0,5396.0,5391.5,5395.0,1000.0
3/11/2025 15:25,5394.5,5396.0,5393.5,5393.5,1000.0
3/11/2025 15:30,5393.5,5394.5,5392.0,5392.0,1000.0
3/11/2025 15:35,5392.5,5393.5,5391.0,5392.0,1000.0
3/11/2025 15:40,5391.5,5393.0,5389.0,5390.5,1000.0
3/11/2025 15:45,5390.5,5393.0,5390.0,5391.5,1000.0
3/11/2025 15:50,5392.0,5392.5,5390.5,5390.5,1000.0
3/11/2025 15:55,5390.5,5391.0,5390.5,5390.5,1000.0
3/11/2025 16:00,5391.0,5392.0,5389.0,5391.5,1000.0
3/11/2025 16:05,5391.5,5392.5,5390.5,5391.0,1000.0
3/11/2025 16:10,5391.5,5391.5,5389.5,5390.0,1000.0
3/11/2025 16:15,5389.5,5391.0,5389.5,5390.5,1000.0
3/11/2025 16:20,5390.5,5390.5,5388.5,5389.0,1000.0
3/11/2025 16:25,5389.0,5390.5,5388.5,5390.0,1000.0
3/11/2025 16:30,5390.0,5391.5,5389.5,5390.0,1000.0
3/11/2025 16:35,5389.5,5391.5,5389.5,5391.5,1000.0
3/11/2025 16:40,5391.0,5394.0,5390.5,5391.5,1000.0
3/11/2025 16:45,5391.0,5392.0,5391.0,5392.0,1000.0
3/11/2025 16:50,5392.0,5392.5,5391.5,5391.5,1000.0
3/11/2025 16:55,5391.5,5392.0,5391.0,5392.0,1000.0
3/11/2025 17:00,5392.0,5393.0,5391.0,5393.0,1000.0
3/11/2025 17:05,5392.5,5394.0,5392.5,5393.5,1000.0
3/11/2025 17:10,5393.5,5394.5,5393.0,5393.0,1000.0
3/11/2025 17:15,5393.0,5394.0,5391.5,5392.5,1000.0
3/11/2025 17:20,5392.5,5394.5,5392.5,5393.5,1000.0
3/11/2025 17:25,5394.0,5395.0,5393.5,5394.5,1000.0
3/11/2025 17:30,5395.0,5395.0,5392.5,5392.5,1000.0
3/11/2025 17:35,5393.0,5394.0,5392.0,5394.0,1000.0
3/11/2025 17:40,5394.0,5394.0,5393.0,5393.0,1000.0
3/11/2025 17:45,5393.5,5393.5,5392.5,5393.0,1000.0
3/11/2025 17:50,5393.5,5393.5,5392.5,5393.0,1000.0
3/11/2025 17:55,5392.5,5394.0,5390.5,5390.5,1000.0
3/11/2025 18:00,5390.5,5393.0,5390.5,5391.0,1000.0
3/11/2025 18:05,5391.0,5393.5,5391.0,5393.5,1000.0
3/11/2025 18:10,5393.5,5395.0,5391.5,5391.5,1000.0
3/11/2025 18:15,5392.0,5395.0,5391.5,5394.5,1000.0
3/11/2025 18:20,5395.0,5397.5,5394.5,5396.0,1000.0
3/11/2025 18:25,5396.0,5397.5,5394.5,5396.0,1000.0
3/11/2025 9:00,5409.5,5416.5,5406.5,5415.0,1000.0
3/11/2025 9:05,5414.5,5417.0,5413.0,5414.5,1000.0
3/11/2025 9:10,5414.5,5415.5,5409.0,5411.0,1000.0
3/11/2025 9:15,5411.0,5412.0,5404.5,5405.0,1000.0
3/11/2025 9:20,5405.5,5405.5,5392.0,5394.5,1000.0
3/11/2025 9:25,5394.5,5398.5,5392.0,5397.0,1000.0
3/11/2025 9:30,5396.5,5397.0,5393.5,5395.0,1000.0
3/11/2025 9:35,5395.0,5397.5,5394.5,5396.0,1000.0
3/11/2025 9:40,5396.0,5397.0,5393.0,5394.5,1000.0
3/11/2025 9:45,5394.5,5395.5,5390.0,5390.5,1000.0
3/11/2025 9:50,5390.5,5392.0,5384.0,5389.0,1000.0
3/11/2025 9:55,5388.5,5392.5,5388.0,5388.0,1000.0
3/12/2025 10:00,5354.0,5355.0,5347.0,5349.0,1000.0
3/12/2025 10:05,5349.5,5351.5,5348.5,5350.0,1000.0
3/12/2025 10:10,5349.5,5352.5,5348.5,5351.0,1000.0
3/12/2025 10:15,5351.0,5352.0,5344.0,5349.0,1000.0
3/12/2025 10:20,5348.5,5349.5,5347.0,5349.0,1000.0
3/12/2025 10:25,5349.0,5349.5,5345.5,5346.0,1000.0
3/12/2025 10:30,5345.5,5346.5,5342.0,5342.0,1000.0
3/12/2025 10:35,5342.0,5342.5,5332.0,5332.5,1000.0
3/12/2025 10:40,5332.0,5340.0,5332.0,5338.5,1000.0
3/12/2025 10:45,5339.0,5341.0,5337.5,5338.0,1000.0
3/12/2025 10:50,5338.5,5344.0,5338.0,5344.0,1000.0
3/12/2025 10:55,5343.5,5349.0,5342.5,5347.5,1000.0
3/12/2025 11:00,5347.0,5348.0,5343.0,5347.5,1000.0
3/12/2025 11:05,5347.0,5351.0,5347.0,5349.0,1000.0
3/12/2025 11:10,5349.5,5350.5,5345.5,5348.0,1000.0
3/12/2025 11:15,5348.0,5348.5,5345.0,5347.0,1000.0
3/12/2025 11:20,5347.0,5348.0,5345.5,5346.5,1000.0
3/12/2025 11:25,5346.5,5347.0,5343.5,5345.5,1000.0
3/12/2025 11:30,5346.0,5346.0,5339.0,5341.0,1000.0
3/12/2025 11:35,5341.0,5341.5,5333.0,5336.5,1000.0
3/12/2025 11:40,5336.5,5337.5,5335.0,5335.5,1000.0
3/12/2025 11:45,5336.0,5336.0,5331.0,5336.0,1000.0
3/12/2025 11:50,5335.5,5340.5,5335.0,5339.5,1000.0
3/12/2025 11:55,5339.5,5340.5,5336.0,5337.0,1000.0
3/12/2025 12:00,5337.0,5342.5,5336.5,5341.0,1000.0
3/12/2025 12:05,5340.5,5342.5,5336.5,5338.0,1000.0
3/12/2025 12:10,5338.0,5342.0,5336.5,5339.5,1000.0
3/12/2025 12:15,5339.0,5340.5,5337.0,5337.0,1000.0
3/12/2025 12:20,5337.5,5338.0,5334.5,5336.5,1000.0
3/12/2025 12:25,5336.5,5338.5,5333.0,5338.5,1000.0
3/12/2025 12:30,5338.5,5340.0,5334.5,5337.0,1000.0
3/12/2025 12:35,5337.0,5339.5,5336.0,5338.5,1000.0
3/12/2025 12:40,5338.5,5339.5,5337.5,5338.5,1000.0
3/12/2025 12:45,5338.0,5339.5,5336.0,5336.5,1000.0
3/12/2025 12:50,5337.0,5339.0,5335.0,5335.0,1000.0
3/12/2025 12:55,5335.5,5337.5,5331.5,5333.0,1000.0
3/12/2025 13:00,5333.0,5333.0,5330.0,5333.0,1000.0
3/12/2025 13:05,5332.5,5334.5,5332.5,5334.0,1000.0
3/12/2025 13:10,5333.5,5334.0,5332.0,5333.0,1000.0
3/12/2025 13:15,5333.5,5333.5,5331.0,5331.5,1000.0
3/12/2025 13:20,5331.5,5333.5,5331.0,5333.5,1000.0
3/12/2025 13:25,5334.0,5335.5,5333.5,5334.5,1000.0
3/12/2025 13:30,5334.5,5335.5,5333.5,5334.0,1000.0
3/12/2025 13:35,5334.0,5335.5,5334.0,5335.0,1000.0
3/12/2025 13:40,5335.5,5337.0,5335.0,5336.0,1000.0
3/12/2025 13:45,5336.0,5337.5,5335.0,5337.0,1000.0
3/12/2025 13:50,5337.0,5342.5,5336.5,5340.5,1000.0
3/12/2025 13:55,5341.0,5344.5,5341.0,5343.0,1000.0
3/12/2025 14:00,5343.5,5344.0,5340.5,5341.5,1000.0
3/12/2025 14:05,5342.0,5343.0,5340.5,5340.5,1000.0
3/12/2025 14:10,5340.5,5341.5,5337.5,5338.5,1000.0
3/12/2025 14:15,5338.0,5339.0,5337.5,5338.0,1000.0
3/12/2025 14:20,5338.0,5339.0,5336.5,5336.5,1000.0
3/12/2025 14:25,5336.5,5339.5,5336.5,5339.0,1000.0
3/12/2025 14:30,5339.0,5340.0,5337.5,5339.5,1000.0
3/12/2025 14:35,5339.0,5340.5,5338.5,5340.0,1000.0
3/12/2025 14:40,5339.5,5341.5,5339.0,5339.5,1000.0
3/12/2025 14:45,5339.0,5340.5,5338.5,5339.0,1000.0
3/12/2025 14:50,5339.0,5341.0,5339.0,5340.5,1000.0
3/12/2025 14:55,5340.5,5343.0,5340.0,5340.5,1000.0
3/12/2025 15:00,5340.5,5342.0,5340.5,5341.0,1000.0
3/12/2025 15:05,5340.5,5340.5,5338.0,5339.0,1000.0
3/12/2025 15:10,5339.0,5340.0,5338.0,5339.0,1000.0
3/12/2025 15:15,5339.0,5344.0,5338.5,5343.0,1000.0
3/12/2025 15:20,5343.0,5346.0,5342.0,5343.0,1000.0
3/12/2025 15:25,5342.5,5343.5,5340.0,5340.5,1000.0
3/12/2025 15:30,5340.5,5341.0,5339.0,5340.0,1000.0
3/12/2025 15:35,5340.0,5341.0,5338.0,5338.0,1000.0
3/12/2025 15:40,5338.0,5339.5,5336.0,5337.5,1000.0
3/12/2025 15:45,5337.0,5339.5,5337.0,5338.0,1000.0
3/12/2025 15:50,5338.0,5340.5,5338.0,5339.5,1000.0
3/12/2025 15:55,5339.5,5341.0,5339.5,5341.0,1000.0
3/12/2025 16:00,5341.0,5341.5,5339.5,5341.0,1000.0
3/12/2025 16:05,5341.0,5342.0,5340.5,5341.0,1000.0
3/12/2025 16:10,5341.0,5343.5,5341.0,5341.0,1000.0
3/12/2025 16:15,5341.0,5341.5,5339.5,5341.0,1000.0
3/12/2025 16:20,5341.5,5343.5,5341.5,5343.0,1000.0
3/12/2025 16:25,5343.0,5344.5,5342.5,5343.0,1000.0
3/12/2025 16:30,5343.5,5345.0,5342.5,5342.5,1000.0
3/12/2025 16:35,5342.5,5344.0,5342.5,5343.5,1000.0
3/12/2025 16:40,5343.5,5344.5,5343.0,5344.5,1000.0
3/12/2025 16:45,5344.5,5345.0,5343.5,5344.5,1000.0
3/12/2025 16:50,5344.0,5345.5,5343.5,5345.5,1000.0
3/12/2025 16:55,5345.5,5346.0,5344.5,5345.5,1000.0
3/12/2025 17:00,5345.5,5345.5,5343.5,5343.5,1000.0
3/12/2025 17:05,5344.0,5344.5,5343.0,5343.5,1000.0
3/12/2025 17:10,5344.0,5345.5,5343.0,5344.5,1000.0
3/12/2025 17:15,5344.0,5344.5,5342.5,5342.5,1000.0
3/12/2025 17:20,5342.5,5343.5,5342.5,5342.5,1000.0
3/12/2025 17:25,5342.5,5343.5,5342.0,5343.0,1000.0
3/12/2025 17:30,5343.0,5343.5,5341.5,5341.5,1000.0
3/12/2025 17:35,5341.5,5342.5,5341.5,5342.0,1000.0
3/12/2025 17:40,5342.0,5344.0,5342.0,5343.5,1000.0
3/12/2025 17:45,5343.0,5344.0,5342.0,5342.5,1000.0
3/12/2025 17:50,5342.5,5343.0,5341.5,5342.5,1000.0
3/12/2025 17:55,5342.0,5343.0,5342.0,5342.5,1000.0
3/12/2025 18:00,5343.0,5344.5,5342.5,5343.5,1000.0
3/12/2025 18:05,5343.0,5343.5,5342.0,5343.0,1000.0
3/12/2025 18:10,5343.5,5344.0,5342.0,5342.5,1000.0
3/12/2025 18:15,5342.0,5343.0,5341.0,5342.0,1000.0
3/12/2025 18:20,5342.0,5342.5,5339.0,5341.0,1000.0
3/12/2025 18:25,5341.0,5341.5,5339.0,5341.5,1000.0
3/12/2025 9:00,5350.0,5350.5,5344.0,5349.0,1000.0
3/12/2025 9:05,5349.0,5354.0,5347.5,5348.5,1000.0
3/12/2025 9:10,5348.5,5349.5,5345.5,5349.0,1000.0
3/12/2025 9:15,5349.0,5351.5,5347.0,5349.0,1000.0
3/12/2025 9:20,5349.0,5350.5,5345.5,5350.5,1000.0
3/12/2025 9:25,5350.0,5353.0,5350.0,5351.5,1000.0
3/12/2025 9:30,5351.5,5353.5,5351.0,5352.5,1000.0
3/12/2025 9:35,5353.0,5355.0,5350.0,5353.0,1000.0
3/12/2025 9:40,5353.0,5354.0,5349.5,5351.5,1000.0
3/12/2025 9:45,5351.5,5354.0,5351.5,5353.5,1000.0
3/12/2025 9:50,5353.5,5355.0,5350.5,5354.0,1000.0
3/12/2025 9:55,5353.5,5355.5,5352.0,5353.5,1000.0
3/2/2026 10:00,5262.0,5263.0,5256.0,5257.0,1000.0
3/2/2026 10:05,5257.5,5258.0,5252.0,5256.0,1000.0
3/2/2026 10:10,5256.0,5257.5,5252.5,5252.5,1000.0
3/2/2026 10:15,5252.5,5257.5,5252.5,5257.5,1000.0
3/2/2026 10:20,5257.5,5261.5,5257.0,5259.5,1000.0
3/2/2026 10:25,5259.5,5261.5,5257.0,5260.0,1000.0
3/2/2026 10:30,5260.0,5261.0,5258.0,5259.0,1000.0
3/2/2026 10:35,5259.5,5261.0,5256.5,5257.5,1000.0
3/2/2026 10:40,5257.5,5258.0,5249.5,5251.0,1000.0
3/2/2026 10:45,5250.5,5251.0,5243.5,5248.0,1000.0
3/2/2026 10:50,5248.5,5248.5,5242.0,5245.0,1000.0
3/2/2026 10:55,5245.5,5246.0,5239.5,5243.5,1000.0
3/2/2026 11:00,5244.0,5247.0,5243.5,5247.0,1000.0
3/2/2026 11:05,5246.5,5250.0,5246.5,5246.5,1000.0
3/2/2026 11:10,5247.0,5248.5,5245.0,5246.0,1000.0
3/2/2026 11:15,5246.0,5248.5,5245.0,5245.5,1000.0
3/2/2026 11:20,5245.0,5246.0,5238.5,5239.0,1000.0
3/2/2026 11:25,5239.0,5242.5,5238.0,5239.0,1000.0
3/2/2026 11:30,5238.5,5242.0,5235.5,5237.0,1000.0
3/2/2026 11:35,5237.5,5242.0,5235.0,5240.0,1000.0
3/2/2026 11:40,5240.0,5245.0,5239.0,5244.5,1000.0
3/2/2026 11:45,5244.5,5247.5,5241.5,5244.0,1000.0
3/2/2026 11:50,5244.0,5249.0,5242.5,5248.0,1000.0
3/2/2026 11:55,5248.0,5258.5,5247.0,5258.0,1000.0
3/2/2026 12:00,5258.5,5262.0,5255.5,5260.5,1000.0
3/2/2026 12:05,5260.5,5261.0,5255.5,5257.5,1000.0
3/2/2026 12:10,5257.5,5267.5,5256.5,5264.5,1000.0
3/2/2026 12:15,5264.5,5265.0,5253.0,5254.5,1000.0
3/2/2026 12:20,5254.5,5255.0,5249.0,5252.5,1000.0
3/2/2026 12:25,5252.5,5253.5,5246.0,5249.0,1000.0
3/2/2026 12:30,5249.0,5251.5,5247.0,5250.0,1000.0
3/2/2026 12:35,5250.0,5253.5,5249.0,5252.0,1000.0
3/2/2026 12:40,5251.5,5253.5,5250.5,5251.5,1000.0
3/2/2026 12:45,5251.5,5254.5,5247.0,5247.5,1000.0
3/2/2026 12:50,5248.0,5250.5,5244.0,5249.0,1000.0
3/2/2026 12:55,5249.0,5251.0,5243.5,5243.5,1000.0
3/2/2026 13:00,5244.0,5245.5,5241.5,5243.0,1000.0
3/2/2026 13:05,5243.0,5247.5,5243.0,5247.0,1000.0
3/2/2026 13:10,5247.0,5248.0,5244.0,5244.5,1000.0
3/2/2026 13:15,5244.0,5246.5,5241.5,5242.0,1000.0
3/2/2026 13:20,5242.5,5247.0,5241.5,5247.0,1000.0
3/2/2026 13:25,5246.5,5253.0,5245.5,5252.5,1000.0
3/2/2026 13:30,5252.5,5253.0,5249.0,5249.0,1000.0
3/2/2026 13:35,5249.0,5250.5,5247.5,5248.0,1000.0
3/2/2026 13:40,5248.0,5249.5,5247.5,5249.0,1000.0
3/2/2026 13:45,5248.5,5253.5,5248.5,5252.5,1000.0
3/2/2026 13:50,5252.0,5257.0,5250.0,5250.0,1000.0
3/2/2026 13:55,5250.0,5253.5,5249.5,5253.5,1000.0
3/2/2026 14:00,5253.0,5253.5,5251.5,5253.5,1000.0
3/2/2026 14:05,5253.5,5257.5,5253.0,5257.0,1000.0
3/2/2026 14:10,5257.0,5264.5,5256.0,5260.5,1000.0
3/2/2026 14:15,5260.5,5264.5,5258.5,5258.5,1000.0
3/2/2026 14:20,5259.0,5265.5,5258.5,5263.5,1000.0
3/2/2026 14:25,5264.0,5264.5,5261.0,5263.5,1000.0
3/2/2026 14:30,5263.0,5265.0,5262.0,5264.5,1000.0
3/2/2026 14:35,5264.0,5265.0,5262.0,5262.5,1000.0
3/2/2026 14:40,5262.0,5268.0,5261.0,5266.0,1000.0
3/2/2026 14:45,5265.5,5268.0,5261.5,5261.5,1000.0
3/2/2026 14:50,5261.5,5263.0,5259.0,5260.5,1000.0
3/2/2026 14:55,5260.5,5262.5,5260.0,5261.5,1000.0
3/2/2026 15:00,5261.0,5262.5,5260.0,5261.0,1000.0
3/2/2026 15:05,5261.0,5261.0,5256.5,5258.5,1000.0
3/2/2026 15:10,5258.5,5261.5,5257.5,5260.0,1000.0
3/2/2026 15:15,5260.0,5263.0,5259.0,5259.0,1000.0
3/2/2026 15:20,5259.0,5263.0,5258.5,5262.5,1000.0
3/2/2026 15:25,5263.0,5267.5,5262.5,5266.5,1000.0
3/2/2026 15:30,5266.5,5271.0,5265.5,5269.0,1000.0
3/2/2026 15:35,5269.0,5270.0,5263.5,5264.5,1000.0
3/2/2026 15:40,5264.5,5268.0,5264.0,5267.0,1000.0
3/2/2026 15:45,5267.5,5269.0,5266.0,5267.0,1000.0
3/2/2026 15:50,5267.5,5269.0,5265.5,5267.0,1000.0
3/2/2026 15:55,5267.5,5270.5,5266.0,5270.0,1000.0
3/2/2026 16:00,5270.0,5274.5,5268.5,5274.0,1000.0
3/2/2026 16:05,5274.0,5275.0,5272.0,5274.5,1000.0
3/2/2026 16:10,5274.0,5276.0,5266.5,5267.5,1000.0
3/2/2026 16:15,5267.0,5269.5,5264.0,5266.0,1000.0
3/2/2026 16:20,5266.0,5267.0,5264.5,5267.0,1000.0
3/2/2026 16:25,5267.0,5268.5,5264.5,5267.5,1000.0
3/2/2026 16:30,5267.5,5270.5,5266.0,5269.0,1000.0
3/2/2026 16:35,5269.5,5269.5,5266.5,5267.0,1000.0
3/2/2026 16:40,5267.0,5268.5,5265.5,5268.5,1000.0
3/2/2026 16:45,5268.5,5269.5,5268.0,5268.5,1000.0
3/2/2026 16:50,5268.5,5292.5,5267.0,5279.0,1000.0
3/2/2026 16:55,5279.5,5283.0,5271.5,5276.5,1000.0
3/2/2026 17:00,5276.5,5282.5,5276.5,5280.0,1000.0
3/2/2026 17:05,5280.5,5280.5,5275.5,5276.0,1000.0
3/2/2026 17:10,5276.0,5279.0,5275.5,5276.5,1000.0
3/2/2026 17:15,5276.0,5279.5,5274.5,5276.0,1000.0
3/2/2026 17:20,5275.5,5278.0,5275.0,5276.5,1000.0
3/2/2026 17:25,5276.5,5277.5,5275.5,5275.5,1000.0
3/2/2026 17:30,5275.0,5275.5,5268.5,5269.5,1000.0
3/2/2026 17:35,5270.0,5270.5,5266.5,5267.5,1000.0
3/2/2026 17:40,5267.0,5270.0,5266.0,5267.5,1000.0
3/2/2026 17:45,5267.0,5268.5,5267.0,5268.5,1000.0
3/2/2026 17:50,5268.5,5269.5,5267.0,5267.5,1000.0
3/2/2026 17:55,5267.5,5268.5,5267.0,5268.5,1000.0
3/2/2026 18:00,5268.0,5270.0,5266.5,5269.5,1000.0
3/2/2026 18:05,5269.0,5271.0,5267.5,5271.0,1000.0
3/2/2026 18:10,5271.0,5271.0,5269.0,5270.0,1000.0
3/2/2026 18:15,5270.0,5271.5,5268.0,5269.0,1000.0
3/2/2026 18:20,5269.0,5269.0,5266.5,5267.5,1000.0
3/2/2026 18:25,5267.0,5268.0,5266.0,5266.5,1000.0
3/2/2026 9:00,5275.5,5278.0,5265.0,5267.5,1000.0
3/2/2026 9:05,5268.0,5268.5,5261.5,5267.0,1000.0
3/2/2026 9:10,5266.5,5268.0,5261.0,5261.5,1000.0
3/2/2026 9:15,5261.5,5269.5,5261.0,5266.0,1000.0
3/2/2026 9:20,5266.0,5269.5,5265.0,5266.0,1000.0
3/2/2026 9:25,5266.5,5271.0,5266.0,5271.0,1000.0
3/2/2026 9:30,5270.5,5271.5,5266.0,5267.0,1000.0
3/2/2026 9:35,5266.5,5269.0,5265.0,5268.0,1000.0
3/2/2026 9:40,5268.0,5273.5,5266.0,5270.0,1000.0
3/2/2026 9:45,5270.5,5271.0,5254.5,5258.0,1000.0
3/2/2026 9:50,5258.0,5259.5,5256.5,5258.0,1000.0
3/2/2026 9:55,5258.0,5265.5,5257.0,5262.0,1000.0
3/3/2026 10:00,5283.0,5286.5,5277.5,5285.5,1000.0
3/3/2026 10:05,5286.0,5286.5,5279.0,5283.0,1000.0
3/3/2026 10:10,5283.0,5291.5,5282.0,5290.0,1000.0
3/3/2026 10:15,5290.0,5294.5,5287.0,5294.0,1000.0
3/3/2026 10:20,5294.0,5294.5,5291.0,5293.5,1000.0
3/3/2026 10:25,5293.5,5300.0,5293.0,5295.5,1000.0
3/3/2026 10:30,5295.5,5296.0,5288.5,5295.0,1000.0
3/3/2026 10:35,5294.5,5297.5,5288.5,5289.0,1000.0
3/3/2026 10:40,5289.5,5294.5,5287.5,5288.5,1000.0
3/3/2026 10:45,5289.0,5292.0,5286.5,5290.5,1000.0
3/3/2026 10:50,5290.5,5298.0,5290.0,5296.5,1000.0
3/3/2026 10:55,5297.0,5302.0,5295.5,5298.5,1000.0
3/3/2026 11:00,5298.5,5300.5,5294.5,5299.5,1000.0
3/3/2026 11:05,5299.5,5310.5,5298.0,5309.5,1000.0
3/3/2026 11:10,5310.0,5326.5,5309.5,5319.5,1000.0
3/3/2026 11:15,5319.5,5331.5,5318.5,5327.0,1000.0
3/3/2026 11:20,5327.5,5333.0,5325.5,5331.5,1000.0
3/3/2026 11:25,5331.0,5333.0,5321.0,5330.5,1000.0
3/3/2026 11:30,5330.0,5332.5,5319.5,5330.0,1000.0
3/3/2026 11:35,5329.5,5335.0,5320.5,5323.5,1000.0
3/3/2026 11:40,5323.5,5350.0,5323.0,5349.0,1000.0
3/3/2026 11:45,5348.5,5349.0,5336.5,5342.5,1000.0
3/3/2026 11:50,5342.5,5347.5,5336.5,5343.5,1000.0
3/3/2026 11:55,5343.0,5354.5,5343.0,5352.5,1000.0
3/3/2026 12:00,5352.0,5369.5,5346.5,5368.0,1000.0
3/3/2026 12:05,5368.0,5373.5,5365.5,5369.0,1000.0
3/3/2026 12:10,5369.0,5375.5,5365.5,5370.5,1000.0
3/3/2026 12:15,5370.5,5379.5,5367.5,5379.0,1000.0
3/3/2026 12:20,5379.0,5383.5,5366.0,5367.0,1000.0
3/3/2026 12:25,5367.5,5370.0,5357.5,5364.0,1000.0
3/3/2026 12:30,5364.0,5365.0,5354.5,5362.0,1000.0
3/3/2026 12:35,5362.0,5371.0,5360.0,5366.5,1000.0
3/3/2026 12:40,5366.5,5368.5,5355.5,5361.5,1000.0
3/3/2026 12:45,5361.5,5362.0,5343.5,5351.0,1000.0
3/3/2026 12:50,5351.0,5357.0,5344.5,5349.0,1000.0
3/3/2026 12:55,5349.0,5358.0,5345.5,5356.5,1000.0
3/3/2026 13:00,5356.5,5357.0,5349.0,5351.0,1000.0
3/3/2026 13:05,5351.5,5352.0,5339.0,5341.0,1000.0
3/3/2026 13:10,5341.0,5347.0,5335.5,5337.5,1000.0
3/3/2026 13:15,5337.5,5338.5,5330.5,5331.5,1000.0
3/3/2026 13:20,5332.0,5333.0,5323.5,5325.0,1000.0
3/3/2026 13:25,5324.5,5332.5,5322.0,5331.0,1000.0
3/3/2026 13:30,5331.0,5346.5,5331.0,5338.0,1000.0
3/3/2026 13:35,5338.5,5340.5,5332.0,5333.5,1000.0
3/3/2026 13:40,5333.0,5341.0,5328.0,5328.5,1000.0
3/3/2026 13:45,5328.5,5332.5,5311.0,5330.0,1000.0
3/3/2026 13:50,5330.5,5331.0,5316.0,5316.5,1000.0
3/3/2026 13:55,5316.5,5320.0,5312.0,5313.0,1000.0
3/3/2026 14:00,5313.0,5323.0,5310.0,5321.0,1000.0
3/3/2026 14:05,5321.0,5333.0,5320.5,5333.0,1000.0
3/3/2026 14:10,5333.0,5336.0,5329.5,5331.5,1000.0
3/3/2026 14:15,5331.0,5337.5,5330.5,5331.5,1000.0
3/3/2026 14:20,5332.0,5338.0,5319.5,5324.0,1000.0
3/3/2026 14:25,5323.5,5325.5,5319.5,5323.0,1000.0
3/3/2026 14:30,5323.0,5337.0,5319.0,5335.5,1000.0
3/3/2026 14:35,5335.0,5338.5,5333.5,5336.5,1000.0
3/3/2026 14:40,5336.5,5338.5,5324.5,5326.5,1000.0
3/3/2026 14:45,5326.0,5328.5,5319.0,5319.5,1000.0
3/3/2026 14:50,5320.0,5323.5,5316.0,5323.0,1000.0
3/3/2026 14:55,5323.0,5326.0,5319.5,5322.0,1000.0
3/3/2026 15:00,5322.0,5322.5,5316.0,5319.5,1000.0
3/3/2026 15:05,5319.5,5320.5,5315.5,5316.0,1000.0
3/3/2026 15:10,5316.5,5322.5,5315.5,5319.0,1000.0
3/3/2026 15:15,5319.0,5319.5,5316.0,5316.5,1000.0
3/3/2026 15:20,5316.5,5317.5,5309.5,5311.0,1000.0
3/3/2026 15:25,5311.0,5315.0,5309.0,5315.0,1000.0
3/3/2026 15:30,5315.0,5316.0,5308.0,5311.5,1000.0
3/3/2026 15:35,5311.0,5311.5,5298.0,5299.5,1000.0
3/3/2026 15:40,5299.5,5305.0,5298.5,5303.5,1000.0
3/3/2026 15:45,5303.5,5305.0,5299.5,5303.5,1000.0
3/3/2026 15:50,5303.5,5304.0,5298.5,5302.5,1000.0
3/3/2026 15:55,5302.5,5305.5,5298.0,5301.0,1000.0
3/3/2026 16:00,5301.0,5303.0,5296.5,5297.5,1000.0
3/3/2026 16:05,5297.5,5309.5,5297.0,5308.5,1000.0
3/3/2026 16:10,5308.5,5309.5,5305.0,5306.0,1000.0
3/3/2026 16:15,5305.5,5310.0,5304.0,5306.5,1000.0
3/3/2026 16:20,5307.0,5309.5,5304.0,5309.0,1000.0
3/3/2026 16:25,5309.0,5310.0,5306.5,5310.0,1000.0
3/3/2026 16:30,5310.0,5315.0,5308.0,5314.0,1000.0
3/3/2026 16:35,5314.0,5315.5,5299.0,5300.0,1000.0
3/3/2026 16:40,5300.0,5300.0,5292.5,5295.5,1000.0
3/3/2026 16:45,5296.0,5300.0,5291.5,5298.5,1000.0
3/3/2026 16:50,5298.5,5305.5,5294.5,5303.0,1000.0
3/3/2026 16:55,5303.0,5305.5,5300.0,5302.5,1000.0
3/3/2026 17:00,5302.5,5306.0,5299.5,5305.0,1000.0
3/3/2026 17:05,5305.0,5306.0,5300.0,5301.5,1000.0
3/3/2026 17:10,5301.0,5304.5,5298.5,5304.5,1000.0
3/3/2026 17:15,5304.5,5305.5,5302.0,5303.5,1000.0
3/3/2026 17:20,5303.5,5306.0,5301.5,5304.0,1000.0
3/3/2026 17:25,5304.0,5305.5,5300.5,5303.0,1000.0
3/3/2026 17:30,5302.5,5307.5,5298.5,5304.5,1000.0
3/3/2026 17:35,5305.0,5309.0,5302.0,5307.5,1000.0
3/3/2026 17:40,5308.0,5311.5,5306.0,5309.0,1000.0
3/3/2026 17:45,5308.5,5311.5,5308.0,5310.0,1000.0
3/3/2026 17:50,5309.5,5312.0,5308.5,5312.0,1000.0
3/3/2026 17:55,5312.0,5313.5,5309.5,5310.5,1000.0
3/3/2026 18:00,5310.5,5311.0,5307.0,5308.0,1000.0
3/3/2026 18:05,5308.5,5313.5,5306.5,5312.5,1000.0
3/3/2026 18:10,5313.0,5320.0,5311.0,5319.5,1000.0
3/3/2026 18:15,5319.5,5321.5,5318.0,5320.0,1000.0
3/3/2026 18:20,5319.5,5324.0,5319.0,5323.0,1000.0
3/3/2026 18:25,5323.0,5324.0,5318.5,5319.0,1000.0
3/3/2026 9:00,5277.0,5302.0,5270.0,5291.5,1000.0
3/3/2026 9:05,5291.0,5294.5,5281.5,5290.5,1000.0
3/3/2026 9:10,5290.0,5290.5,5274.0,5283.0,1000.0
3/3/2026 9:15,5283.0,5283.5,5275.5,5282.0,1000.0
3/3/2026 9:20,5282.0,5283.0,5272.0,5278.0,1000.0
3/3/2026 9:25,5277.5,5284.5,5273.5,5284.0,1000.0
3/3/2026 9:30,5283.5,5293.5,5282.5,5291.5,1000.0
3/3/2026 9:35,5291.5,5293.0,5288.0,5289.0,1000.0
3/3/2026 9:40,5289.5,5293.0,5285.5,5287.0,1000.0
3/3/2026 9:45,5286.5,5287.5,5283.0,5286.5,1000.0
3/3/2026 9:50,5286.0,5292.0,5283.5,5290.0,1000.0
3/3/2026 9:55,5289.5,5290.5,5280.0,5282.5,1000.0
30/01/2026 09:00,5239.5,5248.5,5230.0,5238.0,1000.0
30/01/2026 09:05,5238.0,5243.5,5233.5,5233.5,1000.0
30/01/2026 09:10,5233.5,5235.0,5227.5,5228.5,1000.0
30/01/2026 09:15,5228.5,5233.5,5228.0,5233.0,1000.0
30/01/2026 09:20,5233.0,5238.0,5233.0,5235.5,1000.0
30/01/2026 09:25,5235.0,5237.5,5233.5,5236.5,1000.0
30/01/2026 09:30,5236.0,5237.5,5227.0,5232.5,1000.0
30/01/2026 09:35,5233.0,5236.5,5231.0,5236.0,1000.0
30/01/2026 09:40,5236.0,5243.0,5234.0,5242.5,1000.0
30/01/2026 09:45,5242.5,5246.5,5241.0,5243.5,1000.0
30/01/2026 09:50,5243.5,5255.5,5242.0,5252.0,1000.0
30/01/2026 09:55,5252.0,5258.0,5249.5,5251.5,1000.0
30/01/2026 10:00,5252.0,5262.0,5251.0,5254.0,1000.0
30/01/2026 10:05,5254.5,5259.0,5252.0,5253.0,1000.0
30/01/2026 10:10,5253.5,5257.0,5252.0,5253.5,1000.0
30/01/2026 10:15,5254.0,5257.0,5252.5,5253.5,1000.0
30/01/2026 10:20,5253.5,5256.0,5252.0,5252.0,1000.0
30/01/2026 10:25,5252.5,5254.0,5247.5,5251.5,1000.0
30/01/2026 10:30,5251.0,5260.0,5251.0,5254.0,1000.0
30/01/2026 10:35,5254.0,5259.5,5252.0,5257.5,1000.0
30/01/2026 10:40,5257.5,5262.0,5253.0,5258.5,1000.0
30/01/2026 10:45,5259.0,5269.5,5259.0,5268.5,1000.0
30/01/2026 10:50,5269.0,5275.5,5267.0,5274.0,1000.0
30/01/2026 10:55,5274.0,5274.0,5268.5,5270.5,1000.0
30/01/2026 11:00,5270.5,5271.0,5263.5,5264.5,1000.0
30/01/2026 11:05,5264.0,5265.0,5259.5,5262.0,1000.0
30/01/2026 11:10,5261.5,5262.0,5254.5,5255.0,1000.0
30/01/2026 11:15,5254.5,5259.5,5251.0,5254.0,1000.0
30/01/2026 11:20,5254.0,5256.0,5252.5,5253.0,1000.0
30/01/2026 11:25,5253.0,5258.0,5252.5,5256.5,1000.0
30/01/2026 11:30,5256.5,5257.5,5249.0,5251.0,1000.0
30/01/2026 11:35,5250.5,5253.5,5247.0,5249.5,1000.0
30/01/2026 11:40,5249.5,5252.5,5249.0,5250.5,1000.0
30/01/2026 11:45,5251.0,5253.0,5247.0,5250.0,1000.0
30/01/2026 11:50,5250.5,5252.5,5249.5,5251.0,1000.0
30/01/2026 11:55,5251.0,5257.5,5250.5,5253.5,1000.0
30/01/2026 12:00,5253.0,5262.0,5252.0,5258.5,1000.0
30/01/2026 12:05,5258.5,5259.5,5255.0,5256.5,1000.0
30/01/2026 12:10,5256.0,5258.5,5252.0,5255.0,1000.0
30/01/2026 12:15,5255.5,5255.5,5249.5,5252.0,1000.0
30/01/2026 12:20,5252.0,5253.5,5249.0,5252.5,1000.0
30/01/2026 12:25,5252.5,5262.0,5252.0,5261.0,1000.0
30/01/2026 12:30,5261.5,5266.0,5261.0,5262.5,1000.0
30/01/2026 12:35,5262.5,5263.0,5259.0,5261.5,1000.0
30/01/2026 12:40,5261.5,5261.5,5250.5,5251.0,1000.0
30/01/2026 12:45,5250.5,5261.5,5250.5,5260.5,1000.0
30/01/2026 12:50,5260.5,5263.0,5257.5,5261.0,1000.0
30/01/2026 12:55,5261.5,5270.5,5261.0,5269.5,1000.0
30/01/2026 13:00,5269.5,5270.5,5264.5,5268.5,1000.0
30/01/2026 13:05,5268.5,5271.0,5265.5,5268.5,1000.0
30/01/2026 13:10,5268.5,5275.5,5268.0,5273.5,1000.0
30/01/2026 13:15,5274.0,5276.0,5272.5,5274.0,1000.0
30/01/2026 13:20,5274.5,5275.5,5269.0,5272.0,1000.0
30/01/2026 13:25,5272.0,5272.0,5267.5,5270.0,1000.0
30/01/2026 13:30,5270.0,5270.0,5266.5,5268.0,1000.0
30/01/2026 13:35,5267.5,5270.0,5266.0,5269.5,1000.0
30/01/2026 13:40,5270.0,5271.0,5268.5,5269.0,1000.0
30/01/2026 13:45,5269.0,5279.5,5269.0,5276.0,1000.0
30/01/2026 13:50,5276.5,5284.0,5276.5,5280.5,1000.0
30/01/2026 13:55,5280.0,5281.5,5277.5,5278.5,1000.0
30/01/2026 14:00,5278.5,5283.5,5276.0,5283.0,1000.0
30/01/2026 14:05,5282.5,5295.0,5282.5,5291.5,1000.0
30/01/2026 14:10,5291.5,5296.0,5288.5,5293.5,1000.0
30/01/2026 14:15,5293.5,5296.0,5288.5,5295.0,1000.0
30/01/2026 14:20,5294.5,5297.5,5286.5,5291.0,1000.0
30/01/2026 14:25,5291.0,5292.0,5287.0,5290.0,1000.0
30/01/2026 14:30,5290.0,5291.0,5282.0,5283.0,1000.0
30/01/2026 14:35,5283.0,5287.0,5282.0,5285.5,1000.0
30/01/2026 14:40,5285.5,5288.0,5282.5,5285.0,1000.0
30/01/2026 14:45,5284.5,5286.0,5281.5,5284.5,1000.0
30/01/2026 14:50,5284.5,5287.5,5284.0,5287.0,1000.0
30/01/2026 14:55,5287.0,5291.5,5285.0,5290.5,1000.0
30/01/2026 15:00,5290.5,5293.5,5288.0,5288.0,1000.0
30/01/2026 15:05,5288.5,5291.5,5286.5,5291.5,1000.0
30/01/2026 15:10,5291.5,5295.0,5290.5,5292.5,1000.0
30/01/2026 15:15,5292.5,5303.0,5290.5,5303.0,1000.0
30/01/2026 15:20,5302.5,5312.0,5300.0,5300.0,1000.0
30/01/2026 15:25,5300.0,5304.5,5298.0,5300.5,1000.0
30/01/2026 15:30,5300.0,5303.5,5296.5,5302.0,1000.0
30/01/2026 15:35,5302.0,5310.5,5300.0,5309.0,1000.0
30/01/2026 15:40,5309.0,5309.5,5298.0,5298.5,1000.0
30/01/2026 15:45,5299.0,5299.0,5288.0,5289.5,1000.0
30/01/2026 15:50,5289.0,5290.0,5285.5,5287.0,1000.0
30/01/2026 15:55,5286.5,5289.0,5280.5,5285.0,1000.0
30/01/2026 16:00,5285.0,5286.0,5280.0,5283.5,1000.0
30/01/2026 16:05,5283.0,5284.5,5278.5,5281.0,1000.0
30/01/2026 16:10,5281.0,5283.0,5276.5,5278.5,1000.0
30/01/2026 16:15,5278.0,5281.0,5275.5,5277.0,1000.0
30/01/2026 16:20,5276.5,5280.5,5273.0,5276.5,1000.0
30/01/2026 16:25,5276.5,5283.0,5275.0,5283.0,1000.0
30/01/2026 16:30,5283.0,5285.0,5279.5,5280.5,1000.0
30/01/2026 16:35,5280.5,5281.5,5279.0,5279.0,1000.0
30/01/2026 16:40,5279.5,5282.5,5278.5,5281.0,1000.0
30/01/2026 16:45,5280.5,5283.5,5279.5,5283.0,1000.0
30/01/2026 16:50,5282.5,5282.5,5279.0,5280.0,1000.0
30/01/2026 16:55,5280.5,5280.5,5277.5,5279.0,1000.0
30/01/2026 17:00,5279.5,5282.5,5278.5,5281.0,1000.0
30/01/2026 17:05,5281.5,5285.0,5280.0,5281.5,1000.0
30/01/2026 17:10,5281.5,5287.0,5281.0,5287.0,1000.0
30/01/2026 17:15,5287.0,5288.5,5286.0,5287.0,1000.0
30/01/2026 17:20,5286.5,5292.5,5286.5,5290.5,1000.0
30/01/2026 17:25,5290.5,5296.0,5287.5,5294.0,1000.0
30/01/2026 17:30,5294.0,5295.0,5289.5,5290.0,1000.0
30/01/2026 17:35,5290.0,5296.0,5289.5,5292.0,1000.0
30/01/2026 17:40,5292.5,5296.0,5292.5,5295.0,1000.0
30/01/2026 17:45,5295.0,5298.5,5295.0,5296.5,1000.0
30/01/2026 17:50,5296.5,5296.5,5291.5,5295.5,1000.0
30/01/2026 17:55,5295.0,5296.5,5293.5,5294.5,1000.0
30/01/2026 18:00,5294.5,5295.5,5291.0,5295.5,1000.0
30/01/2026 18:05,5295.0,5297.5,5295.0,5297.0,1000.0
30/01/2026 18:10,5297.5,5298.0,5294.5,5298.0,1000.0
30/01/2026 18:15,5298.0,5298.0,5288.5,5289.5,1000.0
30/01/2026 18:20,5289.5,5294.0,5288.5,5292.0,1000.0
30/01/2026 18:25,5292.0,5295.5,5290.5,5290.5,1000.0
30/03/2026 09:00,5233.0,5252.0,5233.0,5251.0,1000.0
30/03/2026 09:05,5251.0,5252.5,5237.5,5241.5,1000.0
30/03/2026 09:10,5241.0,5252.0,5239.5,5251.5,1000.0
30/03/2026 09:15,5251.5,5251.5,5242.5,5245.0,1000.0
30/03/2026 09:20,5245.0,5248.5,5240.5,5241.0,1000.0
30/03/2026 09:25,5241.0,5243.5,5236.5,5242.0,1000.0
30/03/2026 09:30,5242.0,5242.5,5238.0,5240.0,1000.0
30/03/2026 09:35,5240.0,5241.0,5230.5,5232.0,1000.0
30/03/2026 09:40,5232.0,5236.0,5231.0,5234.0,1000.0
30/03/2026 09:45,5234.5,5236.0,5230.0,5230.5,1000.0
30/03/2026 09:50,5230.5,5231.5,5225.5,5229.5,1000.0
30/03/2026 09:55,5229.0,5234.5,5227.0,5229.0,1000.0
30/03/2026 10:00,5229.0,5232.5,5224.5,5232.5,1000.0
30/03/2026 10:05,5232.5,5235.5,5229.0,5233.0,1000.0
30/03/2026 10:10,5232.5,5233.5,5228.5,5229.5,1000.0
30/03/2026 10:15,5229.0,5232.5,5226.5,5230.5,1000.0
30/03/2026 10:20,5231.0,5233.5,5228.5,5229.0,1000.0
30/03/2026 10:25,5229.5,5237.0,5227.5,5237.0,1000.0
30/03/2026 10:30,5236.5,5238.5,5231.0,5238.5,1000.0
30/03/2026 10:35,5238.5,5242.5,5235.5,5236.0,1000.0
30/03/2026 10:40,5236.5,5242.5,5236.0,5240.0,1000.0
30/03/2026 10:45,5240.0,5245.5,5237.5,5243.0,1000.0
30/03/2026 10:50,5242.5,5245.0,5240.0,5242.0,1000.0
30/03/2026 10:55,5242.0,5248.0,5240.5,5244.0,1000.0
30/03/2026 11:00,5244.0,5244.0,5237.5,5241.0,1000.0
30/03/2026 11:05,5241.0,5247.0,5240.0,5240.0,1000.0
30/03/2026 11:10,5240.5,5242.0,5237.0,5239.5,1000.0
30/03/2026 11:15,5239.5,5248.0,5239.0,5246.0,1000.0
30/03/2026 11:20,5246.5,5248.5,5243.0,5247.5,1000.0
30/03/2026 11:25,5248.0,5253.0,5247.5,5249.5,1000.0
30/03/2026 11:30,5249.5,5250.0,5243.5,5249.5,1000.0
30/03/2026 11:35,5249.0,5251.5,5243.5,5245.0,1000.0
30/03/2026 11:40,5245.0,5247.5,5243.5,5245.5,1000.0
30/03/2026 11:45,5245.5,5247.0,5239.0,5244.0,1000.0
30/03/2026 11:50,5244.0,5245.0,5237.5,5239.0,1000.0
30/03/2026 11:55,5239.0,5240.0,5234.5,5235.0,1000.0
30/03/2026 12:00,5234.5,5238.5,5232.5,5236.0,1000.0
30/03/2026 12:05,5235.5,5247.0,5235.0,5245.5,1000.0
30/03/2026 12:10,5245.0,5249.5,5243.0,5249.5,1000.0
30/03/2026 12:15,5249.5,5251.0,5245.5,5245.5,1000.0
30/03/2026 12:20,5246.0,5250.5,5245.0,5246.0,1000.0
30/03/2026 12:25,5246.0,5247.0,5243.5,5245.0,1000.0
30/03/2026 12:30,5245.0,5246.0,5239.5,5240.0,1000.0
30/03/2026 12:35,5239.5,5239.5,5236.5,5238.0,1000.0
30/03/2026 12:40,5238.0,5238.5,5235.5,5236.5,1000.0
30/03/2026 12:45,5236.5,5239.0,5235.5,5238.5,1000.0
30/03/2026 12:50,5238.0,5239.5,5236.5,5238.0,1000.0
30/03/2026 12:55,5238.0,5241.0,5237.0,5238.0,1000.0
30/03/2026 13:00,5238.5,5243.0,5236.5,5240.0,1000.0
30/03/2026 13:05,5239.5,5242.5,5238.0,5240.5,1000.0
30/03/2026 13:10,5241.0,5244.5,5240.0,5244.0,1000.0
30/03/2026 13:15,5243.5,5246.0,5243.0,5244.5,1000.0
30/03/2026 13:20,5244.5,5247.5,5243.5,5246.0,1000.0
30/03/2026 13:25,5246.0,5249.0,5245.5,5248.5,1000.0
30/03/2026 13:30,5248.5,5249.5,5245.0,5246.5,1000.0
30/03/2026 13:35,5247.0,5249.5,5246.0,5247.0,1000.0
30/03/2026 13:40,5247.5,5248.5,5245.5,5246.5,1000.0
30/03/2026 13:45,5246.5,5247.0,5244.0,5245.5,1000.0
30/03/2026 13:50,5245.5,5247.0,5244.0,5245.5,1000.0
30/03/2026 13:55,5245.5,5251.0,5245.0,5249.0,1000.0
30/03/2026 14:00,5249.0,5249.0,5245.5,5248.0,1000.0
30/03/2026 14:05,5248.0,5248.0,5245.0,5246.5,1000.0
30/03/2026 14:10,5246.5,5251.0,5245.5,5250.0,1000.0
30/03/2026 14:15,5250.0,5253.5,5249.5,5251.5,1000.0
30/03/2026 14:20,5252.0,5260.0,5251.0,5254.5,1000.0
30/03/2026 14:25,5254.5,5257.0,5254.0,5255.5,1000.0
30/03/2026 14:30,5256.0,5259.0,5254.5,5258.5,1000.0
30/03/2026 14:35,5259.0,5260.0,5251.0,5251.0,1000.0
30/03/2026 14:40,5251.5,5252.5,5246.0,5246.5,1000.0
30/03/2026 14:45,5246.5,5252.5,5244.0,5251.0,1000.0
30/03/2026 14:50,5251.5,5252.5,5249.5,5252.0,1000.0
30/03/2026 14:55,5252.0,5254.0,5251.5,5253.0,1000.0
30/03/2026 15:00,5252.5,5254.5,5251.5,5254.0,1000.0
30/03/2026 15:05,5254.0,5258.5,5253.0,5256.0,1000.0
30/03/2026 15:10,5256.0,5257.0,5253.5,5254.0,1000.0
30/03/2026 15:15,5254.0,5255.0,5248.5,5249.5,1000.0
30/03/2026 15:20,5249.0,5253.0,5248.0,5252.0,1000.0
30/03/2026 15:25,5252.5,5257.5,5250.5,5255.0,1000.0
30/03/2026 15:30,5255.0,5255.0,5251.5,5253.0,1000.0
30/03/2026 15:35,5253.5,5254.0,5251.0,5253.0,1000.0
30/03/2026 15:40,5253.5,5254.0,5250.5,5251.0,1000.0
30/03/2026 15:45,5251.0,5252.0,5250.0,5251.0,1000.0
30/03/2026 15:50,5250.5,5252.5,5249.0,5251.5,1000.0
30/03/2026 15:55,5252.0,5254.0,5250.5,5252.0,1000.0
30/03/2026 16:00,5252.0,5254.0,5251.0,5253.5,1000.0
30/03/2026 16:05,5253.5,5257.5,5252.0,5257.5,1000.0
30/03/2026 16:10,5257.5,5260.5,5255.5,5257.0,1000.0
30/03/2026 16:15,5257.0,5260.0,5256.0,5259.0,1000.0
30/03/2026 16:20,5259.5,5264.5,5258.5,5264.0,1000.0
30/03/2026 16:25,5264.5,5268.5,5262.0,5262.5,1000.0
30/03/2026 16:30,5262.5,5262.5,5257.0,5257.0,1000.0
30/03/2026 16:35,5257.5,5258.0,5254.0,5256.0,1000.0
30/03/2026 16:40,5256.0,5256.5,5254.5,5255.0,1000.0
30/03/2026 16:45,5254.5,5256.5,5253.0,5255.0,1000.0
30/03/2026 16:50,5255.0,5256.5,5251.5,5254.5,1000.0
30/03/2026 16:55,5254.5,5254.5,5247.0,5248.0,1000.0
30/03/2026 17:00,5247.5,5253.5,5247.0,5251.5,1000.0
30/03/2026 17:05,5251.5,5252.5,5250.5,5251.0,1000.0
30/03/2026 17:10,5251.0,5251.5,5249.0,5250.0,1000.0
30/03/2026 17:15,5250.0,5250.5,5247.5,5248.5,1000.0
30/03/2026 17:20,5248.5,5251.0,5248.0,5251.0,1000.0
30/03/2026 17:25,5250.5,5254.0,5250.0,5253.5,1000.0
30/03/2026 17:30,5253.5,5254.5,5251.5,5252.5,1000.0
30/03/2026 17:35,5252.5,5253.0,5250.5,5251.0,1000.0
30/03/2026 17:40,5251.0,5251.5,5250.0,5250.0,1000.0
30/03/2026 17:45,5250.0,5252.0,5250.0,5251.5,1000.0
30/03/2026 17:50,5252.0,5252.0,5249.0,5250.0,1000.0
30/03/2026 17:55,5249.5,5257.0,5249.0,5254.5,1000.0
30/03/2026 18:00,5254.5,5255.5,5253.0,5253.5,1000.0
30/03/2026 18:05,5253.0,5253.5,5252.0,5253.5,1000.0
30/03/2026 18:10,5253.0,5255.5,5252.0,5255.5,1000.0
30/03/2026 18:15,5255.0,5256.5,5254.0,5254.5,1000.0
30/03/2026 18:20,5254.5,5256.5,5254.5,5254.5,1000.0
30/03/2026 18:25,5255.0,5259.5,5252.0,5255.5,1000.0
30/10/2025 09:00,5365.5,5376.5,5365.5,5374.5,1000.0
30/10/2025 09:05,5374.5,5376.5,5372.5,5373.0,1000.0
30/10/2025 09:10,5373.0,5380.0,5372.5,5377.5,1000.0
30/10/2025 09:15,5377.0,5381.0,5376.5,5380.5,1000.0
30/10/2025 09:20,5380.5,5381.0,5375.5,5377.5,1000.0
30/10/2025 09:25,5377.5,5385.0,5377.0,5382.0,1000.0
30/10/2025 09:30,5382.5,5384.0,5378.5,5380.5,1000.0
30/10/2025 09:35,5381.0,5383.5,5378.0,5380.0,1000.0
30/10/2025 09:40,5380.0,5386.0,5378.0,5384.0,1000.0
30/10/2025 09:45,5384.0,5386.5,5382.5,5384.5,1000.0
30/10/2025 09:50,5384.5,5386.5,5382.5,5386.0,1000.0
30/10/2025 09:55,5386.0,5391.0,5385.5,5390.5,1000.0
30/10/2025 10:00,5391.0,5397.0,5390.0,5393.0,1000.0
30/10/2025 10:05,5393.0,5397.0,5392.5,5395.0,1000.0
30/10/2025 10:10,5395.0,5398.0,5393.0,5393.5,1000.0
30/10/2025 10:15,5394.0,5395.0,5388.0,5388.5,1000.0
30/10/2025 10:20,5388.0,5389.0,5384.5,5385.5,1000.0
30/10/2025 10:25,5385.5,5389.5,5385.5,5389.5,1000.0
30/10/2025 10:30,5389.5,5390.5,5382.5,5385.0,1000.0
30/10/2025 10:35,5384.5,5389.5,5383.0,5388.5,1000.0
30/10/2025 10:40,5388.5,5391.0,5385.5,5386.0,1000.0
30/10/2025 10:45,5386.0,5387.0,5379.5,5381.0,1000.0
30/10/2025 10:50,5381.0,5382.0,5378.0,5380.5,1000.0
30/10/2025 10:55,5381.0,5387.0,5380.0,5386.5,1000.0
30/10/2025 11:00,5386.0,5387.0,5383.0,5383.5,1000.0
30/10/2025 11:05,5384.0,5386.5,5377.5,5380.0,1000.0
30/10/2025 11:10,5380.5,5382.5,5378.0,5379.5,1000.0
30/10/2025 11:15,5379.5,5383.0,5379.5,5382.5,1000.0
30/10/2025 11:20,5382.5,5385.0,5380.5,5383.0,1000.0
30/10/2025 11:25,5383.0,5385.5,5382.0,5384.5,1000.0
30/10/2025 11:30,5385.0,5390.0,5382.5,5386.0,1000.0
30/10/2025 11:35,5386.5,5388.0,5384.5,5387.0,1000.0
30/10/2025 11:40,5387.5,5387.5,5383.5,5385.5,1000.0
30/10/2025 11:45,5385.5,5388.5,5384.0,5388.0,1000.0
30/10/2025 11:50,5388.0,5390.0,5387.0,5389.0,1000.0
30/10/2025 11:55,5389.0,5389.5,5385.5,5385.5,1000.0
30/10/2025 12:00,5386.0,5387.0,5383.5,5386.0,1000.0
30/10/2025 12:05,5386.0,5389.5,5382.5,5383.0,1000.0
30/10/2025 12:10,5383.0,5385.5,5383.0,5384.5,1000.0
30/10/2025 12:15,5385.0,5387.0,5383.0,5383.5,1000.0
30/10/2025 12:20,5383.5,5384.5,5380.0,5382.5,1000.0
30/10/2025 12:25,5382.5,5384.5,5381.5,5383.0,1000.0
30/10/2025 12:30,5383.0,5387.0,5382.0,5384.5,1000.0
30/10/2025 12:35,5385.0,5387.5,5384.0,5386.0,1000.0
30/10/2025 12:40,5386.5,5388.0,5384.0,5384.0,1000.0
30/10/2025 12:45,5384.5,5386.0,5384.0,5386.0,1000.0
30/10/2025 12:50,5386.0,5390.5,5385.0,5390.0,1000.0
30/10/2025 12:55,5390.5,5390.5,5386.5,5386.5,1000.0
30/10/2025 13:00,5386.5,5388.0,5384.0,5385.0,1000.0
30/10/2025 13:05,5385.5,5386.0,5383.5,5384.5,1000.0
30/10/2025 13:10,5384.5,5386.0,5384.0,5385.5,1000.0
30/10/2025 13:15,5385.5,5390.5,5385.0,5390.0,1000.0
30/10/2025 13:20,5389.5,5390.5,5386.0,5386.5,1000.0
30/10/2025 13:25,5386.5,5387.5,5385.5,5386.5,1000.0
30/10/2025 13:30,5386.0,5388.0,5385.0,5387.0,1000.0
30/10/2025 13:35,5387.0,5387.0,5384.5,5386.0,1000.0
30/10/2025 13:40,5386.0,5386.5,5385.5,5386.0,1000.0
30/10/2025 13:45,5386.0,5386.5,5384.5,5386.5,1000.0
30/10/2025 13:50,5386.5,5386.5,5384.5,5385.0,1000.0
30/10/2025 13:55,5385.5,5387.0,5384.5,5386.5,1000.0
30/10/2025 14:00,5386.5,5388.5,5386.0,5388.0,1000.0
30/10/2025 14:05,5388.5,5390.0,5386.0,5386.5,1000.0
30/10/2025 14:10,5386.5,5388.0,5385.5,5387.0,1000.0
30/10/2025 14:15,5387.0,5387.0,5385.5,5386.5,1000.0
30/10/2025 14:20,5386.5,5388.0,5386.5,5387.5,1000.0
30/10/2025 14:25,5387.5,5388.0,5385.5,5387.0,1000.0
30/10/2025 14:30,5387.5,5389.5,5387.0,5388.5,1000.0
30/10/2025 14:35,5388.5,5388.5,5385.5,5386.5,1000.0
30/10/2025 14:40,5386.5,5387.0,5384.0,5384.5,1000.0
30/10/2025 14:45,5384.0,5384.5,5380.0,5381.5,1000.0
30/10/2025 14:50,5381.5,5383.5,5381.0,5383.0,1000.0
30/10/2025 14:55,5383.0,5383.0,5378.5,5379.5,1000.0
30/10/2025 15:00,5379.0,5381.5,5377.5,5381.5,1000.0
30/10/2025 15:05,5381.5,5382.0,5378.5,5380.0,1000.0
30/10/2025 15:10,5380.0,5382.0,5378.5,5381.0,1000.0
30/10/2025 15:15,5381.0,5384.0,5381.0,5383.5,1000.0
30/10/2025 15:20,5383.0,5383.5,5380.0,5380.5,1000.0
30/10/2025 15:25,5381.0,5381.5,5379.0,5381.0,1000.0
30/10/2025 15:30,5381.0,5381.0,5379.5,5380.5,1000.0
30/10/2025 15:35,5380.5,5381.0,5379.0,5379.5,1000.0
30/10/2025 15:40,5379.5,5380.0,5378.0,5380.0,1000.0
30/10/2025 15:45,5380.0,5380.5,5378.0,5378.0,1000.0
30/10/2025 15:50,5378.5,5379.0,5378.0,5378.5,1000.0
30/10/2025 15:55,5379.0,5381.5,5378.0,5380.0,1000.0
30/10/2025 16:00,5380.5,5381.5,5379.5,5381.5,1000.0
30/10/2025 16:05,5381.5,5382.0,5380.0,5381.5,1000.0
30/10/2025 16:10,5381.5,5381.5,5380.5,5381.0,1000.0
30/10/2025 16:15,5381.5,5383.0,5381.0,5382.5,1000.0
30/10/2025 16:20,5383.0,5385.0,5382.0,5382.0,1000.0
30/10/2025 16:25,5382.5,5383.0,5380.5,5381.0,1000.0
30/10/2025 16:30,5381.0,5381.5,5379.5,5380.5,1000.0
30/10/2025 16:35,5380.5,5381.0,5380.0,5380.0,1000.0
30/10/2025 16:40,5380.0,5382.5,5380.0,5382.5,1000.0
30/10/2025 16:45,5382.5,5383.5,5382.0,5383.0,1000.0
30/10/2025 16:50,5383.0,5383.0,5381.5,5383.0,1000.0
30/10/2025 16:55,5383.0,5384.0,5382.0,5382.5,1000.0
30/10/2025 17:00,5382.5,5384.0,5382.0,5382.5,1000.0
30/10/2025 17:05,5382.0,5382.5,5380.5,5381.5,1000.0
30/10/2025 17:10,5381.0,5383.5,5381.0,5383.0,1000.0
30/10/2025 17:15,5383.0,5384.5,5383.0,5383.5,1000.0
30/10/2025 17:20,5383.5,5384.0,5381.5,5383.0,1000.0
30/10/2025 17:25,5383.5,5384.0,5382.5,5383.0,1000.0
30/10/2025 17:30,5383.0,5384.0,5382.0,5382.0,1000.0
30/10/2025 17:35,5382.0,5382.5,5381.0,5381.5,1000.0
30/10/2025 17:40,5381.5,5383.0,5381.0,5381.0,1000.0
30/10/2025 17:45,5381.0,5382.0,5381.0,5381.5,1000.0
30/10/2025 17:50,5381.5,5382.5,5381.0,5382.0,1000.0
30/10/2025 17:55,5382.0,5386.5,5381.5,5384.0,1000.0
30/10/2025 18:00,5384.5,5386.0,5384.0,5385.5,1000.0
30/10/2025 18:05,5385.0,5386.0,5384.0,5384.0,1000.0
30/10/2025 18:10,5384.5,5384.5,5383.0,5383.5,1000.0
30/10/2025 18:15,5383.5,5384.0,5382.0,5383.5,1000.0
30/10/2025 18:20,5384.0,5387.0,5383.5,5386.5,1000.0
30/10/2025 18:25,5387.0,5389.0,5384.5,5387.5,1000.0
30/12/2025 09:00,5604.0,5608.0,5597.0,5598.0,1000.0
30/12/2025 09:05,5598.0,5601.0,5585.0,5585.5,1000.0
30/12/2025 09:10,5586.0,5586.0,5579.0,5579.5,1000.0
30/12/2025 09:15,5580.0,5580.0,5571.5,5573.0,1000.0
30/12/2025 09:20,5573.5,5579.0,5565.5,5578.5,1000.0
30/12/2025 09:25,5578.0,5581.5,5573.5,5580.5,1000.0
30/12/2025 09:30,5580.0,5583.0,5576.0,5576.5,1000.0
30/12/2025 09:35,5576.5,5582.0,5571.0,5572.0,1000.0
30/12/2025 09:40,5572.0,5573.5,5568.5,5570.0,1000.0
30/12/2025 09:45,5570.5,5571.5,5566.0,5570.5,1000.0
30/12/2025 09:50,5570.5,5571.5,5568.0,5570.5,1000.0
30/12/2025 09:55,5570.0,5572.5,5560.0,5561.0,1000.0
30/12/2025 10:00,5560.5,5567.0,5556.0,5558.5,1000.0
30/12/2025 10:05,5559.0,5566.0,5558.5,5564.5,1000.0
30/12/2025 10:10,5564.5,5568.0,5563.5,5564.5,1000.0
30/12/2025 10:15,5564.0,5564.5,5554.5,5555.0,1000.0
30/12/2025 10:20,5554.5,5556.0,5545.0,5545.5,1000.0
30/12/2025 10:25,5545.5,5550.5,5543.0,5550.0,1000.0
30/12/2025 10:30,5550.0,5553.0,5548.0,5551.0,1000.0
30/12/2025 10:35,5551.0,5552.0,5540.0,5545.0,1000.0
30/12/2025 10:40,5544.5,5546.0,5535.0,5536.5,1000.0
30/12/2025 10:45,5536.5,5542.5,5534.0,5541.5,1000.0
30/12/2025 10:50,5542.0,5544.0,5540.5,5542.5,1000.0
30/12/2025 10:55,5542.5,5543.5,5539.0,5541.0,1000.0
30/12/2025 11:00,5541.0,5542.5,5538.5,5541.0,1000.0
30/12/2025 11:05,5541.5,5541.5,5532.0,5532.5,1000.0
30/12/2025 11:10,5532.5,5547.0,5531.5,5540.0,1000.0
30/12/2025 11:15,5540.5,5546.0,5538.5,5544.5,1000.0
30/12/2025 11:20,5545.0,5546.0,5534.0,5539.5,1000.0
30/12/2025 11:25,5539.0,5542.0,5536.5,5541.5,1000.0
30/12/2025 11:30,5541.0,5544.0,5538.5,5539.5,1000.0
30/12/2025 11:35,5539.5,5541.5,5535.0,5535.0,1000.0
30/12/2025 11:40,5535.0,5539.0,5534.5,5536.0,1000.0
30/12/2025 11:45,5536.5,5538.5,5530.5,5533.5,1000.0
30/12/2025 11:50,5533.0,5536.0,5532.5,5534.0,1000.0
30/12/2025 11:55,5534.0,5538.5,5532.0,5537.0,1000.0
30/12/2025 12:00,5537.0,5545.0,5535.5,5542.5,1000.0
30/12/2025 12:05,5542.5,5543.5,5534.5,5538.0,1000.0
30/12/2025 12:10,5537.5,5541.0,5536.5,5539.5,1000.0
30/12/2025 12:15,5539.0,5540.0,5532.5,5534.0,1000.0
30/12/2025 12:20,5534.0,5535.0,5527.5,5532.5,1000.0
30/12/2025 12:25,5532.0,5532.5,5529.0,5529.5,1000.0
30/12/2025 12:30,5530.0,5533.5,5529.5,5531.0,1000.0
30/12/2025 12:35,5530.5,5533.5,5529.0,5533.5,1000.0
30/12/2025 12:40,5533.5,5538.5,5532.5,5538.5,1000.0
30/12/2025 12:45,5538.0,5540.0,5536.5,5540.0,1000.0
30/12/2025 12:50,5540.0,5540.5,5536.0,5538.5,1000.0
30/12/2025 12:55,5538.0,5542.5,5535.5,5539.5,1000.0
30/12/2025 13:00,5540.0,5541.0,5534.0,5535.0,1000.0
30/12/2025 13:05,5534.5,5535.5,5532.0,5534.0,1000.0
30/12/2025 13:10,5534.0,5537.0,5533.0,5533.5,1000.0
30/12/2025 13:15,5533.0,5534.0,5530.5,5530.5,1000.0
30/12/2025 13:20,5531.0,5531.5,5529.0,5531.5,1000.0
30/12/2025 13:25,5531.5,5536.0,5531.5,5535.5,1000.0
30/12/2025 13:30,5536.0,5537.0,5533.0,5536.5,1000.0
30/12/2025 13:35,5536.0,5538.0,5535.0,5537.5,1000.0
30/12/2025 13:40,5537.0,5540.5,5537.0,5538.5,1000.0
30/12/2025 13:45,5539.0,5541.5,5538.5,5540.0,1000.0
30/12/2025 13:50,5540.0,5543.5,5537.0,5543.0,1000.0
30/12/2025 13:55,5542.5,5544.5,5539.5,5540.0,1000.0
30/12/2025 14:00,5540.0,5542.0,5536.5,5537.5,1000.0
30/12/2025 14:05,5537.5,5537.5,5531.5,5534.0,1000.0
30/12/2025 14:10,5533.5,5535.0,5532.0,5534.0,1000.0
30/12/2025 14:15,5534.0,5537.5,5533.5,5537.0,1000.0
30/12/2025 14:20,5537.0,5537.5,5535.0,5535.5,1000.0
30/12/2025 14:25,5535.5,5536.0,5532.0,5534.5,1000.0
30/12/2025 14:30,5534.0,5535.0,5533.0,5533.5,1000.0
30/12/2025 14:35,5534.0,5534.0,5530.5,5533.0,1000.0
30/12/2025 14:40,5532.5,5533.0,5530.0,5530.5,1000.0
30/12/2025 14:45,5531.0,5531.0,5528.5,5530.0,1000.0
30/12/2025 14:50,5530.0,5530.0,5527.0,5529.0,1000.0
30/12/2025 14:55,5528.5,5529.0,5525.5,5526.5,1000.0
30/12/2025 15:00,5527.0,5529.0,5526.0,5527.5,1000.0
30/12/2025 15:05,5527.5,5529.0,5525.5,5527.5,1000.0
30/12/2025 15:10,5527.5,5528.5,5526.0,5528.0,1000.0
30/12/2025 15:15,5528.0,5533.5,5527.0,5533.0,1000.0
30/12/2025 15:20,5533.0,5534.0,5531.5,5532.0,1000.0
30/12/2025 15:25,5532.0,5533.0,5531.0,5533.0,1000.0
30/12/2025 15:30,5533.0,5534.5,5532.0,5533.5,1000.0
30/12/2025 15:35,5533.5,5535.0,5532.5,5534.0,1000.0
30/12/2025 15:40,5533.5,5537.5,5533.0,5533.0,1000.0
30/12/2025 15:45,5533.0,5536.0,5532.0,5532.5,1000.0
30/12/2025 15:50,5532.0,5536.5,5532.0,5534.0,1000.0
30/12/2025 15:55,5534.0,5534.5,5529.0,5531.5,1000.0
30/12/2025 16:00,5531.5,5533.0,5529.5,5531.5,1000.0
30/12/2025 16:05,5531.0,5531.5,5526.5,5528.0,1000.0
30/12/2025 16:10,5528.0,5529.5,5525.5,5527.5,1000.0
30/12/2025 16:15,5527.5,5529.0,5525.0,5526.5,1000.0
30/12/2025 16:20,5526.5,5529.5,5525.5,5529.0,1000.0
30/12/2025 16:25,5529.0,5529.5,5527.5,5528.0,1000.0
30/12/2025 16:30,5528.0,5529.0,5527.0,5527.5,1000.0
30/12/2025 16:35,5527.5,5528.0,5525.5,5526.5,1000.0
30/12/2025 16:40,5526.0,5528.0,5526.0,5526.5,1000.0
30/12/2025 16:45,5527.0,5529.0,5526.0,5528.5,1000.0
30/12/2025 16:50,5528.0,5530.0,5527.5,5528.0,1000.0
30/12/2025 16:55,5528.0,5529.0,5527.0,5528.0,1000.0
30/12/2025 17:00,5527.5,5530.0,5527.5,5529.5,1000.0
30/12/2025 17:05,5529.0,5531.0,5528.5,5529.0,1000.0
30/12/2025 17:10,5528.5,5529.0,5527.0,5527.5,1000.0
30/12/2025 17:15,5527.0,5527.5,5525.5,5526.5,1000.0
30/12/2025 17:20,5526.5,5526.5,5522.5,5523.5,1000.0
30/12/2025 17:25,5523.5,5524.0,5520.0,5521.5,1000.0
30/12/2025 17:30,5521.5,5523.0,5520.0,5520.5,1000.0
30/12/2025 17:35,5520.0,5521.0,5518.0,5519.0,1000.0
30/12/2025 17:40,5519.0,5522.0,5518.5,5521.0,1000.0
30/12/2025 17:45,5520.5,5523.0,5520.5,5522.5,1000.0
30/12/2025 17:50,5522.5,5523.5,5519.0,5520.0,1000.0
30/12/2025 17:55,5520.0,5521.0,5514.0,5518.0,1000.0
30/12/2025 18:00,5518.0,5521.0,5517.0,5519.5,1000.0
30/12/2025 18:05,5519.0,5520.5,5518.0,5519.0,1000.0
30/12/2025 18:10,5519.0,5519.0,5516.0,5516.5,1000.0
30/12/2025 18:15,5517.0,5518.5,5515.0,5515.0,1000.0
30/12/2025 18:20,5516.0,5521.0,5513.0,5518.5,1000.0
30/12/2025 18:25,5518.0,5520.5,5516.0,5519.0,1000.0
31/03/2026 09:00,5260.0,5265.0,5254.5,5259.0,1000.0
31/03/2026 09:05,5259.0,5260.5,5252.0,5256.0,1000.0
31/03/2026 09:10,5256.5,5268.0,5255.5,5267.0,1000.0
31/03/2026 09:15,5267.0,5269.5,5259.0,5261.5,1000.0
31/03/2026 09:20,5262.0,5265.0,5256.5,5264.5,1000.0
31/03/2026 09:25,5264.5,5265.0,5256.5,5259.5,1000.0
31/03/2026 09:30,5260.0,5265.0,5255.0,5256.0,1000.0
31/03/2026 09:35,5256.0,5258.0,5251.5,5256.0,1000.0
31/03/2026 09:40,5256.5,5259.5,5253.0,5255.5,1000.0
31/03/2026 09:45,5255.0,5261.0,5254.5,5261.0,1000.0
31/03/2026 09:50,5260.5,5262.5,5257.5,5259.5,1000.0
31/03/2026 09:55,5259.5,5269.5,5258.5,5264.0,1000.0
31/03/2026 10:00,5264.0,5268.0,5261.0,5266.0,1000.0
31/03/2026 10:05,5266.0,5268.0,5262.5,5262.5,1000.0
31/03/2026 10:10,5262.5,5263.5,5260.0,5261.0,1000.0
31/03/2026 10:15,5261.0,5261.5,5254.0,5255.5,1000.0
31/03/2026 10:20,5255.5,5258.0,5252.0,5257.5,1000.0
31/03/2026 10:25,5257.5,5262.5,5256.0,5261.5,1000.0
31/03/2026 10:30,5262.0,5267.0,5259.5,5260.5,1000.0
31/03/2026 10:35,5260.5,5263.5,5258.5,5259.0,1000.0
31/03/2026 10:40,5259.0,5259.5,5251.5,5257.5,1000.0
31/03/2026 10:45,5257.5,5258.0,5250.0,5250.0,1000.0
31/03/2026 10:50,5250.0,5252.5,5245.5,5246.5,1000.0
31/03/2026 10:55,5246.5,5252.0,5245.0,5246.5,1000.0
31/03/2026 11:00,5246.5,5247.0,5242.0,5243.5,1000.0
31/03/2026 11:05,5243.0,5245.5,5240.5,5241.5,1000.0
31/03/2026 11:10,5241.5,5242.0,5238.0,5240.0,1000.0
31/03/2026 11:15,5240.0,5241.0,5236.5,5240.0,1000.0
31/03/2026 11:20,5239.5,5241.5,5236.5,5239.5,1000.0
31/03/2026 11:25,5239.0,5242.0,5237.5,5238.0,1000.0
31/03/2026 11:30,5237.5,5238.5,5230.0,5232.0,1000.0
31/03/2026 11:35,5231.5,5247.5,5230.0,5244.5,1000.0
31/03/2026 11:40,5244.5,5251.5,5243.0,5247.0,1000.0
31/03/2026 11:45,5247.5,5253.5,5245.5,5250.0,1000.0
31/03/2026 11:50,5250.5,5252.5,5247.0,5252.0,1000.0
31/03/2026 11:55,5252.5,5260.5,5251.5,5253.0,1000.0
31/03/2026 12:00,5253.0,5255.5,5251.0,5252.0,1000.0
31/03/2026 12:05,5252.0,5252.5,5242.5,5244.5,1000.0
31/03/2026 12:10,5244.5,5249.5,5241.5,5246.0,1000.0
31/03/2026 12:15,5246.0,5248.0,5240.0,5243.0,1000.0
31/03/2026 12:20,5242.5,5246.0,5241.0,5242.5,1000.0
31/03/2026 12:25,5242.0,5247.0,5241.5,5244.5,1000.0
31/03/2026 12:30,5245.0,5248.5,5244.5,5246.5,1000.0
31/03/2026 12:35,5246.5,5247.0,5243.0,5245.5,1000.0
31/03/2026 12:40,5245.5,5248.0,5245.0,5245.5,1000.0
31/03/2026 12:45,5246.0,5247.0,5244.5,5245.5,1000.0
31/03/2026 12:50,5246.0,5248.5,5241.0,5247.5,1000.0
31/03/2026 12:55,5247.5,5250.0,5243.0,5245.0,1000.0
31/03/2026 13:00,5245.0,5247.0,5240.5,5243.0,1000.0
31/03/2026 13:05,5243.0,5244.5,5239.0,5241.5,1000.0
31/03/2026 13:10,5241.0,5246.0,5241.0,5244.0,1000.0
31/03/2026 13:15,5244.0,5246.5,5242.5,5245.5,1000.0
31/03/2026 13:20,5246.0,5246.5,5241.0,5241.5,1000.0
31/03/2026 13:25,5242.0,5244.0,5240.0,5243.5,1000.0
31/03/2026 13:30,5243.5,5245.0,5240.5,5242.0,1000.0
31/03/2026 13:35,5242.5,5244.0,5232.0,5232.0,1000.0
31/03/2026 13:40,5232.5,5233.0,5216.5,5223.5,1000.0
31/03/2026 13:45,5224.0,5232.5,5221.5,5229.0,1000.0
31/03/2026 13:50,5228.5,5232.0,5222.5,5225.0,1000.0
31/03/2026 13:55,5225.0,5229.0,5224.5,5226.5,1000.0
31/03/2026 14:00,5227.0,5227.0,5218.0,5222.0,1000.0
31/03/2026 14:05,5222.5,5228.0,5221.0,5226.0,1000.0
31/03/2026 14:10,5226.0,5227.0,5217.5,5218.5,1000.0
31/03/2026 14:15,5218.5,5219.5,5213.5,5215.0,1000.0
31/03/2026 14:20,5215.0,5217.5,5212.5,5216.0,1000.0
31/03/2026 14:25,5216.0,5221.0,5215.0,5219.5,1000.0
31/03/2026 14:30,5219.0,5220.5,5216.5,5217.0,1000.0
31/03/2026 14:35,5217.0,5225.5,5216.0,5218.5,1000.0
31/03/2026 14:40,5219.0,5220.5,5216.0,5218.0,1000.0
31/03/2026 14:45,5218.5,5219.5,5214.0,5218.0,1000.0
31/03/2026 14:50,5217.5,5220.0,5217.5,5219.5,1000.0
31/03/2026 14:55,5219.5,5225.0,5219.0,5223.0,1000.0
31/03/2026 15:00,5222.5,5224.0,5218.5,5221.0,1000.0
31/03/2026 15:05,5221.0,5223.5,5215.5,5217.5,1000.0
31/03/2026 15:10,5217.5,5222.0,5217.0,5218.0,1000.0
31/03/2026 15:15,5218.0,5220.0,5216.5,5219.0,1000.0
31/03/2026 15:20,5218.5,5221.5,5216.0,5220.5,1000.0
31/03/2026 15:25,5220.5,5222.5,5217.0,5221.0,1000.0
31/03/2026 15:30,5221.0,5224.5,5219.5,5224.0,1000.0
31/03/2026 15:35,5224.0,5225.0,5217.5,5222.0,1000.0
31/03/2026 15:40,5221.5,5223.0,5219.0,5221.5,1000.0
31/03/2026 15:45,5221.5,5225.0,5220.0,5224.0,1000.0
31/03/2026 15:50,5224.0,5226.5,5223.0,5225.0,1000.0
31/03/2026 15:55,5225.0,5226.5,5223.5,5224.5,1000.0
31/03/2026 16:00,5224.0,5225.0,5220.5,5221.0,1000.0
31/03/2026 16:05,5220.5,5225.5,5220.5,5224.5,1000.0
31/03/2026 16:10,5225.0,5226.0,5221.5,5225.5,1000.0
31/03/2026 16:15,5225.0,5225.5,5223.0,5224.5,1000.0
31/03/2026 16:20,5224.5,5225.0,5221.0,5223.0,1000.0
31/03/2026 16:25,5222.5,5224.0,5221.0,5223.0,1000.0
31/03/2026 16:30,5222.5,5223.0,5220.5,5221.0,1000.0
31/03/2026 16:35,5220.5,5221.0,5216.5,5217.0,1000.0
31/03/2026 16:40,5216.5,5219.0,5213.0,5215.5,1000.0
31/03/2026 16:45,5215.5,5216.0,5210.5,5213.0,1000.0
31/03/2026 16:50,5212.5,5213.0,5210.0,5212.0,1000.0
31/03/2026 16:55,5212.0,5213.0,5210.0,5211.0,1000.0
31/03/2026 17:00,5211.0,5213.5,5210.0,5212.5,1000.0
31/03/2026 17:05,5212.5,5214.0,5210.0,5210.5,1000.0
31/03/2026 17:10,5210.5,5213.0,5209.0,5212.5,1000.0
31/03/2026 17:15,5212.5,5215.0,5212.0,5213.5,1000.0
31/03/2026 17:20,5213.5,5216.0,5212.5,5215.0,1000.0
31/03/2026 17:25,5215.0,5216.5,5214.5,5215.5,1000.0
31/03/2026 17:30,5215.5,5216.5,5214.5,5215.0,1000.0
31/03/2026 17:35,5215.0,5215.5,5212.0,5214.0,1000.0
31/03/2026 17:40,5214.0,5216.0,5212.0,5213.5,1000.0
31/03/2026 17:45,5214.0,5215.0,5213.0,5214.0,1000.0
31/03/2026 17:50,5214.0,5214.0,5209.0,5211.0,1000.0
31/03/2026 17:55,5211.5,5214.0,5210.0,5214.0,1000.0
31/03/2026 18:00,5214.0,5215.0,5208.0,5210.0,1000.0
31/03/2026 18:05,5210.0,5211.0,5209.5,5211.0,1000.0
31/03/2026 18:10,5211.0,5211.0,5209.5,5210.0,1000.0
31/03/2026 18:15,5210.0,5213.0,5209.0,5210.0,1000.0
31/03/2026 18:20,5210.0,5210.0,5208.0,5209.5,1000.0
31/03/2026 18:25,5209.0,5211.0,5208.0,5211.0,1000.0
31/10/2025 09:00,5425.0,5425.0,5414.0,5417.0,1000.0
31/10/2025 09:05,5416.5,5417.0,5413.0,5417.0,1000.0
31/10/2025 09:10,5417.0,5418.0,5414.5,5418.0,1000.0
31/10/2025 09:15,5418.0,5425.0,5416.5,5421.0,1000.0
31/10/2025 09:20,5421.0,5424.0,5419.5,5422.5,1000.0
31/10/2025 09:25,5422.5,5423.5,5418.5,5420.5,1000.0
31/10/2025 09:30,5420.0,5421.0,5418.5,5419.0,1000.0
31/10/2025 09:35,5419.0,5430.0,5419.0,5429.5,1000.0
31/10/2025 09:40,5429.0,5431.5,5422.0,5422.0,1000.0
31/10/2025 09:45,5422.5,5424.0,5411.5,5412.0,1000.0
31/10/2025 09:50,5412.0,5413.5,5406.5,5410.0,1000.0
31/10/2025 09:55,5409.5,5416.0,5409.5,5412.5,1000.0
31/10/2025 10:00,5412.0,5418.5,5411.0,5417.0,1000.0
31/10/2025 10:05,5417.0,5419.0,5414.0,5417.0,1000.0
31/10/2025 10:10,5416.5,5417.0,5414.0,5414.5,1000.0
31/10/2025 10:15,5415.0,5417.5,5413.0,5417.0,1000.0
31/10/2025 10:20,5417.0,5418.0,5413.0,5415.5,1000.0
31/10/2025 10:25,5415.0,5416.5,5413.0,5413.5,1000.0
31/10/2025 10:30,5413.5,5415.0,5410.0,5415.0,1000.0
31/10/2025 10:35,5415.0,5416.5,5410.5,5410.5,1000.0
31/10/2025 10:40,5411.0,5414.5,5410.5,5414.0,1000.0
31/10/2025 10:45,5414.0,5416.0,5412.0,5416.0,1000.0
31/10/2025 10:50,5416.0,5422.0,5415.5,5421.5,1000.0
31/10/2025 10:55,5421.5,5422.5,5414.5,5417.0,1000.0
31/10/2025 11:00,5416.5,5418.5,5414.0,5417.0,1000.0
31/10/2025 11:05,5417.5,5424.0,5417.0,5422.0,1000.0
31/10/2025 11:10,5422.0,5424.0,5419.5,5420.0,1000.0
31/10/2025 11:15,5420.0,5420.5,5417.5,5420.5,1000.0
31/10/2025 11:20,5420.5,5426.0,5420.0,5421.5,1000.0
31/10/2025 11:25,5421.5,5424.0,5419.5,5420.0,1000.0
31/10/2025 11:30,5420.5,5422.5,5418.0,5418.5,1000.0
31/10/2025 11:35,5419.0,5421.5,5417.5,5421.0,1000.0
31/10/2025 11:40,5421.5,5424.0,5418.5,5423.5,1000.0
31/10/2025 11:45,5423.5,5426.0,5422.5,5426.0,1000.0
31/10/2025 11:50,5426.0,5426.5,5421.5,5425.0,1000.0
31/10/2025 11:55,5425.0,5427.0,5424.5,5426.0,1000.0
31/10/2025 12:00,5426.0,5429.0,5424.5,5429.0,1000.0
31/10/2025 12:05,5429.0,5432.0,5427.0,5432.0,1000.0
31/10/2025 12:10,5431.5,5433.5,5430.5,5432.0,1000.0
31/10/2025 12:15,5431.5,5432.0,5428.5,5429.5,1000.0
31/10/2025 12:20,5429.0,5434.5,5427.0,5432.0,1000.0
31/10/2025 12:25,5432.0,5433.0,5426.0,5427.0,1000.0
31/10/2025 12:30,5426.5,5427.5,5423.5,5425.0,1000.0
31/10/2025 12:35,5424.5,5425.5,5423.0,5423.5,1000.0
31/10/2025 12:40,5424.0,5426.0,5423.5,5423.5,1000.0
31/10/2025 12:45,5423.5,5423.5,5419.5,5423.5,1000.0
31/10/2025 12:50,5423.5,5424.5,5417.5,5419.5,1000.0
31/10/2025 12:55,5419.5,5423.0,5417.0,5421.5,1000.0
31/10/2025 13:00,5421.5,5422.0,5419.0,5420.0,1000.0
31/10/2025 13:05,5420.5,5421.5,5420.0,5421.5,1000.0
31/10/2025 13:10,5421.5,5422.0,5419.0,5420.5,1000.0
31/10/2025 13:15,5420.5,5422.0,5420.0,5422.0,1000.0
31/10/2025 13:20,5422.0,5422.0,5417.0,5417.5,1000.0
31/10/2025 13:25,5417.5,5417.5,5413.5,5415.0,1000.0
31/10/2025 13:30,5414.5,5414.5,5410.0,5410.0,1000.0
31/10/2025 13:35,5410.5,5412.5,5407.0,5412.5,1000.0
31/10/2025 13:40,5412.5,5416.5,5412.0,5416.0,1000.0
31/10/2025 13:45,5415.5,5416.0,5409.5,5412.0,1000.0
31/10/2025 13:50,5411.5,5414.0,5411.0,5413.5,1000.0
31/10/2025 13:55,5413.0,5415.5,5412.0,5415.0,1000.0
31/10/2025 14:00,5415.0,5416.0,5414.0,5415.0,1000.0
31/10/2025 14:05,5415.5,5416.5,5412.5,5413.0,1000.0
31/10/2025 14:10,5413.0,5414.0,5412.0,5413.5,1000.0
31/10/2025 14:15,5414.0,5416.0,5413.5,5415.0,1000.0
31/10/2025 14:20,5415.0,5416.0,5413.5,5415.0,1000.0
31/10/2025 14:25,5414.5,5414.5,5410.5,5413.0,1000.0
31/10/2025 14:30,5413.0,5415.0,5410.5,5415.0,1000.0
31/10/2025 14:35,5415.0,5418.0,5413.0,5415.5,1000.0
31/10/2025 14:40,5415.5,5418.0,5414.5,5415.0,1000.0
31/10/2025 14:45,5415.5,5416.5,5414.5,5416.0,1000.0
31/10/2025 14:50,5415.5,5416.5,5413.0,5416.5,1000.0
31/10/2025 14:55,5416.5,5420.0,5415.5,5418.5,1000.0
31/10/2025 15:00,5418.5,5419.0,5416.0,5418.0,1000.0
31/10/2025 15:05,5418.0,5418.5,5416.0,5417.5,1000.0
31/10/2025 15:10,5417.5,5418.0,5417.0,5417.0,1000.0
31/10/2025 15:15,5417.5,5418.0,5416.0,5417.0,1000.0
31/10/2025 15:20,5416.5,5417.0,5414.5,5415.5,1000.0
31/10/2025 15:25,5415.0,5416.0,5413.5,5415.0,1000.0
31/10/2025 15:30,5415.0,5418.5,5414.5,5418.5,1000.0
31/10/2025 15:35,5418.5,5419.5,5416.0,5417.5,1000.0
31/10/2025 15:40,5417.0,5419.0,5416.5,5418.5,1000.0
31/10/2025 15:45,5418.0,5419.5,5416.0,5416.5,1000.0
31/10/2025 15:50,5416.5,5416.5,5413.5,5414.5,1000.0
31/10/2025 15:55,5415.0,5416.0,5412.5,5414.0,1000.0
31/10/2025 16:00,5413.5,5417.0,5413.5,5416.0,1000.0
31/10/2025 16:05,5416.0,5416.5,5415.0,5416.5,1000.0
31/10/2025 16:10,5416.0,5416.5,5414.5,5416.0,1000.0
31/10/2025 16:15,5416.0,5417.0,5415.0,5416.5,1000.0
31/10/2025 16:20,5416.0,5419.0,5416.0,5418.0,1000.0
31/10/2025 16:25,5418.0,5418.5,5416.5,5417.0,1000.0
31/10/2025 16:30,5417.5,5418.0,5416.0,5417.5,1000.0
31/10/2025 16:35,5417.5,5419.0,5416.0,5417.5,1000.0
31/10/2025 16:40,5417.5,5418.0,5416.5,5417.5,1000.0
31/10/2025 16:45,5417.0,5417.5,5416.0,5417.5,1000.0
31/10/2025 16:50,5417.0,5417.5,5416.5,5417.0,1000.0
31/10/2025 16:55,5416.5,5418.0,5414.5,5416.0,1000.0
31/10/2025 17:00,5416.0,5417.0,5414.0,5415.0,1000.0
31/10/2025 17:05,5414.5,5414.5,5412.5,5414.0,1000.0
31/10/2025 17:10,5413.5,5415.0,5412.0,5412.0,1000.0
31/10/2025 17:15,5412.5,5415.5,5412.0,5415.0,1000.0
31/10/2025 17:20,5415.0,5416.0,5414.5,5414.5,1000.0
31/10/2025 17:25,5415.0,5417.0,5414.5,5415.5,1000.0
31/10/2025 17:30,5416.0,5416.5,5415.0,5416.0,1000.0
31/10/2025 17:35,5416.5,5417.0,5413.5,5414.5,1000.0
31/10/2025 17:40,5414.5,5416.0,5414.0,5415.5,1000.0
31/10/2025 17:45,5415.5,5416.0,5413.5,5415.0,1000.0
31/10/2025 17:50,5415.0,5415.0,5412.0,5414.0,1000.0
31/10/2025 17:55,5414.0,5414.5,5410.5,5410.5,1000.0
31/10/2025 18:00,5410.5,5412.5,5410.0,5411.0,1000.0
31/10/2025 18:05,5411.0,5411.5,5410.0,5411.5,1000.0
31/10/2025 18:10,5411.0,5411.0,5410.0,5410.5,1000.0
31/10/2025 18:15,5410.5,5411.5,5409.0,5410.0,1000.0
31/10/2025 18:20,5409.5,5413.0,5409.0,5413.0,1000.0
31/10/2025 18:25,5413.0,5414.0,5411.5,5414.0,1000.0
4/11/2025 10:00,5421.0,5422.0,5414.0,5416.5,1000.0
4/11/2025 10:05,5416.0,5417.5,5412.0,5416.5,1000.0
4/11/2025 10:10,5416.5,5421.5,5416.5,5421.5,1000.0
4/11/2025 10:15,5421.5,5423.5,5419.5,5422.5,1000.0
4/11/2025 10:20,5422.5,5429.5,5422.0,5425.0,1000.0
4/11/2025 10:25,5425.5,5427.0,5423.5,5426.5,1000.0
4/11/2025 10:30,5426.5,5428.0,5425.5,5427.5,1000.0
4/11/2025 10:35,5427.5,5428.5,5426.5,5427.0,1000.0
4/11/2025 10:40,5427.0,5428.0,5423.0,5424.5,1000.0
4/11/2025 10:45,5425.0,5426.0,5421.0,5422.0,1000.0
4/11/2025 10:50,5422.0,5423.5,5420.5,5422.0,1000.0
4/11/2025 10:55,5422.0,5423.5,5420.0,5420.5,1000.0
4/11/2025 11:00,5421.0,5422.5,5419.0,5422.0,1000.0
4/11/2025 11:05,5422.0,5423.0,5420.0,5422.5,1000.0
4/11/2025 11:10,5422.5,5424.5,5421.5,5422.5,1000.0
4/11/2025 11:15,5422.5,5422.5,5418.0,5418.5,1000.0
4/11/2025 11:20,5419.0,5419.5,5416.5,5419.5,1000.0
4/11/2025 11:25,5419.0,5420.5,5418.0,5419.0,1000.0
4/11/2025 11:30,5419.5,5422.0,5418.0,5421.5,1000.0
4/11/2025 11:35,5421.5,5424.5,5420.5,5424.0,1000.0
4/11/2025 11:40,5424.0,5427.5,5420.5,5421.0,1000.0
4/11/2025 11:45,5421.5,5423.5,5421.0,5421.5,1000.0
4/11/2025 11:50,5422.0,5422.0,5416.5,5417.0,1000.0
4/11/2025 11:55,5417.0,5417.5,5413.0,5414.0,1000.0
4/11/2025 12:00,5414.0,5418.0,5414.0,5414.0,1000.0
4/11/2025 12:05,5414.0,5416.5,5413.0,5415.5,1000.0
4/11/2025 12:10,5415.5,5416.5,5412.0,5414.5,1000.0
4/11/2025 12:15,5414.5,5415.0,5411.0,5412.5,1000.0
4/11/2025 12:20,5412.5,5414.0,5411.5,5413.5,1000.0
4/11/2025 12:25,5414.0,5415.5,5412.5,5413.5,1000.0
4/11/2025 12:30,5414.0,5415.0,5412.5,5414.0,1000.0
4/11/2025 12:35,5414.0,5416.0,5413.0,5413.5,1000.0
4/11/2025 12:40,5414.0,5415.0,5412.5,5413.5,1000.0
4/11/2025 12:45,5413.5,5414.5,5410.5,5413.5,1000.0
4/11/2025 12:50,5413.0,5417.0,5413.0,5414.0,1000.0
4/11/2025 12:55,5414.0,5415.5,5412.0,5412.5,1000.0
4/11/2025 13:00,5412.5,5415.0,5411.0,5414.0,1000.0
4/11/2025 13:05,5414.0,5416.0,5413.0,5414.5,1000.0
4/11/2025 13:10,5414.0,5415.5,5413.5,5415.0,1000.0
4/11/2025 13:15,5415.0,5416.0,5414.0,5415.0,1000.0
4/11/2025 13:20,5415.0,5418.5,5415.0,5418.5,1000.0
4/11/2025 13:25,5418.0,5420.0,5414.5,5416.0,1000.0
4/11/2025 13:30,5416.5,5417.5,5415.0,5415.5,1000.0
4/11/2025 13:35,5415.5,5418.0,5415.0,5416.0,1000.0
4/11/2025 13:40,5416.5,5418.0,5414.0,5415.0,1000.0
4/11/2025 13:45,5415.0,5418.0,5414.0,5418.0,1000.0
4/11/2025 13:50,5417.5,5419.5,5416.5,5416.5,1000.0
4/11/2025 13:55,5417.0,5418.0,5416.5,5417.0,1000.0
4/11/2025 14:00,5417.0,5419.0,5416.5,5418.5,1000.0
4/11/2025 14:05,5418.5,5420.0,5418.0,5418.5,1000.0
4/11/2025 14:10,5419.0,5421.5,5417.5,5421.5,1000.0
4/11/2025 14:15,5421.5,5423.5,5420.5,5423.5,1000.0
4/11/2025 14:20,5423.5,5424.0,5421.5,5421.5,1000.0
4/11/2025 14:25,5422.0,5422.0,5420.0,5422.0,1000.0
4/11/2025 14:30,5421.5,5424.5,5421.5,5423.0,1000.0
4/11/2025 14:35,5423.5,5424.5,5422.5,5424.0,1000.0
4/11/2025 14:40,5424.0,5428.5,5424.0,5426.5,1000.0
4/11/2025 14:45,5426.5,5427.5,5425.0,5425.0,1000.0
4/11/2025 14:50,5425.5,5427.5,5425.0,5427.0,1000.0
4/11/2025 14:55,5427.0,5428.0,5426.5,5427.0,1000.0
4/11/2025 15:00,5427.0,5429.0,5426.5,5428.5,1000.0
4/11/2025 15:05,5428.5,5429.0,5427.0,5428.5,1000.0
4/11/2025 15:10,5428.0,5429.0,5427.0,5429.0,1000.0
4/11/2025 15:15,5429.0,5429.0,5427.0,5427.5,1000.0
4/11/2025 15:20,5427.5,5428.0,5425.5,5426.0,1000.0
4/11/2025 15:25,5426.5,5430.0,5426.0,5429.0,1000.0
4/11/2025 15:30,5429.0,5429.0,5427.0,5428.0,1000.0
4/11/2025 15:35,5428.0,5433.0,5427.5,5433.0,1000.0
4/11/2025 15:40,5433.0,5434.0,5428.5,5429.0,1000.0
4/11/2025 15:45,5429.5,5430.0,5428.0,5429.0,1000.0
4/11/2025 15:50,5429.0,5431.5,5428.5,5430.0,1000.0
4/11/2025 15:55,5429.5,5431.0,5429.0,5430.0,1000.0
4/11/2025 16:00,5429.5,5430.5,5428.5,5428.5,1000.0
4/11/2025 16:05,5428.5,5430.0,5427.5,5430.0,1000.0
4/11/2025 16:10,5429.5,5430.5,5429.0,5429.5,1000.0
4/11/2025 16:15,5429.5,5430.0,5428.0,5428.5,1000.0
4/11/2025 16:20,5429.0,5430.5,5428.5,5429.5,1000.0
4/11/2025 16:25,5429.5,5430.5,5429.0,5430.5,1000.0
4/11/2025 16:30,5430.0,5431.0,5429.5,5429.5,1000.0
4/11/2025 16:35,5429.5,5432.0,5429.5,5431.0,1000.0
4/11/2025 16:40,5430.5,5432.0,5429.5,5430.5,1000.0
4/11/2025 16:45,5430.5,5431.5,5430.0,5430.5,1000.0
4/11/2025 16:50,5430.5,5431.0,5429.5,5431.0,1000.0
4/11/2025 16:55,5431.0,5431.0,5429.5,5431.0,1000.0
4/11/2025 17:00,5431.0,5433.0,5430.5,5432.0,1000.0
4/11/2025 17:05,5432.0,5433.0,5431.5,5433.0,1000.0
4/11/2025 17:10,5433.0,5433.5,5431.5,5431.5,1000.0
4/11/2025 17:15,5431.5,5432.0,5429.0,5429.5,1000.0
4/11/2025 17:20,5430.0,5431.0,5429.5,5430.0,1000.0
4/11/2025 17:25,5430.0,5430.5,5429.0,5430.5,1000.0
4/11/2025 17:30,5430.0,5431.5,5430.0,5430.0,1000.0
4/11/2025 17:35,5430.0,5430.5,5428.0,5428.5,1000.0
4/11/2025 17:40,5428.0,5430.0,5427.5,5429.5,1000.0
4/11/2025 17:45,5429.5,5433.0,5429.5,5432.5,1000.0
4/11/2025 17:50,5432.0,5433.5,5431.5,5433.0,1000.0
4/11/2025 17:55,5432.5,5434.0,5432.0,5433.0,1000.0
4/11/2025 18:00,5432.5,5433.5,5430.5,5432.0,1000.0
4/11/2025 18:05,5432.5,5439.5,5430.5,5438.5,1000.0
4/11/2025 18:10,5439.0,5440.5,5437.5,5437.5,1000.0
4/11/2025 18:15,5438.0,5440.5,5437.5,5440.0,1000.0
4/11/2025 18:20,5439.5,5441.5,5438.0,5440.5,1000.0
4/11/2025 18:25,5440.0,5443.5,5440.0,5442.5,1000.0
4/11/2025 9:00,5417.5,5424.0,5414.0,5423.0,1000.0
4/11/2025 9:05,5423.0,5430.0,5422.5,5428.0,1000.0
4/11/2025 9:10,5428.5,5430.0,5424.5,5428.0,1000.0
4/11/2025 9:15,5428.0,5429.0,5419.0,5420.0,1000.0
4/11/2025 9:20,5420.0,5424.0,5419.0,5421.5,1000.0
4/11/2025 9:25,5421.0,5428.0,5421.0,5427.5,1000.0
4/11/2025 9:30,5427.0,5431.5,5425.0,5430.0,1000.0
4/11/2025 9:35,5430.0,5431.0,5426.5,5427.0,1000.0
4/11/2025 9:40,5427.0,5429.5,5426.5,5428.5,1000.0
4/11/2025 9:45,5428.5,5429.5,5426.5,5427.5,1000.0
4/11/2025 9:50,5427.5,5428.5,5420.0,5421.5,1000.0
4/11/2025 9:55,5422.0,5422.5,5420.0,5421.5,1000.0
4/12/2025 10:00,5335.5,5337.0,5332.0,5336.0,1000.0
4/12/2025 10:05,5335.5,5338.0,5335.5,5336.5,1000.0
4/12/2025 10:10,5336.5,5337.0,5333.0,5333.0,1000.0
4/12/2025 10:15,5333.0,5334.0,5327.0,5327.0,1000.0
4/12/2025 10:20,5327.0,5328.0,5320.5,5321.5,1000.0
4/12/2025 10:25,5322.0,5324.0,5319.5,5322.5,1000.0
4/12/2025 10:30,5322.5,5328.0,5319.5,5323.0,1000.0
4/12/2025 10:35,5323.0,5325.5,5321.0,5325.5,1000.0
4/12/2025 10:40,5325.5,5326.5,5324.0,5325.0,1000.0
4/12/2025 10:45,5325.0,5325.5,5323.0,5323.5,1000.0
4/12/2025 10:50,5323.5,5326.0,5323.5,5325.5,1000.0
4/12/2025 10:55,5326.0,5326.5,5321.5,5321.5,1000.0
4/12/2025 11:00,5321.5,5322.0,5318.5,5321.5,1000.0
4/12/2025 11:05,5321.5,5322.5,5320.5,5321.0,1000.0
4/12/2025 11:10,5321.0,5324.0,5319.5,5323.0,1000.0
4/12/2025 11:15,5323.0,5323.5,5318.5,5319.5,1000.0
4/12/2025 11:20,5319.5,5320.5,5319.0,5319.5,1000.0
4/12/2025 11:25,5319.5,5324.0,5319.5,5323.0,1000.0
4/12/2025 11:30,5323.0,5324.0,5321.5,5323.0,1000.0
4/12/2025 11:35,5323.0,5325.5,5322.5,5325.0,1000.0
4/12/2025 11:40,5325.5,5326.5,5324.0,5324.0,1000.0
4/12/2025 11:45,5324.0,5325.5,5323.5,5324.5,1000.0
4/12/2025 11:50,5324.5,5326.5,5321.5,5322.0,1000.0
4/12/2025 11:55,5322.0,5326.5,5320.0,5326.0,1000.0
4/12/2025 12:00,5326.5,5326.5,5322.5,5324.5,1000.0
4/12/2025 12:05,5324.5,5327.5,5323.5,5327.5,1000.0
4/12/2025 12:10,5327.0,5327.5,5325.0,5325.5,1000.0
4/12/2025 12:15,5325.5,5325.5,5323.0,5324.5,1000.0
4/12/2025 12:20,5324.5,5326.0,5324.0,5324.5,1000.0
4/12/2025 12:25,5324.5,5326.0,5324.0,5324.0,1000.0
4/12/2025 12:30,5324.0,5325.0,5323.5,5324.5,1000.0
4/12/2025 12:35,5325.0,5328.0,5324.5,5324.5,1000.0
4/12/2025 12:40,5325.0,5325.0,5322.0,5323.5,1000.0
4/12/2025 12:45,5323.5,5325.0,5323.0,5323.5,1000.0
4/12/2025 12:50,5324.0,5324.0,5322.5,5323.0,1000.0
4/12/2025 12:55,5323.5,5325.0,5322.0,5323.0,1000.0
4/12/2025 13:00,5323.0,5325.5,5322.5,5323.5,1000.0
4/12/2025 13:05,5323.5,5325.0,5323.0,5323.5,1000.0
4/12/2025 13:10,5323.5,5325.5,5323.0,5324.5,1000.0
4/12/2025 13:15,5324.0,5325.0,5323.0,5324.5,1000.0
4/12/2025 13:20,5325.0,5326.5,5323.5,5326.5,1000.0
4/12/2025 13:25,5326.5,5331.5,5326.0,5329.5,1000.0
4/12/2025 13:30,5329.5,5330.5,5326.0,5327.5,1000.0
4/12/2025 13:35,5328.0,5331.5,5327.5,5330.0,1000.0
4/12/2025 13:40,5330.5,5333.5,5330.0,5332.0,1000.0
4/12/2025 13:45,5332.5,5334.5,5329.0,5330.0,1000.0
4/12/2025 13:50,5330.0,5331.5,5329.5,5330.5,1000.0
4/12/2025 13:55,5330.5,5333.5,5329.0,5333.0,1000.0
4/12/2025 14:00,5333.5,5333.5,5331.5,5332.5,1000.0
4/12/2025 14:05,5332.5,5334.0,5332.0,5333.5,1000.0
4/12/2025 14:10,5333.0,5334.0,5332.5,5333.0,1000.0
4/12/2025 14:15,5333.0,5336.0,5332.0,5335.5,1000.0
4/12/2025 14:20,5336.0,5338.5,5335.5,5337.0,1000.0
4/12/2025 14:25,5337.5,5338.0,5334.5,5336.5,1000.0
4/12/2025 14:30,5336.5,5342.0,5336.0,5341.0,1000.0
4/12/2025 14:35,5341.5,5341.5,5338.0,5339.5,1000.0
4/12/2025 14:40,5339.5,5342.5,5339.5,5340.5,1000.0
4/12/2025 14:45,5340.5,5342.0,5339.5,5340.0,1000.0
4/12/2025 14:50,5339.5,5341.0,5337.5,5340.0,1000.0
4/12/2025 14:55,5340.5,5341.0,5339.0,5339.5,1000.0
4/12/2025 15:00,5339.0,5341.0,5339.0,5341.0,1000.0
4/12/2025 15:05,5341.0,5342.5,5340.0,5341.0,1000.0
4/12/2025 15:10,5341.0,5342.5,5340.5,5341.5,1000.0
4/12/2025 15:15,5341.0,5347.0,5340.0,5344.0,1000.0
4/12/2025 15:20,5344.0,5345.5,5344.0,5344.5,1000.0
4/12/2025 15:25,5344.0,5346.5,5344.0,5345.0,1000.0
4/12/2025 15:30,5345.0,5347.0,5344.0,5345.5,1000.0
4/12/2025 15:35,5345.5,5346.0,5342.0,5343.5,1000.0
4/12/2025 15:40,5343.5,5344.0,5341.0,5342.5,1000.0
4/12/2025 15:45,5343.0,5344.5,5342.0,5344.0,1000.0
4/12/2025 15:50,5343.5,5344.0,5341.0,5341.0,1000.0
4/12/2025 15:55,5341.5,5342.0,5339.5,5341.5,1000.0
4/12/2025 16:00,5341.5,5344.0,5341.5,5343.0,1000.0
4/12/2025 16:05,5343.5,5344.0,5342.5,5344.0,1000.0
4/12/2025 16:10,5343.5,5345.0,5343.0,5344.0,1000.0
4/12/2025 16:15,5344.5,5347.0,5343.5,5344.5,1000.0
4/12/2025 16:20,5344.5,5345.0,5342.0,5342.5,1000.0
4/12/2025 16:25,5342.0,5342.5,5338.5,5339.5,1000.0
4/12/2025 16:30,5339.0,5339.5,5335.5,5335.5,1000.0
4/12/2025 16:35,5336.0,5337.5,5335.0,5337.5,1000.0
4/12/2025 16:40,5337.5,5340.5,5337.0,5339.5,1000.0
4/12/2025 16:45,5339.5,5340.5,5339.0,5340.0,1000.0
4/12/2025 16:50,5340.5,5340.5,5339.0,5340.5,1000.0
4/12/2025 16:55,5340.0,5340.5,5339.0,5340.5,1000.0
4/12/2025 17:00,5340.5,5341.5,5340.0,5341.0,1000.0
4/12/2025 17:05,5341.0,5342.0,5340.0,5340.5,1000.0
4/12/2025 17:10,5340.5,5341.0,5340.0,5340.5,1000.0
4/12/2025 17:15,5340.0,5342.5,5340.0,5342.0,1000.0
4/12/2025 17:20,5342.0,5343.5,5341.5,5342.5,1000.0
4/12/2025 17:25,5343.0,5343.5,5342.5,5342.5,1000.0
4/12/2025 17:30,5342.5,5342.5,5340.5,5341.0,1000.0
4/12/2025 17:35,5341.5,5343.5,5341.0,5343.0,1000.0
4/12/2025 17:40,5343.0,5343.0,5342.0,5342.0,1000.0
4/12/2025 17:45,5342.5,5344.0,5342.0,5343.5,1000.0
4/12/2025 17:50,5343.5,5344.5,5342.5,5344.0,1000.0
4/12/2025 17:55,5343.5,5344.0,5342.5,5343.0,1000.0
4/12/2025 18:00,5343.0,5344.5,5342.5,5343.5,1000.0
4/12/2025 18:05,5343.5,5344.0,5342.5,5342.5,1000.0
4/12/2025 18:10,5343.0,5343.5,5340.5,5341.0,1000.0
4/12/2025 18:15,5341.0,5342.5,5339.5,5340.5,1000.0
4/12/2025 18:20,5341.0,5342.0,5340.0,5341.0,1000.0
4/12/2025 18:25,5341.0,5341.5,5339.5,5341.0,1000.0
4/12/2025 9:00,5336.0,5339.0,5332.5,5337.0,1000.0
4/12/2025 9:05,5337.5,5338.0,5333.5,5334.5,1000.0
4/12/2025 9:10,5335.0,5335.0,5329.0,5331.5,1000.0
4/12/2025 9:15,5331.5,5332.5,5329.5,5331.5,1000.0
4/12/2025 9:20,5332.0,5335.0,5331.0,5335.0,1000.0
4/12/2025 9:25,5334.5,5338.5,5333.5,5335.5,1000.0
4/12/2025 9:30,5335.0,5336.0,5332.5,5335.0,1000.0
4/12/2025 9:35,5335.0,5337.0,5333.5,5336.0,1000.0
4/12/2025 9:40,5336.5,5339.0,5335.0,5338.5,1000.0
4/12/2025 9:45,5338.5,5340.0,5337.0,5338.0,1000.0
4/12/2025 9:50,5338.0,5341.5,5336.5,5340.0,1000.0
4/12/2025 9:55,5340.0,5341.0,5334.5,5335.0,1000.0
4/2/2026 10:00,5246.0,5247.5,5244.0,5244.0,1000.0
4/2/2026 10:05,5244.5,5248.0,5244.5,5247.0,1000.0
4/2/2026 10:10,5246.5,5251.0,5245.5,5250.0,1000.0
4/2/2026 10:15,5250.5,5251.0,5241.5,5249.5,1000.0
4/2/2026 10:20,5249.0,5252.0,5247.5,5252.0,1000.0
4/2/2026 10:25,5251.5,5254.0,5250.0,5252.5,1000.0
4/2/2026 10:30,5252.5,5255.0,5250.5,5253.0,1000.0
4/2/2026 10:35,5253.0,5254.5,5250.5,5253.0,1000.0
4/2/2026 10:40,5253.0,5254.0,5248.5,5249.5,1000.0
4/2/2026 10:45,5249.5,5251.0,5244.0,5245.5,1000.0
4/2/2026 10:50,5245.5,5245.5,5242.5,5244.0,1000.0
4/2/2026 10:55,5243.5,5246.0,5243.0,5245.5,1000.0
4/2/2026 11:00,5245.0,5250.5,5245.0,5249.5,1000.0
4/2/2026 11:05,5249.5,5254.0,5249.0,5250.5,1000.0
4/2/2026 11:10,5251.0,5253.0,5249.5,5251.5,1000.0
4/2/2026 11:15,5252.0,5252.5,5249.0,5250.5,1000.0
4/2/2026 11:20,5250.0,5254.0,5249.0,5253.5,1000.0
4/2/2026 11:25,5253.5,5255.0,5251.0,5253.5,1000.0
4/2/2026 11:30,5253.0,5261.5,5252.0,5259.5,1000.0
4/2/2026 11:35,5259.0,5269.0,5256.0,5267.5,1000.0
4/2/2026 11:40,5267.5,5273.0,5265.0,5265.5,1000.0
4/2/2026 11:45,5265.5,5267.0,5261.0,5261.0,1000.0
4/2/2026 11:50,5261.0,5269.5,5261.0,5264.5,1000.0
4/2/2026 11:55,5264.5,5273.5,5263.0,5272.5,1000.0
4/2/2026 12:00,5272.5,5276.5,5270.5,5274.5,1000.0
4/2/2026 12:05,5274.0,5275.0,5269.0,5269.5,1000.0
4/2/2026 12:10,5270.0,5272.5,5267.5,5268.5,1000.0
4/2/2026 12:15,5268.5,5272.5,5267.5,5271.5,1000.0
4/2/2026 12:20,5271.5,5274.0,5269.5,5272.5,1000.0
4/2/2026 12:25,5272.5,5274.0,5269.5,5273.0,1000.0
4/2/2026 12:30,5273.0,5281.5,5271.5,5281.5,1000.0
4/2/2026 12:35,5281.5,5283.0,5273.5,5275.5,1000.0
4/2/2026 12:40,5275.5,5277.0,5271.0,5276.0,1000.0
4/2/2026 12:45,5276.0,5283.5,5275.0,5280.5,1000.0
4/2/2026 12:50,5280.0,5281.0,5276.5,5276.5,1000.0
4/2/2026 12:55,5277.0,5280.0,5273.0,5276.5,1000.0
4/2/2026 13:00,5276.0,5280.0,5274.5,5279.5,1000.0
4/2/2026 13:05,5279.5,5280.5,5277.0,5278.0,1000.0
4/2/2026 13:10,5278.0,5279.0,5276.0,5278.0,1000.0
4/2/2026 13:15,5277.5,5281.0,5277.0,5281.0,1000.0
4/2/2026 13:20,5281.0,5283.5,5279.0,5282.0,1000.0
4/2/2026 13:25,5282.0,5282.5,5277.0,5278.0,1000.0
4/2/2026 13:30,5277.5,5279.0,5276.0,5278.5,1000.0
4/2/2026 13:35,5278.5,5282.0,5277.5,5282.0,1000.0
4/2/2026 13:40,5281.5,5285.5,5281.0,5283.5,1000.0
4/2/2026 13:45,5283.5,5284.5,5281.5,5282.0,1000.0
4/2/2026 13:50,5282.5,5284.5,5278.5,5279.0,1000.0
4/2/2026 13:55,5279.0,5279.0,5273.0,5274.0,1000.0
4/2/2026 14:00,5274.0,5276.0,5271.5,5272.0,1000.0
4/2/2026 14:05,5272.0,5272.0,5266.5,5267.5,1000.0
4/2/2026 14:10,5267.5,5272.5,5266.0,5267.0,1000.0
4/2/2026 14:15,5267.0,5271.0,5265.5,5269.5,1000.0
4/2/2026 14:20,5269.5,5271.0,5267.5,5268.0,1000.0
4/2/2026 14:25,5268.0,5277.0,5268.0,5274.0,1000.0
4/2/2026 14:30,5273.5,5276.0,5270.0,5275.0,1000.0
4/2/2026 14:35,5275.5,5282.0,5275.0,5282.0,1000.0
4/2/2026 14:40,5282.0,5286.0,5280.5,5283.5,1000.0
4/2/2026 14:45,5284.0,5286.0,5282.5,5285.5,1000.0
4/2/2026 14:50,5285.5,5288.0,5283.0,5284.5,1000.0
4/2/2026 14:55,5284.5,5284.5,5280.5,5281.0,1000.0
4/2/2026 15:00,5281.5,5286.0,5280.5,5281.5,1000.0
4/2/2026 15:05,5281.5,5287.0,5280.5,5286.5,1000.0
4/2/2026 15:10,5287.0,5288.0,5286.0,5286.5,1000.0
4/2/2026 15:15,5286.5,5288.0,5284.5,5287.0,1000.0
4/2/2026 15:20,5287.0,5287.5,5284.5,5285.5,1000.0
4/2/2026 15:25,5285.5,5285.5,5280.0,5282.5,1000.0
4/2/2026 15:30,5282.0,5284.5,5282.0,5282.5,1000.0
4/2/2026 15:35,5282.5,5285.5,5281.5,5284.0,1000.0
4/2/2026 15:40,5284.0,5284.5,5280.0,5281.5,1000.0
4/2/2026 15:45,5281.5,5282.5,5280.0,5282.0,1000.0
4/2/2026 15:50,5281.5,5284.0,5281.5,5282.0,1000.0
4/2/2026 15:55,5282.5,5284.5,5282.0,5283.5,1000.0
4/2/2026 16:00,5283.5,5290.5,5283.5,5289.5,1000.0
4/2/2026 16:05,5289.0,5291.5,5288.0,5288.5,1000.0
4/2/2026 16:10,5288.5,5289.0,5286.0,5287.0,1000.0
4/2/2026 16:15,5286.5,5287.0,5283.5,5285.0,1000.0
4/2/2026 16:20,5285.0,5288.0,5284.5,5286.0,1000.0
4/2/2026 16:25,5286.0,5289.0,5286.0,5287.5,1000.0
4/2/2026 16:30,5287.0,5287.5,5283.0,5283.5,1000.0
4/2/2026 16:35,5283.5,5285.0,5281.0,5281.5,1000.0
4/2/2026 16:40,5282.0,5283.0,5281.0,5282.0,1000.0
4/2/2026 16:45,5282.5,5282.5,5276.5,5279.0,1000.0
4/2/2026 16:50,5279.0,5281.0,5272.5,5274.0,1000.0
4/2/2026 16:55,5274.0,5278.0,5274.0,5276.0,1000.0
4/2/2026 17:00,5276.0,5279.0,5275.0,5276.0,1000.0
4/2/2026 17:05,5275.5,5276.5,5272.5,5272.5,1000.0
4/2/2026 17:10,5273.0,5277.0,5272.5,5275.0,1000.0
4/2/2026 17:15,5274.5,5276.5,5274.0,5275.0,1000.0
4/2/2026 17:20,5274.5,5275.5,5274.0,5275.5,1000.0
4/2/2026 17:25,5275.5,5276.5,5274.0,5274.0,1000.0
4/2/2026 17:30,5274.5,5274.5,5266.5,5267.0,1000.0
4/2/2026 17:35,5266.5,5269.5,5266.0,5268.0,1000.0
4/2/2026 17:40,5268.0,5269.0,5266.5,5269.0,1000.0
4/2/2026 17:45,5269.0,5270.0,5267.5,5270.0,1000.0
4/2/2026 17:50,5270.0,5272.5,5268.5,5272.0,1000.0
4/2/2026 17:55,5272.0,5274.0,5267.0,5268.0,1000.0
4/2/2026 18:00,5268.5,5271.0,5268.5,5270.0,1000.0
4/2/2026 18:05,5270.0,5270.0,5266.5,5269.0,1000.0
4/2/2026 18:10,5269.0,5269.0,5266.0,5268.5,1000.0
4/2/2026 18:15,5268.0,5269.5,5266.5,5266.5,1000.0
4/2/2026 18:20,5266.5,5267.5,5265.5,5266.5,1000.0
4/2/2026 18:25,5266.5,5268.0,5265.0,5268.0,1000.0
4/2/2026 9:00,5268.0,5269.5,5259.0,5267.0,1000.0
4/2/2026 9:05,5267.5,5268.5,5262.5,5263.5,1000.0
4/2/2026 9:10,5263.5,5265.5,5257.5,5259.0,1000.0
4/2/2026 9:15,5258.5,5260.5,5255.5,5257.0,1000.0
4/2/2026 9:20,5256.5,5258.0,5252.0,5255.5,1000.0
4/2/2026 9:25,5255.5,5257.5,5253.5,5257.5,1000.0
4/2/2026 9:30,5257.0,5258.0,5250.5,5252.5,1000.0
4/2/2026 9:35,5253.0,5256.5,5252.0,5252.0,1000.0
4/2/2026 9:40,5252.0,5255.5,5251.5,5251.5,1000.0
4/2/2026 9:45,5251.5,5253.0,5246.5,5250.0,1000.0
4/2/2026 9:50,5250.0,5250.5,5244.0,5245.0,1000.0
4/2/2026 9:55,5245.5,5248.5,5245.0,5245.5,1000.0
4/3/2026 10:00,5261.5,5261.5,5252.0,5255.0,1000.0
4/3/2026 10:05,5254.5,5257.0,5250.0,5253.5,1000.0
4/3/2026 10:10,5254.0,5255.5,5250.0,5254.5,1000.0
4/3/2026 10:15,5254.5,5258.5,5253.5,5257.0,1000.0
4/3/2026 10:20,5257.0,5259.0,5251.5,5255.0,1000.0
4/3/2026 10:25,5255.0,5255.5,5249.0,5254.0,1000.0
4/3/2026 10:30,5254.0,5261.0,5252.5,5257.0,1000.0
4/3/2026 10:35,5257.0,5259.0,5254.5,5258.5,1000.0
4/3/2026 10:40,5258.0,5261.5,5256.5,5257.5,1000.0
4/3/2026 10:45,5257.5,5258.0,5251.0,5253.5,1000.0
4/3/2026 10:50,5253.5,5259.0,5245.5,5249.5,1000.0
4/3/2026 10:55,5249.5,5255.0,5245.0,5246.5,1000.0
4/3/2026 11:00,5247.0,5251.5,5243.5,5246.5,1000.0
4/3/2026 11:05,5246.0,5251.0,5245.5,5248.0,1000.0
4/3/2026 11:10,5248.0,5251.5,5248.0,5250.5,1000.0
4/3/2026 11:15,5250.5,5251.0,5245.5,5246.5,1000.0
4/3/2026 11:20,5247.0,5247.5,5242.0,5242.5,1000.0
4/3/2026 11:25,5242.5,5248.0,5240.5,5244.5,1000.0
4/3/2026 11:30,5244.5,5246.5,5234.0,5240.0,1000.0
4/3/2026 11:35,5240.0,5259.0,5238.5,5246.5,1000.0
4/3/2026 11:40,5246.5,5256.5,5245.0,5254.5,1000.0
4/3/2026 11:45,5255.0,5257.0,5246.5,5250.5,1000.0
4/3/2026 11:50,5250.0,5255.5,5245.0,5245.0,1000.0
4/3/2026 11:55,5245.5,5250.0,5241.5,5247.0,1000.0
4/3/2026 12:00,5247.0,5253.5,5245.5,5252.0,1000.0
4/3/2026 12:05,5252.0,5255.5,5239.5,5240.5,1000.0
4/3/2026 12:10,5241.0,5249.0,5239.5,5249.0,1000.0
4/3/2026 12:15,5249.5,5250.5,5242.0,5243.5,1000.0
4/3/2026 12:20,5243.0,5244.0,5238.5,5239.5,1000.0
4/3/2026 12:25,5240.0,5241.5,5234.0,5234.5,1000.0
4/3/2026 12:30,5234.5,5239.5,5234.0,5239.0,1000.0
4/3/2026 12:35,5239.0,5247.0,5239.0,5245.5,1000.0
4/3/2026 12:40,5245.5,5249.0,5245.0,5247.0,1000.0
4/3/2026 12:45,5247.0,5250.5,5246.5,5247.0,1000.0
4/3/2026 12:50,5247.0,5247.5,5237.5,5239.5,1000.0
4/3/2026 12:55,5239.5,5242.5,5231.5,5233.0,1000.0
4/3/2026 13:00,5233.0,5234.0,5229.5,5232.5,1000.0
4/3/2026 13:05,5232.5,5239.0,5231.5,5238.0,1000.0
4/3/2026 13:10,5238.0,5247.0,5237.5,5246.0,1000.0
4/3/2026 13:15,5246.0,5249.0,5244.5,5248.5,1000.0
4/3/2026 13:20,5248.5,5266.5,5247.5,5254.5,1000.0
4/3/2026 13:25,5255.0,5258.5,5251.5,5253.5,1000.0
4/3/2026 13:30,5253.5,5254.5,5248.0,5249.0,1000.0
4/3/2026 13:35,5248.5,5252.0,5247.5,5252.0,1000.0
4/3/2026 13:40,5252.0,5253.0,5247.0,5249.0,1000.0
4/3/2026 13:45,5249.0,5249.5,5243.5,5247.5,1000.0
4/3/2026 13:50,5247.5,5248.5,5243.5,5245.5,1000.0
4/3/2026 13:55,5245.0,5250.0,5244.5,5249.5,1000.0
4/3/2026 14:00,5249.0,5250.5,5246.5,5248.5,1000.0
4/3/2026 14:05,5248.5,5255.0,5247.5,5253.5,1000.0
4/3/2026 14:10,5253.5,5257.0,5253.0,5254.5,1000.0
4/3/2026 14:15,5254.5,5256.0,5253.0,5255.5,1000.0
4/3/2026 14:20,5255.5,5260.0,5254.5,5254.5,1000.0
4/3/2026 14:25,5254.5,5260.5,5253.0,5260.0,1000.0
4/3/2026 14:30,5259.5,5266.0,5259.0,5262.5,1000.0
4/3/2026 14:35,5262.5,5264.5,5260.0,5262.5,1000.0
4/3/2026 14:40,5263.0,5265.0,5260.5,5260.5,1000.0
4/3/2026 14:45,5260.5,5261.0,5255.5,5256.5,1000.0
4/3/2026 14:50,5257.0,5260.0,5256.5,5258.5,1000.0
4/3/2026 14:55,5258.5,5260.5,5256.0,5257.0,1000.0
4/3/2026 15:00,5257.0,5261.0,5256.0,5260.0,1000.0
4/3/2026 15:05,5260.0,5263.5,5259.0,5259.0,1000.0
4/3/2026 15:10,5259.5,5261.5,5257.0,5258.0,1000.0
4/3/2026 15:15,5258.0,5260.5,5257.0,5260.0,1000.0
4/3/2026 15:20,5260.0,5262.5,5255.0,5256.0,1000.0
4/3/2026 15:25,5256.0,5258.5,5255.5,5255.5,1000.0
4/3/2026 15:30,5255.5,5256.0,5252.0,5254.5,1000.0
4/3/2026 15:35,5254.5,5255.0,5251.0,5252.5,1000.0
4/3/2026 15:40,5252.5,5253.5,5250.0,5251.0,1000.0
4/3/2026 15:45,5251.0,5251.0,5248.0,5248.5,1000.0
4/3/2026 15:50,5248.0,5251.5,5247.0,5251.0,1000.0
4/3/2026 15:55,5250.5,5253.0,5250.0,5250.5,1000.0
4/3/2026 16:00,5251.0,5255.5,5250.0,5254.5,1000.0
4/3/2026 16:05,5255.0,5258.5,5254.0,5257.5,1000.0
4/3/2026 16:10,5257.5,5259.0,5255.5,5256.0,1000.0
4/3/2026 16:15,5256.0,5257.5,5254.5,5257.5,1000.0
4/3/2026 16:20,5257.5,5257.5,5254.5,5256.0,1000.0
4/3/2026 16:25,5256.5,5257.0,5254.5,5255.0,1000.0
4/3/2026 16:30,5255.0,5255.0,5254.0,5255.0,1000.0
4/3/2026 16:35,5255.0,5255.0,5253.0,5253.5,1000.0
4/3/2026 16:40,5253.5,5254.0,5249.5,5251.0,1000.0
4/3/2026 16:45,5251.0,5254.0,5251.0,5252.0,1000.0
4/3/2026 16:50,5252.0,5254.0,5251.5,5253.5,1000.0
4/3/2026 16:55,5253.5,5255.5,5253.5,5253.5,1000.0
4/3/2026 17:00,5253.5,5256.0,5253.0,5255.0,1000.0
4/3/2026 17:05,5255.5,5258.0,5255.0,5256.5,1000.0
4/3/2026 17:10,5257.0,5258.5,5256.0,5256.5,1000.0
4/3/2026 17:15,5256.5,5259.5,5256.5,5258.0,1000.0
4/3/2026 17:20,5258.0,5261.0,5257.0,5257.5,1000.0
4/3/2026 17:25,5257.5,5260.5,5257.5,5258.5,1000.0
4/3/2026 17:30,5258.5,5259.0,5256.0,5258.5,1000.0
4/3/2026 17:35,5258.0,5260.5,5257.5,5259.5,1000.0
4/3/2026 17:40,5259.5,5261.5,5259.0,5260.5,1000.0
4/3/2026 17:45,5261.0,5262.0,5260.0,5260.0,1000.0
4/3/2026 17:50,5260.5,5268.0,5260.0,5264.5,1000.0
4/3/2026 17:55,5264.5,5267.5,5264.0,5266.5,1000.0
4/3/2026 18:00,5267.0,5269.0,5265.5,5266.0,1000.0
4/3/2026 18:05,5266.0,5266.5,5264.5,5265.0,1000.0
4/3/2026 18:10,5265.5,5268.5,5264.5,5265.0,1000.0
4/3/2026 18:15,5265.0,5268.5,5265.0,5266.5,1000.0
4/3/2026 18:20,5266.0,5268.0,5264.5,5266.0,1000.0
4/3/2026 18:25,5267.0,5270.0,5266.0,5268.0,1000.0
4/3/2026 9:00,5290.0,5295.0,5269.5,5274.5,1000.0
4/3/2026 9:05,5274.0,5278.0,5264.5,5269.5,1000.0
4/3/2026 9:10,5269.5,5270.5,5263.5,5264.5,1000.0
4/3/2026 9:15,5264.5,5279.5,5264.0,5278.5,1000.0
4/3/2026 9:20,5278.5,5285.0,5275.0,5280.5,1000.0
4/3/2026 9:25,5280.0,5285.5,5276.0,5281.0,1000.0
4/3/2026 9:30,5281.0,5289.5,5280.0,5286.0,1000.0
4/3/2026 9:35,5286.0,5288.0,5283.0,5284.5,1000.0
4/3/2026 9:40,5285.0,5286.0,5266.5,5270.5,1000.0
4/3/2026 9:45,5270.0,5274.5,5267.0,5269.5,1000.0
4/3/2026 9:50,5269.5,5275.5,5268.5,5271.0,1000.0
4/3/2026 9:55,5271.0,5272.0,5261.0,5261.5,1000.0
5/1/2026 10:00,5475.5,5480.5,5475.0,5478.5,1000.0
5/1/2026 10:05,5478.5,5487.5,5477.0,5478.0,1000.0
5/1/2026 10:10,5477.5,5485.0,5476.0,5484.5,1000.0
5/1/2026 10:15,5484.0,5487.0,5482.5,5486.0,1000.0
5/1/2026 10:20,5485.5,5489.5,5484.0,5485.0,1000.0
5/1/2026 10:25,5484.5,5486.5,5483.0,5486.0,1000.0
5/1/2026 10:30,5486.0,5489.5,5485.0,5485.0,1000.0
5/1/2026 10:35,5485.5,5488.0,5483.5,5485.0,1000.0
5/1/2026 10:40,5485.0,5486.5,5480.0,5483.5,1000.0
5/1/2026 10:45,5483.0,5484.5,5482.0,5483.5,1000.0
5/1/2026 10:50,5483.5,5484.5,5479.0,5479.5,1000.0
5/1/2026 10:55,5479.0,5482.0,5478.0,5479.5,1000.0
5/1/2026 11:00,5479.5,5482.5,5477.5,5478.5,1000.0
5/1/2026 11:05,5478.5,5479.0,5471.5,5475.0,1000.0
5/1/2026 11:10,5475.0,5478.0,5474.5,5476.5,1000.0
5/1/2026 11:15,5476.5,5477.0,5464.5,5468.0,1000.0
5/1/2026 11:20,5468.0,5468.5,5462.5,5467.0,1000.0
5/1/2026 11:25,5467.0,5469.0,5466.0,5467.0,1000.0
5/1/2026 11:30,5467.0,5469.5,5462.5,5466.0,1000.0
5/1/2026 11:35,5466.0,5471.5,5465.0,5465.5,1000.0
5/1/2026 11:40,5465.5,5471.0,5464.0,5470.0,1000.0
5/1/2026 11:45,5470.5,5475.5,5469.0,5473.0,1000.0
5/1/2026 11:50,5473.0,5474.5,5472.0,5473.0,1000.0
5/1/2026 11:55,5473.0,5473.5,5467.5,5471.5,1000.0
5/1/2026 12:00,5471.5,5472.5,5468.5,5472.0,1000.0
5/1/2026 12:05,5471.5,5476.5,5465.5,5466.0,1000.0
5/1/2026 12:10,5466.0,5470.5,5465.0,5466.5,1000.0
5/1/2026 12:15,5467.0,5468.5,5462.5,5462.5,1000.0
5/1/2026 12:20,5462.5,5463.0,5455.5,5457.0,1000.0
5/1/2026 12:25,5457.0,5457.0,5451.5,5454.5,1000.0
5/1/2026 12:30,5454.5,5459.0,5454.5,5458.0,1000.0
5/1/2026 12:35,5458.0,5461.0,5456.0,5458.0,1000.0
5/1/2026 12:40,5458.0,5458.0,5455.0,5456.0,1000.0
5/1/2026 12:45,5456.0,5456.5,5452.0,5452.5,1000.0
5/1/2026 12:50,5452.0,5454.0,5451.0,5451.0,1000.0
5/1/2026 12:55,5451.0,5452.5,5449.0,5450.5,1000.0
5/1/2026 13:00,5451.0,5455.0,5450.5,5454.5,1000.0
5/1/2026 13:05,5454.0,5455.5,5452.0,5452.5,1000.0
5/1/2026 13:10,5452.0,5454.5,5447.5,5449.5,1000.0
5/1/2026 13:15,5450.0,5450.0,5446.0,5446.5,1000.0
5/1/2026 13:20,5446.0,5451.0,5445.5,5449.0,1000.0
5/1/2026 13:25,5449.0,5452.0,5449.0,5450.5,1000.0
5/1/2026 13:30,5450.5,5451.5,5446.5,5449.0,1000.0
5/1/2026 13:35,5449.5,5450.0,5447.5,5448.5,1000.0
5/1/2026 13:40,5448.0,5449.5,5445.0,5447.5,1000.0
5/1/2026 13:45,5447.0,5450.0,5446.0,5447.5,1000.0
5/1/2026 13:50,5447.0,5447.0,5444.5,5447.0,1000.0
5/1/2026 13:55,5447.0,5448.0,5445.5,5446.0,1000.0
5/1/2026 14:00,5446.5,5448.5,5443.5,5445.5,1000.0
5/1/2026 14:05,5445.5,5445.5,5441.5,5442.5,1000.0
5/1/2026 14:10,5442.0,5444.5,5440.5,5442.0,1000.0
5/1/2026 14:15,5442.0,5443.0,5440.0,5442.0,1000.0
5/1/2026 14:20,5442.5,5444.0,5442.0,5443.5,1000.0
5/1/2026 14:25,5443.5,5446.0,5443.0,5445.0,1000.0
5/1/2026 14:30,5444.5,5447.0,5443.0,5444.0,1000.0
5/1/2026 14:35,5444.5,5444.5,5439.5,5442.0,1000.0
5/1/2026 14:40,5442.0,5442.0,5439.5,5440.5,1000.0
5/1/2026 14:45,5440.5,5440.5,5434.5,5436.0,1000.0
5/1/2026 14:50,5435.5,5436.5,5433.0,5434.0,1000.0
5/1/2026 14:55,5434.0,5435.5,5431.5,5433.5,1000.0
5/1/2026 15:00,5433.5,5436.0,5432.5,5436.0,1000.0
5/1/2026 15:05,5435.5,5436.5,5434.5,5436.0,1000.0
5/1/2026 15:10,5436.0,5437.0,5434.0,5435.0,1000.0
5/1/2026 15:15,5435.5,5436.0,5433.5,5435.0,1000.0
5/1/2026 15:20,5435.0,5435.0,5432.5,5433.0,1000.0
5/1/2026 15:25,5433.0,5434.5,5433.0,5433.5,1000.0
5/1/2026 15:30,5433.5,5436.0,5432.5,5433.5,1000.0
5/1/2026 15:35,5433.5,5435.0,5433.5,5434.5,1000.0
5/1/2026 15:40,5434.5,5435.5,5433.5,5435.5,1000.0
5/1/2026 15:45,5435.5,5436.5,5434.0,5436.0,1000.0
5/1/2026 15:50,5436.5,5438.5,5436.0,5437.0,1000.0
5/1/2026 15:55,5437.0,5438.5,5435.5,5436.0,1000.0
5/1/2026 16:00,5436.5,5436.5,5434.5,5435.5,1000.0
5/1/2026 16:05,5435.0,5439.5,5435.0,5438.0,1000.0
5/1/2026 16:10,5437.5,5438.5,5437.0,5438.5,1000.0
5/1/2026 16:15,5438.5,5439.5,5438.0,5438.5,1000.0
5/1/2026 16:20,5438.5,5439.5,5437.5,5437.5,1000.0
5/1/2026 16:25,5437.5,5439.0,5437.5,5438.0,1000.0
5/1/2026 16:30,5438.5,5439.0,5437.5,5439.0,1000.0
5/1/2026 16:35,5438.5,5440.0,5438.0,5439.0,1000.0
5/1/2026 16:40,5439.5,5442.5,5439.0,5441.0,1000.0
5/1/2026 16:45,5441.0,5442.5,5440.5,5440.5,1000.0
5/1/2026 16:50,5441.0,5442.0,5439.5,5440.5,1000.0
5/1/2026 16:55,5440.5,5442.0,5440.0,5441.0,1000.0
5/1/2026 17:00,5441.5,5443.0,5440.5,5441.0,1000.0
5/1/2026 17:05,5440.5,5442.0,5440.5,5441.0,1000.0
5/1/2026 17:10,5441.5,5442.0,5441.0,5442.0,1000.0
5/1/2026 17:15,5442.0,5444.0,5441.5,5444.0,1000.0
5/1/2026 17:20,5444.0,5444.5,5443.0,5444.0,1000.0
5/1/2026 17:25,5444.0,5444.5,5442.0,5442.5,1000.0
5/1/2026 17:30,5442.5,5443.0,5440.0,5441.5,1000.0
5/1/2026 17:35,5441.5,5443.5,5441.0,5443.0,1000.0
5/1/2026 17:40,5443.0,5444.5,5442.5,5444.5,1000.0
5/1/2026 17:45,5444.5,5444.5,5443.0,5443.5,1000.0
5/1/2026 17:50,5443.0,5444.0,5442.0,5443.5,1000.0
5/1/2026 17:55,5443.5,5445.0,5443.0,5445.0,1000.0
5/1/2026 18:00,5445.0,5445.5,5443.0,5444.0,1000.0
5/1/2026 18:05,5444.0,5445.5,5443.5,5445.0,1000.0
5/1/2026 18:10,5445.0,5445.5,5444.0,5444.0,1000.0
5/1/2026 18:15,5444.5,5447.0,5443.5,5446.0,1000.0
5/1/2026 18:20,5446.5,5447.0,5444.5,5446.5,1000.0
5/1/2026 18:25,5446.0,5449.0,5445.5,5449.0,1000.0
5/1/2026 9:00,5455.0,5471.0,5455.0,5466.0,1000.0
5/1/2026 9:05,5466.0,5470.0,5464.0,5466.5,1000.0
5/1/2026 9:10,5466.5,5472.0,5466.0,5470.0,1000.0
5/1/2026 9:15,5470.5,5473.0,5464.5,5469.5,1000.0
5/1/2026 9:20,5469.5,5470.5,5463.5,5466.0,1000.0
5/1/2026 9:25,5466.0,5467.5,5463.5,5465.0,1000.0
5/1/2026 9:30,5465.0,5468.5,5460.0,5462.0,1000.0
5/1/2026 9:35,5461.5,5468.5,5461.0,5467.0,1000.0
5/1/2026 9:40,5467.0,5478.0,5466.5,5477.0,1000.0
5/1/2026 9:45,5477.5,5479.5,5473.0,5478.0,1000.0
5/1/2026 9:50,5478.0,5480.0,5475.0,5478.5,1000.0
5/1/2026 9:55,5478.5,5480.0,5473.5,5475.0,1000.0
5/11/2025 10:00,5429.0,5431.5,5427.0,5431.5,1000.0
5/11/2025 10:05,5431.5,5431.5,5427.0,5430.5,1000.0
5/11/2025 10:10,5430.5,5432.0,5428.5,5429.0,1000.0
5/11/2025 10:15,5429.5,5432.0,5428.5,5430.5,1000.0
5/11/2025 10:20,5430.5,5430.5,5424.0,5425.5,1000.0
5/11/2025 10:25,5426.0,5428.0,5425.0,5427.0,1000.0
5/11/2025 10:30,5427.0,5429.5,5426.5,5428.5,1000.0
5/11/2025 10:35,5428.5,5428.5,5417.5,5418.0,1000.0
5/11/2025 10:40,5418.5,5419.5,5411.0,5412.5,1000.0
5/11/2025 10:45,5412.5,5415.0,5410.5,5415.0,1000.0
5/11/2025 10:50,5415.0,5416.5,5412.0,5416.5,1000.0
5/11/2025 10:55,5416.5,5416.5,5412.5,5413.0,1000.0
5/11/2025 11:00,5412.5,5413.0,5409.0,5412.0,1000.0
5/11/2025 11:05,5412.0,5414.5,5412.0,5413.5,1000.0
5/11/2025 11:10,5413.5,5414.0,5409.0,5410.5,1000.0
5/11/2025 11:15,5410.5,5410.5,5404.5,5407.0,1000.0
5/11/2025 11:20,5406.5,5407.5,5400.5,5402.5,1000.0
5/11/2025 11:25,5403.0,5403.5,5400.5,5403.0,1000.0
5/11/2025 11:30,5402.5,5404.5,5398.5,5399.0,1000.0
5/11/2025 11:35,5398.5,5399.0,5396.0,5398.5,1000.0
5/11/2025 11:40,5398.0,5402.5,5398.0,5401.0,1000.0
5/11/2025 11:45,5401.0,5402.5,5399.5,5402.0,1000.0
5/11/2025 11:50,5402.0,5403.0,5399.0,5401.5,1000.0
5/11/2025 11:55,5401.5,5401.5,5399.0,5400.5,1000.0
5/11/2025 12:00,5400.5,5405.5,5400.5,5402.0,1000.0
5/11/2025 12:05,5402.0,5404.5,5401.0,5403.0,1000.0
5/11/2025 12:10,5403.0,5406.5,5403.0,5405.5,1000.0
5/11/2025 12:15,5406.0,5406.0,5399.5,5402.5,1000.0
5/11/2025 12:20,5402.5,5405.0,5399.5,5400.5,1000.0
5/11/2025 12:25,5401.0,5402.0,5399.0,5399.5,1000.0
5/11/2025 12:30,5399.0,5399.5,5392.5,5394.5,1000.0
5/11/2025 12:35,5394.5,5396.5,5393.0,5394.0,1000.0
5/11/2025 12:40,5394.0,5396.5,5393.0,5394.5,1000.0
5/11/2025 12:45,5395.0,5396.0,5393.0,5394.0,1000.0
5/11/2025 12:50,5394.0,5395.0,5393.0,5394.0,1000.0
5/11/2025 12:55,5394.0,5395.0,5392.0,5392.0,1000.0
5/11/2025 13:00,5392.0,5395.0,5391.0,5393.0,1000.0
5/11/2025 13:05,5392.5,5394.0,5392.0,5392.5,1000.0
5/11/2025 13:10,5393.0,5393.5,5389.5,5390.0,1000.0
5/11/2025 13:15,5390.0,5393.0,5383.0,5391.0,1000.0
5/11/2025 13:20,5391.5,5392.0,5388.5,5389.0,1000.0
5/11/2025 13:25,5389.5,5392.0,5387.5,5390.5,1000.0
5/11/2025 13:30,5390.5,5393.0,5389.5,5392.0,1000.0
5/11/2025 13:35,5392.5,5394.5,5391.5,5394.0,1000.0
5/11/2025 13:40,5394.0,5395.5,5392.5,5392.5,1000.0
5/11/2025 13:45,5392.5,5393.0,5391.0,5392.0,1000.0
5/11/2025 13:50,5392.0,5392.5,5388.5,5390.0,1000.0
5/11/2025 13:55,5390.0,5391.0,5388.0,5388.0,1000.0
5/11/2025 14:00,5388.5,5389.0,5385.0,5387.5,1000.0
5/11/2025 14:05,5388.0,5390.0,5387.5,5389.0,1000.0
5/11/2025 14:10,5389.0,5389.5,5386.0,5386.5,1000.0
5/11/2025 14:15,5386.5,5387.5,5385.0,5387.0,1000.0
5/11/2025 14:20,5387.0,5387.5,5385.5,5386.5,1000.0
5/11/2025 14:25,5386.5,5387.0,5385.0,5387.0,1000.0
5/11/2025 14:30,5386.5,5388.5,5384.0,5386.5,1000.0
5/11/2025 14:35,5386.5,5388.5,5386.0,5387.5,1000.0
5/11/2025 14:40,5387.0,5389.5,5387.0,5389.5,1000.0
5/11/2025 14:45,5389.5,5391.5,5389.0,5391.0,1000.0
5/11/2025 14:50,5391.0,5391.5,5390.0,5391.5,1000.0
5/11/2025 14:55,5391.0,5391.5,5389.5,5390.0,1000.0
5/11/2025 15:00,5390.5,5391.5,5390.0,5390.5,1000.0
5/11/2025 15:05,5390.5,5393.0,5390.5,5392.5,1000.0
5/11/2025 15:10,5392.5,5394.0,5390.0,5391.5,1000.0
5/11/2025 15:15,5391.5,5391.5,5390.0,5390.5,1000.0
5/11/2025 15:20,5391.0,5395.0,5390.5,5393.5,1000.0
5/11/2025 15:25,5394.0,5394.0,5388.5,5390.5,1000.0
5/11/2025 15:30,5390.5,5391.0,5389.0,5389.5,1000.0
5/11/2025 15:35,5390.0,5392.0,5389.0,5391.0,1000.0
5/11/2025 15:40,5391.0,5393.5,5390.5,5392.0,1000.0
5/11/2025 15:45,5392.5,5392.5,5391.0,5391.0,1000.0
5/11/2025 15:50,5391.0,5392.0,5389.5,5390.0,1000.0
5/11/2025 15:55,5390.0,5391.0,5389.0,5390.5,1000.0
5/11/2025 16:00,5390.0,5391.0,5387.5,5388.5,1000.0
5/11/2025 16:05,5389.0,5390.5,5388.5,5390.5,1000.0
5/11/2025 16:10,5390.5,5392.5,5390.0,5391.0,1000.0
5/11/2025 16:15,5390.5,5391.5,5390.0,5391.5,1000.0
5/11/2025 16:20,5391.5,5392.0,5390.5,5391.0,1000.0
5/11/2025 16:25,5391.5,5391.5,5389.5,5390.0,1000.0
5/11/2025 16:30,5390.5,5390.5,5389.5,5390.0,1000.0
5/11/2025 16:35,5390.0,5391.0,5389.5,5390.5,1000.0
5/11/2025 16:40,5391.0,5393.0,5390.0,5391.5,1000.0
5/11/2025 16:45,5392.0,5392.5,5390.5,5391.5,1000.0
5/11/2025 16:50,5391.5,5393.0,5391.5,5392.0,1000.0
5/11/2025 16:55,5391.5,5392.0,5390.5,5390.5,1000.0
5/11/2025 17:00,5390.5,5392.5,5390.5,5392.0,1000.0
5/11/2025 17:05,5392.0,5393.0,5390.5,5391.0,1000.0
5/11/2025 17:10,5390.5,5391.5,5390.5,5390.5,1000.0
5/11/2025 17:15,5391.0,5391.5,5390.5,5391.0,1000.0
5/11/2025 17:20,5391.0,5391.5,5390.5,5391.0,1000.0
5/11/2025 17:25,5391.0,5392.0,5391.0,5391.5,1000.0
5/11/2025 17:30,5391.0,5392.0,5390.5,5391.0,1000.0
5/11/2025 17:35,5391.0,5392.5,5390.5,5392.0,1000.0
5/11/2025 17:40,5392.0,5392.5,5390.5,5390.5,1000.0
5/11/2025 17:45,5391.0,5391.0,5388.5,5390.0,1000.0
5/11/2025 17:50,5390.0,5390.0,5388.0,5389.0,1000.0
5/11/2025 17:55,5389.0,5389.5,5385.5,5387.5,1000.0
5/11/2025 18:00,5387.5,5389.0,5386.5,5388.0,1000.0
5/11/2025 18:05,5388.5,5388.5,5386.5,5388.0,1000.0
5/11/2025 18:10,5388.0,5388.5,5382.5,5384.0,1000.0
5/11/2025 18:15,5384.0,5386.5,5382.5,5386.0,1000.0
5/11/2025 18:20,5386.0,5387.5,5384.5,5386.0,1000.0
5/11/2025 18:25,5386.0,5387.5,5383.5,5386.0,1000.0
5/11/2025 9:00,5433.0,5435.5,5424.5,5427.0,1000.0
5/11/2025 9:05,5426.5,5429.0,5422.0,5427.0,1000.0
5/11/2025 9:10,5427.5,5431.0,5426.5,5428.5,1000.0
5/11/2025 9:15,5429.0,5431.5,5428.0,5430.0,1000.0
5/11/2025 9:20,5430.0,5430.5,5428.0,5428.5,1000.0
5/11/2025 9:25,5429.0,5431.0,5428.5,5430.5,1000.0
5/11/2025 9:30,5430.5,5432.0,5428.0,5430.5,1000.0
5/11/2025 9:35,5430.0,5432.0,5429.0,5431.0,1000.0
5/11/2025 9:40,5431.0,5432.5,5429.0,5429.5,1000.0
5/11/2025 9:45,5429.5,5430.0,5427.5,5428.5,1000.0
5/11/2025 9:50,5429.0,5431.0,5427.5,5431.0,1000.0
5/11/2025 9:55,5431.0,5431.0,5427.5,5429.5,1000.0
5/12/2025 10:00,5337.5,5343.5,5336.0,5342.5,1000.0
5/12/2025 10:05,5343.0,5343.5,5338.0,5339.5,1000.0
5/12/2025 10:10,5340.0,5343.0,5337.5,5340.0,1000.0
5/12/2025 10:15,5339.5,5341.5,5338.5,5341.5,1000.0
5/12/2025 10:20,5341.0,5341.5,5338.5,5339.5,1000.0
5/12/2025 10:25,5339.0,5340.0,5338.0,5339.5,1000.0
5/12/2025 10:30,5339.5,5340.0,5338.0,5338.5,1000.0
5/12/2025 10:35,5338.5,5340.0,5338.0,5338.5,1000.0
5/12/2025 10:40,5339.0,5343.0,5338.5,5342.0,1000.0
5/12/2025 10:45,5342.0,5344.0,5341.5,5344.0,1000.0
5/12/2025 10:50,5344.0,5350.0,5343.5,5346.5,1000.0
5/12/2025 10:55,5346.0,5349.0,5345.5,5348.5,1000.0
5/12/2025 11:00,5348.5,5350.0,5347.0,5348.5,1000.0
5/12/2025 11:05,5348.5,5348.5,5345.0,5347.5,1000.0
5/12/2025 11:10,5347.5,5353.0,5347.5,5352.5,1000.0
5/12/2025 11:15,5352.0,5353.0,5349.0,5349.0,1000.0
5/12/2025 11:20,5349.0,5355.5,5348.5,5355.0,1000.0
5/12/2025 11:25,5355.0,5370.0,5355.0,5366.5,1000.0
5/12/2025 11:30,5366.5,5369.5,5362.0,5363.5,1000.0
5/12/2025 11:35,5363.5,5369.0,5362.0,5366.0,1000.0
5/12/2025 11:40,5366.0,5369.5,5363.5,5366.5,1000.0
5/12/2025 11:45,5366.5,5372.5,5365.5,5371.5,1000.0
5/12/2025 11:50,5372.0,5372.5,5369.0,5371.5,1000.0
5/12/2025 11:55,5371.0,5378.5,5370.0,5372.0,1000.0
5/12/2025 12:00,5372.0,5375.5,5371.0,5373.0,1000.0
5/12/2025 12:05,5372.5,5374.0,5364.5,5365.5,1000.0
5/12/2025 12:10,5366.0,5366.5,5363.0,5364.0,1000.0
5/12/2025 12:15,5364.0,5365.5,5362.5,5365.5,1000.0
5/12/2025 12:20,5365.5,5367.0,5363.5,5366.0,1000.0
5/12/2025 12:25,5365.5,5370.5,5365.5,5370.5,1000.0
5/12/2025 12:30,5370.0,5370.5,5367.0,5367.0,1000.0
5/12/2025 12:35,5367.0,5367.5,5363.5,5363.5,1000.0
5/12/2025 12:40,5364.0,5367.0,5362.0,5365.0,1000.0
5/12/2025 12:45,5365.0,5369.0,5365.0,5368.0,1000.0
5/12/2025 12:50,5368.0,5399.0,5368.0,5396.0,1000.0
5/12/2025 12:55,5396.0,5417.0,5389.0,5403.5,1000.0
5/12/2025 13:00,5404.0,5422.5,5396.5,5421.5,1000.0
5/12/2025 13:05,5422.0,5423.0,5410.5,5417.0,1000.0
5/12/2025 13:10,5417.0,5440.5,5408.5,5434.5,1000.0
5/12/2025 13:15,5435.0,5435.0,5417.5,5418.0,1000.0
5/12/2025 13:20,5418.0,5421.5,5409.0,5415.5,1000.0
5/12/2025 13:25,5415.5,5445.0,5412.0,5443.0,1000.0
5/12/2025 13:30,5443.5,5461.0,5437.5,5448.5,1000.0
5/12/2025 13:35,5448.5,5453.0,5432.5,5434.5,1000.0
5/12/2025 13:40,5434.5,5455.0,5433.0,5452.5,1000.0
5/12/2025 13:45,5453.0,5457.0,5442.5,5443.5,1000.0
5/12/2025 13:50,5443.5,5450.5,5440.5,5445.0,1000.0
5/12/2025 13:55,5444.5,5445.0,5433.0,5435.0,1000.0
5/12/2025 14:00,5434.5,5439.5,5424.0,5427.5,1000.0
5/12/2025 14:05,5427.5,5432.0,5423.0,5425.5,1000.0
5/12/2025 14:10,5425.5,5434.5,5425.5,5429.0,1000.0
5/12/2025 14:15,5429.5,5429.5,5409.0,5421.5,1000.0
5/12/2025 14:20,5421.0,5422.5,5413.5,5421.5,1000.0
5/12/2025 14:25,5421.5,5433.0,5412.0,5413.0,1000.0
5/12/2025 14:30,5413.0,5419.0,5400.5,5418.0,1000.0
5/12/2025 14:35,5418.0,5426.5,5418.0,5421.0,1000.0
5/12/2025 14:40,5420.5,5424.5,5417.0,5421.5,1000.0
5/12/2025 14:45,5421.0,5449.0,5420.5,5433.0,1000.0
5/12/2025 14:50,5433.5,5442.0,5426.5,5441.5,1000.0
5/12/2025 14:55,5441.5,5456.5,5436.5,5445.0,1000.0
5/12/2025 15:00,5445.5,5459.0,5444.5,5447.0,1000.0
5/12/2025 15:05,5447.0,5453.5,5439.5,5440.5,1000.0
5/12/2025 15:10,5440.5,5445.5,5439.0,5440.5,1000.0
5/12/2025 15:15,5441.0,5453.5,5438.5,5451.5,1000.0
5/12/2025 15:20,5451.5,5454.0,5445.5,5446.5,1000.0
5/12/2025 15:25,5447.0,5448.5,5438.0,5446.5,1000.0
5/12/2025 15:30,5446.5,5473.5,5443.5,5471.5,1000.0
5/12/2025 15:35,5471.5,5490.5,5466.0,5475.0,1000.0
5/12/2025 15:40,5475.0,5479.0,5468.5,5469.0,1000.0
5/12/2025 15:45,5469.5,5481.0,5466.5,5475.5,1000.0
5/12/2025 15:50,5475.5,5494.5,5475.5,5487.0,1000.0
5/12/2025 15:55,5487.5,5514.5,5486.0,5506.5,1000.0
5/12/2025 16:00,5506.5,5512.0,5494.0,5499.5,1000.0
5/12/2025 16:05,5499.0,5499.0,5489.0,5495.5,1000.0
5/12/2025 16:10,5495.5,5503.5,5492.5,5497.0,1000.0
5/12/2025 16:15,5497.0,5501.5,5486.5,5488.0,1000.0
5/12/2025 16:20,5487.5,5489.0,5476.0,5483.5,1000.0
5/12/2025 16:25,5483.5,5487.0,5475.0,5486.5,1000.0
5/12/2025 16:30,5486.0,5489.5,5471.5,5473.0,1000.0
5/12/2025 16:35,5473.0,5477.5,5468.5,5476.5,1000.0
5/12/2025 16:40,5476.0,5477.0,5464.0,5466.0,1000.0
5/12/2025 16:45,5466.0,5468.5,5461.5,5463.0,1000.0
5/12/2025 16:50,5463.5,5474.0,5463.5,5469.0,1000.0
5/12/2025 16:55,5469.0,5469.0,5461.5,5463.5,1000.0
5/12/2025 17:00,5463.5,5468.0,5458.5,5467.0,1000.0
5/12/2025 17:05,5467.0,5467.0,5459.0,5464.0,1000.0
5/12/2025 17:10,5464.5,5470.5,5462.0,5470.5,1000.0
5/12/2025 17:15,5470.0,5475.0,5463.0,5469.0,1000.0
5/12/2025 17:20,5468.5,5478.5,5467.0,5474.0,1000.0
5/12/2025 17:25,5474.0,5476.0,5470.5,5475.5,1000.0
5/12/2025 17:30,5475.0,5483.0,5473.5,5479.5,1000.0
5/12/2025 17:35,5479.5,5482.5,5472.0,5474.0,1000.0
5/12/2025 17:40,5473.5,5480.0,5470.5,5479.5,1000.0
5/12/2025 17:45,5480.0,5486.0,5476.5,5480.0,1000.0
5/12/2025 17:50,5480.0,5484.5,5479.0,5482.0,1000.0
5/12/2025 17:55,5482.0,5483.0,5477.5,5483.0,1000.0
5/12/2025 18:00,5483.0,5486.0,5481.5,5482.0,1000.0
5/12/2025 18:05,5481.5,5483.5,5471.0,5474.5,1000.0
5/12/2025 18:10,5474.5,5476.0,5464.5,5473.5,1000.0
5/12/2025 18:15,5473.5,5475.0,5466.5,5469.5,1000.0
5/12/2025 18:20,5469.5,5477.5,5465.0,5466.5,1000.0
5/12/2025 18:25,5466.5,5469.0,5465.0,5466.0,1000.0
5/12/2025 9:00,5327.5,5331.5,5326.0,5329.5,1000.0
5/12/2025 9:05,5329.5,5331.5,5327.5,5329.0,1000.0
5/12/2025 9:10,5329.5,5338.0,5328.5,5335.5,1000.0
5/12/2025 9:15,5335.0,5338.5,5332.5,5336.5,1000.0
5/12/2025 9:20,5337.0,5337.5,5333.5,5334.5,1000.0
5/12/2025 9:25,5335.0,5338.0,5333.0,5338.0,1000.0
5/12/2025 9:30,5338.0,5338.5,5335.0,5336.0,1000.0
5/12/2025 9:35,5336.5,5339.5,5335.5,5336.5,1000.0
5/12/2025 9:40,5337.0,5338.0,5334.5,5337.5,1000.0
5/12/2025 9:45,5337.5,5339.5,5337.0,5339.0,1000.0
5/12/2025 9:50,5339.0,5340.0,5337.0,5337.0,1000.0
5/12/2025 9:55,5337.5,5338.0,5335.5,5337.5,1000.0
5/2/2026 10:00,5292.5,5293.0,5284.5,5289.0,1000.0
5/2/2026 10:05,5289.0,5289.0,5283.5,5286.0,1000.0
5/2/2026 10:10,5286.0,5287.5,5284.0,5286.5,1000.0
5/2/2026 10:15,5286.5,5287.0,5282.0,5285.0,1000.0
5/2/2026 10:20,5285.0,5285.5,5282.5,5282.5,1000.0
5/2/2026 10:25,5282.5,5284.0,5279.0,5283.5,1000.0
5/2/2026 10:30,5283.5,5283.5,5276.0,5276.5,1000.0
5/2/2026 10:35,5276.5,5278.0,5271.5,5276.5,1000.0
5/2/2026 10:40,5276.0,5278.5,5275.0,5278.0,1000.0
5/2/2026 10:45,5278.0,5279.5,5275.5,5276.5,1000.0
5/2/2026 10:50,5277.0,5277.0,5269.5,5271.0,1000.0
5/2/2026 10:55,5271.5,5275.5,5270.5,5273.5,1000.0
5/2/2026 11:00,5274.0,5278.5,5267.5,5273.5,1000.0
5/2/2026 11:05,5273.5,5279.0,5272.0,5277.5,1000.0
5/2/2026 11:10,5277.0,5278.0,5270.0,5270.5,1000.0
5/2/2026 11:15,5270.5,5272.5,5268.0,5272.0,1000.0
5/2/2026 11:20,5271.5,5273.5,5264.5,5265.5,1000.0
5/2/2026 11:25,5265.5,5269.0,5264.5,5268.5,1000.0
5/2/2026 11:30,5269.0,5276.0,5267.0,5273.0,1000.0
5/2/2026 11:35,5273.0,5274.0,5263.5,5267.5,1000.0
5/2/2026 11:40,5267.5,5269.0,5261.5,5262.0,1000.0
5/2/2026 11:45,5262.5,5266.0,5260.5,5266.0,1000.0
5/2/2026 11:50,5266.0,5266.5,5262.0,5265.0,1000.0
5/2/2026 11:55,5264.5,5273.0,5264.0,5270.5,1000.0
5/2/2026 12:00,5270.5,5273.5,5267.0,5269.0,1000.0
5/2/2026 12:05,5269.5,5281.0,5269.0,5276.5,1000.0
5/2/2026 12:10,5277.0,5284.0,5276.0,5284.0,1000.0
5/2/2026 12:15,5284.0,5285.0,5277.5,5279.5,1000.0
5/2/2026 12:20,5279.5,5283.5,5278.5,5282.0,1000.0
5/2/2026 12:25,5282.0,5284.0,5278.0,5282.0,1000.0
5/2/2026 12:30,5282.0,5293.5,5280.0,5291.0,1000.0
5/2/2026 12:35,5291.0,5303.0,5290.0,5302.5,1000.0
5/2/2026 12:40,5302.5,5304.0,5296.5,5301.5,1000.0
5/2/2026 12:45,5301.5,5314.0,5300.5,5309.5,1000.0
5/2/2026 12:50,5309.5,5310.0,5298.5,5302.5,1000.0
5/2/2026 12:55,5302.5,5303.5,5298.5,5299.0,1000.0
5/2/2026 13:00,5299.5,5300.0,5295.5,5297.0,1000.0
5/2/2026 13:05,5297.0,5307.0,5295.5,5301.5,1000.0
5/2/2026 13:10,5301.0,5309.0,5297.5,5307.5,1000.0
5/2/2026 13:15,5307.0,5311.0,5298.5,5299.0,1000.0
5/2/2026 13:20,5299.5,5299.5,5291.0,5291.0,1000.0
5/2/2026 13:25,5291.0,5293.5,5288.0,5290.5,1000.0
5/2/2026 13:30,5290.5,5291.5,5287.0,5289.0,1000.0
5/2/2026 13:35,5289.0,5290.5,5286.5,5290.0,1000.0
5/2/2026 13:40,5290.0,5290.0,5286.0,5288.0,1000.0
5/2/2026 13:45,5288.0,5291.0,5287.5,5288.0,1000.0
5/2/2026 13:50,5287.5,5289.0,5283.0,5289.0,1000.0
5/2/2026 13:55,5288.5,5291.0,5287.0,5287.0,1000.0
5/2/2026 14:00,5287.5,5296.0,5287.0,5294.5,1000.0
5/2/2026 14:05,5294.5,5295.0,5290.0,5294.5,1000.0
5/2/2026 14:10,5294.5,5295.0,5291.0,5291.5,1000.0
5/2/2026 14:15,5291.5,5293.0,5288.5,5289.5,1000.0
5/2/2026 14:20,5290.0,5293.0,5284.0,5284.0,1000.0
5/2/2026 14:25,5284.0,5284.5,5279.0,5282.5,1000.0
5/2/2026 14:30,5282.5,5285.5,5278.5,5285.5,1000.0
5/2/2026 14:35,5285.5,5286.0,5279.5,5281.0,1000.0
5/2/2026 14:40,5281.0,5283.5,5277.0,5280.0,1000.0
5/2/2026 14:45,5280.0,5283.0,5278.0,5281.0,1000.0
5/2/2026 14:50,5281.5,5283.0,5279.5,5281.5,1000.0
5/2/2026 14:55,5281.5,5283.0,5280.0,5280.5,1000.0
5/2/2026 15:00,5280.5,5281.0,5275.5,5277.0,1000.0
5/2/2026 15:05,5277.0,5278.5,5276.0,5277.5,1000.0
5/2/2026 15:10,5277.5,5281.0,5277.0,5278.5,1000.0
5/2/2026 15:15,5279.0,5280.5,5277.5,5279.5,1000.0
5/2/2026 15:20,5279.5,5280.0,5277.5,5278.5,1000.0
5/2/2026 15:25,5278.5,5279.0,5275.0,5275.0,1000.0
5/2/2026 15:30,5275.0,5276.0,5272.0,5274.5,1000.0
5/2/2026 15:35,5274.0,5278.5,5273.5,5277.5,1000.0
5/2/2026 15:40,5278.0,5279.5,5277.0,5279.0,1000.0
5/2/2026 15:45,5279.0,5281.0,5278.5,5281.0,1000.0
5/2/2026 15:50,5281.0,5281.0,5279.0,5279.5,1000.0
5/2/2026 15:55,5279.5,5281.0,5274.0,5275.0,1000.0
5/2/2026 16:00,5274.5,5276.5,5274.0,5275.5,1000.0
5/2/2026 16:05,5275.5,5278.5,5275.0,5276.5,1000.0
5/2/2026 16:10,5276.5,5278.5,5276.0,5278.5,1000.0
5/2/2026 16:15,5278.5,5278.5,5275.5,5276.0,1000.0
5/2/2026 16:20,5276.5,5277.0,5275.0,5276.5,1000.0
5/2/2026 16:25,5276.0,5277.5,5276.0,5277.0,1000.0
5/2/2026 16:30,5277.0,5279.5,5276.5,5277.0,1000.0
5/2/2026 16:35,5277.5,5278.5,5276.5,5278.0,1000.0
5/2/2026 16:40,5278.0,5280.0,5277.5,5279.0,1000.0
5/2/2026 16:45,5279.5,5279.5,5278.0,5279.5,1000.0
5/2/2026 16:50,5279.5,5281.0,5277.5,5280.0,1000.0
5/2/2026 16:55,5279.5,5280.5,5278.5,5279.0,1000.0
5/2/2026 17:00,5278.5,5280.5,5278.5,5279.5,1000.0
5/2/2026 17:05,5279.0,5280.0,5279.0,5279.5,1000.0
5/2/2026 17:10,5279.0,5281.0,5278.5,5280.5,1000.0
5/2/2026 17:15,5281.0,5285.5,5281.0,5284.0,1000.0
5/2/2026 17:20,5284.5,5288.5,5283.5,5286.5,1000.0
5/2/2026 17:25,5287.0,5290.0,5286.5,5289.5,1000.0
5/2/2026 17:30,5289.0,5293.5,5288.0,5290.5,1000.0
5/2/2026 17:35,5290.5,5292.0,5288.0,5289.0,1000.0
5/2/2026 17:40,5289.0,5292.0,5287.0,5291.5,1000.0
5/2/2026 17:45,5291.5,5293.5,5290.5,5293.0,1000.0
5/2/2026 17:50,5293.0,5298.0,5293.0,5297.5,1000.0
5/2/2026 17:55,5297.5,5299.5,5296.5,5297.0,1000.0
5/2/2026 18:00,5297.5,5300.0,5295.5,5299.0,1000.0
5/2/2026 18:05,5299.5,5302.5,5298.5,5302.5,1000.0
5/2/2026 18:10,5302.5,5303.5,5297.0,5301.0,1000.0
5/2/2026 18:15,5300.5,5301.5,5297.5,5298.5,1000.0
5/2/2026 18:20,5299.0,5300.0,5297.0,5299.0,1000.0
5/2/2026 18:25,5299.5,5301.0,5297.0,5298.5,1000.0
5/2/2026 9:00,5276.0,5278.0,5266.0,5267.5,1000.0
5/2/2026 9:05,5267.5,5273.5,5267.0,5273.0,1000.0
5/2/2026 9:10,5273.0,5279.5,5272.5,5278.0,1000.0
5/2/2026 9:15,5278.0,5283.0,5275.0,5282.5,1000.0
5/2/2026 9:20,5282.5,5286.0,5280.0,5285.0,1000.0
5/2/2026 9:25,5284.5,5288.0,5283.0,5287.0,1000.0
5/2/2026 9:30,5287.0,5290.5,5283.0,5290.5,1000.0
5/2/2026 9:35,5290.5,5295.0,5289.0,5290.0,1000.0
5/2/2026 9:40,5290.0,5298.5,5289.5,5297.0,1000.0
5/2/2026 9:45,5297.5,5300.0,5294.5,5298.0,1000.0
5/2/2026 9:50,5298.0,5299.0,5290.5,5291.0,1000.0
5/2/2026 9:55,5290.5,5295.0,5289.5,5292.5,1000.0
5/3/2026 10:00,5279.5,5281.5,5275.5,5281.0,1000.0
5/3/2026 10:05,5281.0,5286.0,5279.0,5283.0,1000.0
5/3/2026 10:10,5283.0,5284.0,5274.0,5274.5,1000.0
5/3/2026 10:15,5275.0,5277.0,5272.0,5275.5,1000.0
5/3/2026 10:20,5275.5,5289.5,5275.0,5285.5,1000.0
5/3/2026 10:25,5285.5,5289.0,5283.5,5283.5,1000.0
5/3/2026 10:30,5284.0,5290.0,5282.5,5283.0,1000.0
5/3/2026 10:35,5283.0,5291.5,5282.0,5290.5,1000.0
5/3/2026 10:40,5290.5,5294.0,5289.0,5292.0,1000.0
5/3/2026 10:45,5292.0,5292.0,5285.0,5285.0,1000.0
5/3/2026 10:50,5285.0,5287.0,5278.5,5282.0,1000.0
5/3/2026 10:55,5282.0,5289.0,5281.0,5289.0,1000.0
5/3/2026 11:00,5289.0,5289.0,5275.5,5277.5,1000.0
5/3/2026 11:05,5277.5,5280.5,5274.5,5274.5,1000.0
5/3/2026 11:10,5275.0,5280.5,5272.5,5278.0,1000.0
5/3/2026 11:15,5278.0,5284.5,5273.5,5283.0,1000.0
5/3/2026 11:20,5283.5,5294.0,5283.0,5293.0,1000.0
5/3/2026 11:25,5293.0,5298.5,5290.5,5291.0,1000.0
5/3/2026 11:30,5291.0,5291.5,5280.0,5280.5,1000.0
5/3/2026 11:35,5280.5,5290.0,5280.0,5288.5,1000.0
5/3/2026 11:40,5288.5,5292.5,5286.0,5289.5,1000.0
5/3/2026 11:45,5289.5,5291.5,5280.0,5285.0,1000.0
5/3/2026 11:50,5284.5,5286.0,5272.5,5273.5,1000.0
5/3/2026 11:55,5273.5,5277.0,5268.5,5274.0,1000.0
5/3/2026 12:00,5274.0,5274.5,5262.0,5266.0,1000.0
5/3/2026 12:05,5266.0,5272.5,5264.5,5271.0,1000.0
5/3/2026 12:10,5271.0,5276.0,5268.5,5273.0,1000.0
5/3/2026 12:15,5273.0,5281.0,5272.5,5279.5,1000.0
5/3/2026 12:20,5280.0,5286.0,5279.0,5285.5,1000.0
5/3/2026 12:25,5285.5,5288.0,5283.0,5283.0,1000.0
5/3/2026 12:30,5283.0,5287.5,5278.5,5281.0,1000.0
5/3/2026 12:35,5281.0,5287.0,5280.0,5285.5,1000.0
5/3/2026 12:40,5285.0,5285.5,5277.5,5284.0,1000.0
5/3/2026 12:45,5284.0,5293.0,5282.5,5292.5,1000.0
5/3/2026 12:50,5293.0,5293.0,5287.5,5291.0,1000.0
5/3/2026 12:55,5291.0,5294.0,5286.0,5286.5,1000.0
5/3/2026 13:00,5287.0,5303.0,5286.5,5302.0,1000.0
5/3/2026 13:05,5302.0,5314.0,5299.0,5312.5,1000.0
5/3/2026 13:10,5312.5,5317.5,5307.5,5314.5,1000.0
5/3/2026 13:15,5314.0,5320.0,5308.5,5319.0,1000.0
5/3/2026 13:20,5319.5,5322.5,5315.0,5321.0,1000.0
5/3/2026 13:25,5321.0,5321.5,5313.0,5314.0,1000.0
5/3/2026 13:30,5314.0,5316.0,5306.5,5308.5,1000.0
5/3/2026 13:35,5309.0,5310.0,5298.0,5301.5,1000.0
5/3/2026 13:40,5301.5,5304.0,5297.5,5299.0,1000.0
5/3/2026 13:45,5298.5,5305.0,5296.5,5302.5,1000.0
5/3/2026 13:50,5302.5,5304.0,5298.5,5300.5,1000.0
5/3/2026 13:55,5300.5,5301.0,5292.5,5294.0,1000.0
5/3/2026 14:00,5294.0,5297.5,5288.5,5289.5,1000.0
5/3/2026 14:05,5290.0,5294.0,5282.0,5286.0,1000.0
5/3/2026 14:10,5285.5,5292.5,5282.5,5288.0,1000.0
5/3/2026 14:15,5288.0,5288.5,5282.0,5282.0,1000.0
5/3/2026 14:20,5282.0,5292.0,5279.5,5283.5,1000.0
5/3/2026 14:25,5283.5,5296.5,5283.0,5295.0,1000.0
5/3/2026 14:30,5295.0,5303.0,5292.5,5302.5,1000.0
5/3/2026 14:35,5302.5,5306.0,5273.5,5286.0,1000.0
5/3/2026 14:40,5285.5,5295.5,5284.5,5289.5,1000.0
5/3/2026 14:45,5289.5,5292.0,5286.0,5290.5,1000.0
5/3/2026 14:50,5290.5,5296.0,5286.5,5293.0,1000.0
5/3/2026 14:55,5293.5,5299.0,5292.0,5298.0,1000.0
5/3/2026 15:00,5298.0,5304.0,5295.5,5302.5,1000.0
5/3/2026 15:05,5302.0,5305.5,5295.5,5302.5,1000.0
5/3/2026 15:10,5302.5,5312.0,5302.5,5310.5,1000.0
5/3/2026 15:15,5310.5,5315.0,5307.0,5314.0,1000.0
5/3/2026 15:20,5314.0,5317.0,5309.5,5314.5,1000.0
5/3/2026 15:25,5314.0,5322.5,5313.0,5316.0,1000.0
5/3/2026 15:30,5316.5,5320.0,5312.5,5314.5,1000.0
5/3/2026 15:35,5314.5,5316.0,5307.5,5311.5,1000.0
5/3/2026 15:40,5312.0,5312.5,5306.0,5306.5,1000.0
5/3/2026 15:45,5306.0,5314.0,5305.0,5313.5,1000.0
5/3/2026 15:50,5314.0,5319.5,5312.5,5317.5,1000.0
5/3/2026 15:55,5317.5,5319.0,5312.5,5314.0,1000.0
5/3/2026 16:00,5313.5,5315.0,5311.0,5314.0,1000.0
5/3/2026 16:05,5313.5,5315.0,5311.0,5314.5,1000.0
5/3/2026 16:10,5314.5,5317.0,5312.0,5314.0,1000.0
5/3/2026 16:15,5314.0,5318.0,5312.0,5312.0,1000.0
5/3/2026 16:20,5312.0,5312.5,5307.5,5309.0,1000.0
5/3/2026 16:25,5308.5,5315.0,5308.0,5313.0,1000.0
5/3/2026 16:30,5313.5,5322.5,5313.0,5322.5,1000.0
5/3/2026 16:35,5322.0,5327.0,5320.5,5323.5,1000.0
5/3/2026 16:40,5324.0,5324.5,5318.5,5321.5,1000.0
5/3/2026 16:45,5321.5,5327.0,5321.0,5326.0,1000.0
5/3/2026 16:50,5326.0,5327.5,5322.5,5324.5,1000.0
5/3/2026 16:55,5325.0,5329.0,5320.5,5322.0,1000.0
5/3/2026 17:00,5322.0,5325.5,5316.5,5319.5,1000.0
5/3/2026 17:05,5319.5,5324.5,5312.5,5313.5,1000.0
5/3/2026 17:10,5314.0,5314.0,5305.5,5309.0,1000.0
5/3/2026 17:15,5308.5,5309.0,5302.5,5308.5,1000.0
5/3/2026 17:20,5308.5,5309.5,5305.5,5307.5,1000.0
5/3/2026 17:25,5307.5,5311.5,5302.5,5308.5,1000.0
5/3/2026 17:30,5308.5,5309.5,5297.0,5297.0,1000.0
5/3/2026 17:35,5297.0,5307.0,5296.5,5302.0,1000.0
5/3/2026 17:40,5302.0,5305.5,5301.0,5302.0,1000.0
5/3/2026 17:45,5302.0,5309.5,5301.0,5301.5,1000.0
5/3/2026 17:50,5302.0,5302.5,5296.0,5296.0,1000.0
5/3/2026 17:55,5296.0,5300.0,5295.0,5298.5,1000.0
5/3/2026 18:00,5298.5,5300.5,5298.0,5300.0,1000.0
5/3/2026 18:05,5300.5,5305.0,5299.5,5303.0,1000.0
5/3/2026 18:10,5303.5,5309.0,5302.5,5306.5,1000.0
5/3/2026 18:15,5306.0,5306.5,5303.0,5306.0,1000.0
5/3/2026 18:20,5306.0,5306.0,5301.0,5303.0,1000.0
5/3/2026 18:25,5303.0,5305.5,5300.5,5301.5,1000.0
5/3/2026 9:00,5280.0,5296.0,5278.0,5294.0,1000.0
5/3/2026 9:05,5294.0,5294.5,5287.0,5290.5,1000.0
5/3/2026 9:10,5291.0,5293.5,5283.0,5285.0,1000.0
5/3/2026 9:15,5284.5,5286.5,5276.0,5277.5,1000.0
5/3/2026 9:20,5277.5,5278.5,5271.5,5274.5,1000.0
5/3/2026 9:25,5275.0,5275.0,5267.0,5271.0,1000.0
5/3/2026 9:30,5271.5,5284.5,5271.0,5282.0,1000.0
5/3/2026 9:35,5281.5,5284.5,5279.5,5282.0,1000.0
5/3/2026 9:40,5282.0,5284.0,5279.5,5283.0,1000.0
5/3/2026 9:45,5283.0,5285.0,5278.5,5283.5,1000.0
5/3/2026 9:50,5283.5,5286.5,5280.5,5280.5,1000.0
5/3/2026 9:55,5280.5,5283.5,5276.0,5279.5,1000.0
6/1/2026 10:00,5434.0,5440.0,5433.0,5436.5,1000.0
6/1/2026 10:05,5436.5,5437.0,5430.5,5432.5,1000.0
6/1/2026 10:10,5432.5,5433.5,5421.5,5423.0,1000.0
6/1/2026 10:15,5422.5,5424.5,5420.0,5423.0,1000.0
6/1/2026 10:20,5423.0,5424.5,5421.0,5423.0,1000.0
6/1/2026 10:25,5423.0,5428.0,5422.5,5427.5,1000.0
6/1/2026 10:30,5428.0,5431.5,5426.0,5426.0,1000.0
6/1/2026 10:35,5426.0,5427.0,5424.0,5424.0,1000.0
6/1/2026 10:40,5424.0,5426.5,5424.0,5425.0,1000.0
6/1/2026 10:45,5425.5,5425.5,5422.5,5425.0,1000.0
6/1/2026 10:50,5425.0,5427.5,5421.5,5427.0,1000.0
6/1/2026 10:55,5427.0,5428.5,5425.5,5428.0,1000.0
6/1/2026 11:00,5428.0,5429.5,5415.5,5416.5,1000.0
6/1/2026 11:05,5416.5,5418.5,5411.5,5414.0,1000.0
6/1/2026 11:10,5413.5,5415.5,5406.0,5411.5,1000.0
6/1/2026 11:15,5412.0,5414.5,5409.5,5412.0,1000.0
6/1/2026 11:20,5411.5,5413.0,5408.5,5411.5,1000.0
6/1/2026 11:25,5411.0,5415.5,5411.0,5412.0,1000.0
6/1/2026 11:30,5411.5,5416.0,5411.5,5412.0,1000.0
6/1/2026 11:35,5412.5,5413.5,5406.5,5407.5,1000.0
6/1/2026 11:40,5407.0,5410.0,5404.5,5405.0,1000.0
6/1/2026 11:45,5405.0,5405.5,5400.5,5401.0,1000.0
6/1/2026 11:50,5401.0,5403.0,5397.5,5402.0,1000.0
6/1/2026 11:55,5401.5,5405.0,5401.5,5403.5,1000.0
6/1/2026 12:00,5403.5,5404.5,5401.0,5403.0,1000.0
6/1/2026 12:05,5403.0,5404.5,5401.5,5401.5,1000.0
6/1/2026 12:10,5402.0,5405.0,5401.5,5403.5,1000.0
6/1/2026 12:15,5403.5,5406.5,5402.0,5406.0,1000.0
6/1/2026 12:20,5406.5,5411.0,5406.0,5410.0,1000.0
6/1/2026 12:25,5410.0,5414.5,5408.5,5414.5,1000.0
6/1/2026 12:30,5414.5,5417.5,5413.0,5416.0,1000.0
6/1/2026 12:35,5416.0,5417.5,5414.5,5415.0,1000.0
6/1/2026 12:40,5415.5,5417.0,5407.0,5410.5,1000.0
6/1/2026 12:45,5411.0,5411.5,5406.0,5408.0,1000.0
6/1/2026 12:50,5408.0,5410.0,5406.5,5409.0,1000.0
6/1/2026 12:55,5409.5,5411.0,5405.0,5405.5,1000.0
6/1/2026 13:00,5405.5,5406.5,5401.5,5403.5,1000.0
6/1/2026 13:05,5404.0,5408.5,5403.5,5405.5,1000.0
6/1/2026 13:10,5405.0,5407.5,5403.5,5405.5,1000.0
6/1/2026 13:15,5406.0,5406.5,5403.5,5403.5,1000.0
6/1/2026 13:20,5403.5,5407.5,5403.5,5405.5,1000.0
6/1/2026 13:25,5405.5,5406.5,5400.0,5401.0,1000.0
6/1/2026 13:30,5401.0,5407.5,5401.0,5407.5,1000.0
6/1/2026 13:35,5407.0,5407.5,5406.0,5406.5,1000.0
6/1/2026 13:40,5406.0,5407.5,5403.0,5403.5,1000.0
6/1/2026 13:45,5403.0,5404.0,5402.0,5403.5,1000.0
6/1/2026 13:50,5403.0,5405.0,5401.5,5405.0,1000.0
6/1/2026 13:55,5404.5,5406.0,5402.0,5405.5,1000.0
6/1/2026 14:00,5405.5,5407.0,5405.0,5405.5,1000.0
6/1/2026 14:05,5406.0,5406.5,5404.0,5405.5,1000.0
6/1/2026 14:10,5405.5,5408.5,5404.0,5408.0,1000.0
6/1/2026 14:15,5408.5,5409.5,5407.0,5407.5,1000.0
6/1/2026 14:20,5407.5,5408.5,5406.0,5408.0,1000.0
6/1/2026 14:25,5408.0,5408.0,5405.0,5408.0,1000.0
6/1/2026 14:30,5408.0,5408.0,5405.5,5406.5,1000.0
6/1/2026 14:35,5407.0,5407.0,5405.0,5405.5,1000.0
6/1/2026 14:40,5405.5,5405.5,5403.0,5405.0,1000.0
6/1/2026 14:45,5405.0,5405.5,5402.0,5402.0,1000.0
6/1/2026 14:50,5402.5,5403.5,5399.5,5403.5,1000.0
6/1/2026 14:55,5403.0,5406.5,5402.0,5406.0,1000.0
6/1/2026 15:00,5406.0,5407.5,5402.0,5404.0,1000.0
6/1/2026 15:05,5404.0,5406.0,5403.0,5405.0,1000.0
6/1/2026 15:10,5405.0,5407.5,5404.0,5407.5,1000.0
6/1/2026 15:15,5407.0,5411.0,5407.0,5411.0,1000.0
6/1/2026 15:20,5410.5,5415.0,5410.0,5415.0,1000.0
6/1/2026 15:25,5414.5,5415.0,5412.0,5414.5,1000.0
6/1/2026 15:30,5414.5,5415.5,5413.5,5414.0,1000.0
6/1/2026 15:35,5414.0,5414.5,5408.0,5411.0,1000.0
6/1/2026 15:40,5411.0,5411.0,5407.0,5409.5,1000.0
6/1/2026 15:45,5409.5,5410.0,5405.5,5407.5,1000.0
6/1/2026 15:50,5408.0,5408.0,5406.0,5406.5,1000.0
6/1/2026 15:55,5407.0,5408.0,5405.5,5408.0,1000.0
6/1/2026 16:00,5408.0,5409.5,5407.0,5409.0,1000.0
6/1/2026 16:05,5409.0,5412.0,5408.0,5412.0,1000.0
6/1/2026 16:10,5412.0,5414.0,5410.5,5412.5,1000.0
6/1/2026 16:15,5413.0,5413.0,5410.5,5411.0,1000.0
6/1/2026 16:20,5411.0,5413.0,5410.5,5412.5,1000.0
6/1/2026 16:25,5412.5,5412.5,5411.0,5412.0,1000.0
6/1/2026 16:30,5412.0,5413.0,5411.5,5412.5,1000.0
6/1/2026 16:35,5412.5,5414.0,5412.0,5413.0,1000.0
6/1/2026 16:40,5413.5,5418.0,5412.0,5415.5,1000.0
6/1/2026 16:45,5415.0,5415.5,5413.5,5415.0,1000.0
6/1/2026 16:50,5415.0,5416.0,5413.5,5415.5,1000.0
6/1/2026 16:55,5415.0,5416.0,5414.5,5415.5,1000.0
6/1/2026 17:00,5415.5,5416.0,5414.0,5414.5,1000.0
6/1/2026 17:05,5415.0,5415.5,5413.5,5414.0,1000.0
6/1/2026 17:10,5413.5,5414.0,5412.0,5412.5,1000.0
6/1/2026 17:15,5412.5,5413.5,5411.0,5411.0,1000.0
6/1/2026 17:20,5411.5,5412.0,5410.0,5410.5,1000.0
6/1/2026 17:25,5410.5,5411.0,5409.5,5409.5,1000.0
6/1/2026 17:30,5410.0,5411.5,5409.5,5410.0,1000.0
6/1/2026 17:35,5409.5,5410.0,5407.5,5407.5,1000.0
6/1/2026 17:40,5408.0,5408.5,5407.5,5408.0,1000.0
6/1/2026 17:45,5408.0,5408.5,5405.5,5408.5,1000.0
6/1/2026 17:50,5408.5,5410.0,5408.0,5409.0,1000.0
6/1/2026 17:55,5409.5,5411.5,5409.0,5410.0,1000.0
6/1/2026 18:00,5410.5,5411.0,5409.5,5410.0,1000.0
6/1/2026 18:05,5410.5,5410.5,5409.0,5409.5,1000.0
6/1/2026 18:10,5409.5,5412.0,5409.5,5410.5,1000.0
6/1/2026 18:15,5410.5,5414.0,5409.0,5413.5,1000.0
6/1/2026 18:20,5413.5,5414.0,5409.0,5412.5,1000.0
6/1/2026 18:25,5412.0,5412.5,5408.5,5409.0,1000.0
6/1/2026 9:00,5449.0,5451.5,5441.5,5447.5,1000.0
6/1/2026 9:05,5447.0,5449.0,5441.5,5441.5,1000.0
6/1/2026 9:10,5441.5,5447.0,5440.0,5443.0,1000.0
6/1/2026 9:15,5443.5,5449.0,5442.5,5447.0,1000.0
6/1/2026 9:20,5447.0,5447.5,5441.0,5442.5,1000.0
6/1/2026 9:25,5442.0,5446.5,5439.0,5446.0,1000.0
6/1/2026 9:30,5446.5,5451.5,5446.0,5450.5,1000.0
6/1/2026 9:35,5451.0,5452.0,5441.0,5442.5,1000.0
6/1/2026 9:40,5443.0,5444.0,5439.0,5439.5,1000.0
6/1/2026 9:45,5439.5,5442.0,5432.0,5432.5,1000.0
6/1/2026 9:50,5432.0,5436.0,5430.5,5434.0,1000.0
6/1/2026 9:55,5434.5,5437.5,5434.0,5434.0,1000.0
6/10/2025 10:00,5362.0,5364.5,5356.5,5361.0,1000.0
6/10/2025 10:05,5361.0,5363.0,5359.0,5360.5,1000.0
6/10/2025 10:10,5361.0,5363.0,5358.0,5360.5,1000.0
6/10/2025 10:15,5361.0,5361.0,5353.5,5355.5,1000.0
6/10/2025 10:20,5355.5,5356.5,5354.5,5356.0,1000.0
6/10/2025 10:25,5356.0,5360.0,5355.0,5358.5,1000.0
6/10/2025 10:30,5358.0,5361.5,5356.0,5358.5,1000.0
6/10/2025 10:35,5358.5,5360.0,5354.0,5354.0,1000.0
6/10/2025 10:40,5354.0,5356.0,5349.5,5354.5,1000.0
6/10/2025 10:45,5354.5,5355.0,5348.5,5350.5,1000.0
6/10/2025 10:50,5350.5,5353.5,5349.5,5353.5,1000.0
6/10/2025 10:55,5353.5,5357.5,5352.0,5355.5,1000.0
6/10/2025 11:00,5356.0,5358.0,5354.0,5357.5,1000.0
6/10/2025 11:05,5357.0,5360.5,5356.0,5356.0,1000.0
6/10/2025 11:10,5356.5,5357.0,5348.5,5354.5,1000.0
6/10/2025 11:15,5354.5,5361.0,5353.5,5360.0,1000.0
6/10/2025 11:20,5360.5,5361.0,5358.0,5359.0,1000.0
6/10/2025 11:25,5359.0,5362.5,5357.5,5361.0,1000.0
6/10/2025 11:30,5361.0,5362.5,5359.5,5360.0,1000.0
6/10/2025 11:35,5360.5,5361.5,5357.5,5360.0,1000.0
6/10/2025 11:40,5359.5,5360.0,5352.0,5353.0,1000.0
6/10/2025 11:45,5353.0,5358.5,5352.5,5356.0,1000.0
6/10/2025 11:50,5356.0,5360.0,5353.0,5359.0,1000.0
6/10/2025 11:55,5359.5,5360.5,5356.5,5357.0,1000.0
6/10/2025 12:00,5357.5,5358.5,5356.0,5357.0,1000.0
6/10/2025 12:05,5356.5,5358.0,5354.5,5356.5,1000.0
6/10/2025 12:10,5356.5,5357.5,5355.0,5356.0,1000.0
6/10/2025 12:15,5356.5,5356.5,5355.0,5355.5,1000.0
6/10/2025 12:20,5356.0,5359.5,5355.5,5358.0,1000.0
6/10/2025 12:25,5358.5,5358.5,5354.0,5356.0,1000.0
6/10/2025 12:30,5356.0,5356.0,5352.0,5353.0,1000.0
6/10/2025 12:35,5353.0,5353.5,5351.5,5351.5,1000.0
6/10/2025 12:40,5351.5,5353.0,5351.0,5353.0,1000.0
6/10/2025 12:45,5353.0,5353.5,5350.5,5351.5,1000.0
6/10/2025 12:50,5351.5,5352.5,5350.0,5351.0,1000.0
6/10/2025 12:55,5351.5,5353.0,5349.5,5350.5,1000.0
6/10/2025 13:00,5351.0,5354.5,5350.0,5354.5,1000.0
6/10/2025 13:05,5354.5,5354.5,5351.0,5351.5,1000.0
6/10/2025 13:10,5351.5,5352.0,5348.0,5352.0,1000.0
6/10/2025 13:15,5352.0,5352.0,5349.5,5351.0,1000.0
6/10/2025 13:20,5351.0,5352.0,5350.0,5351.5,1000.0
6/10/2025 13:25,5351.5,5351.5,5350.0,5351.0,1000.0
6/10/2025 13:30,5350.5,5352.0,5350.0,5351.5,1000.0
6/10/2025 13:35,5352.0,5352.5,5343.0,5348.5,1000.0
6/10/2025 13:40,5349.0,5350.5,5347.0,5349.5,1000.0
6/10/2025 13:45,5349.0,5350.0,5347.5,5348.5,1000.0
6/10/2025 13:50,5348.5,5349.0,5347.0,5348.0,1000.0
6/10/2025 13:55,5348.0,5349.5,5347.0,5347.5,1000.0
6/10/2025 14:00,5347.5,5349.5,5346.5,5348.0,1000.0
6/10/2025 14:05,5348.0,5349.5,5347.5,5349.5,1000.0
6/10/2025 14:10,5349.5,5350.5,5348.0,5350.5,1000.0
6/10/2025 14:15,5350.0,5352.0,5349.5,5350.5,1000.0
6/10/2025 14:20,5350.5,5350.5,5347.5,5348.5,1000.0
6/10/2025 14:25,5348.0,5349.0,5346.5,5348.0,1000.0
6/10/2025 14:30,5348.0,5350.5,5347.5,5350.0,1000.0
6/10/2025 14:35,5350.5,5350.5,5348.0,5349.0,1000.0
6/10/2025 14:40,5349.0,5351.0,5348.5,5350.5,1000.0
6/10/2025 14:45,5350.0,5351.5,5350.0,5351.0,1000.0
6/10/2025 14:50,5351.0,5351.5,5350.0,5351.5,1000.0
6/10/2025 14:55,5351.0,5352.0,5349.0,5349.5,1000.0
6/10/2025 15:00,5349.0,5350.0,5348.5,5349.0,1000.0
6/10/2025 15:05,5348.5,5350.0,5348.0,5350.0,1000.0
6/10/2025 15:10,5350.0,5350.5,5349.0,5349.5,1000.0
6/10/2025 15:15,5349.5,5350.5,5349.0,5349.5,1000.0
6/10/2025 15:20,5350.0,5350.0,5347.5,5348.5,1000.0
6/10/2025 15:25,5349.0,5349.0,5346.5,5347.0,1000.0
6/10/2025 15:30,5347.0,5347.0,5345.0,5346.5,1000.0
6/10/2025 15:35,5346.5,5347.5,5345.5,5346.0,1000.0
6/10/2025 15:40,5345.5,5346.5,5344.0,5344.5,1000.0
6/10/2025 15:45,5344.5,5345.5,5343.5,5345.0,1000.0
6/10/2025 15:50,5344.5,5347.0,5344.0,5346.0,1000.0
6/10/2025 15:55,5346.0,5347.5,5345.0,5345.5,1000.0
6/10/2025 16:00,5346.0,5346.0,5344.0,5344.5,1000.0
6/10/2025 16:05,5345.0,5347.0,5344.5,5347.0,1000.0
6/10/2025 16:10,5346.5,5347.0,5344.5,5345.5,1000.0
6/10/2025 16:15,5345.5,5345.5,5343.0,5345.0,1000.0
6/10/2025 16:20,5344.5,5345.0,5343.0,5343.5,1000.0
6/10/2025 16:25,5343.5,5345.0,5343.5,5344.5,1000.0
6/10/2025 16:30,5344.0,5346.5,5344.0,5344.5,1000.0
6/10/2025 16:35,5345.0,5345.0,5343.5,5344.0,1000.0
6/10/2025 16:40,5344.5,5345.5,5344.0,5344.5,1000.0
6/10/2025 16:45,5345.0,5346.0,5343.5,5343.5,1000.0
6/10/2025 16:50,5343.5,5345.0,5343.5,5344.5,1000.0
6/10/2025 16:55,5344.5,5346.0,5344.0,5345.0,1000.0
6/10/2025 17:00,5345.0,5346.0,5344.5,5345.5,1000.0
6/10/2025 17:05,5345.5,5345.5,5344.5,5345.0,1000.0
6/10/2025 17:10,5345.0,5346.0,5344.0,5346.0,1000.0
6/10/2025 17:15,5346.0,5347.0,5345.0,5345.5,1000.0
6/10/2025 17:20,5345.5,5346.5,5344.5,5345.0,1000.0
6/10/2025 17:25,5345.0,5346.0,5344.5,5345.5,1000.0
6/10/2025 17:30,5345.5,5346.5,5344.5,5346.0,1000.0
6/10/2025 17:35,5346.5,5347.0,5345.5,5346.0,1000.0
6/10/2025 17:40,5346.0,5346.0,5344.0,5344.5,1000.0
6/10/2025 17:45,5344.5,5345.5,5344.0,5345.0,1000.0
6/10/2025 17:50,5345.0,5349.5,5344.5,5345.5,1000.0
6/10/2025 17:55,5346.0,5349.0,5345.5,5348.0,1000.0
6/10/2025 18:00,5348.0,5349.0,5346.5,5347.0,1000.0
6/10/2025 18:05,5347.5,5347.5,5346.0,5347.5,1000.0
6/10/2025 18:10,5347.0,5347.0,5344.5,5345.0,1000.0
6/10/2025 18:15,5344.5,5345.0,5342.5,5343.5,1000.0
6/10/2025 18:20,5343.5,5346.0,5342.0,5345.5,1000.0
6/10/2025 18:25,5345.5,5346.5,5342.5,5343.0,1000.0
6/10/2025 9:00,5382.0,5386.0,5373.0,5377.5,1000.0
6/10/2025 9:05,5377.5,5382.5,5375.5,5378.0,1000.0
6/10/2025 9:10,5378.0,5378.5,5364.0,5366.0,1000.0
6/10/2025 9:15,5366.0,5367.5,5363.0,5365.5,1000.0
6/10/2025 9:20,5365.5,5368.0,5363.5,5367.5,1000.0
6/10/2025 9:25,5367.5,5368.0,5363.5,5365.5,1000.0
6/10/2025 9:30,5365.0,5371.5,5364.5,5371.0,1000.0
6/10/2025 9:35,5371.0,5371.5,5366.5,5367.0,1000.0
6/10/2025 9:40,5367.0,5368.0,5364.5,5366.0,1000.0
6/10/2025 9:45,5366.0,5367.0,5358.5,5359.0,1000.0
6/10/2025 9:50,5359.5,5360.0,5354.0,5356.5,1000.0
6/10/2025 9:55,5356.5,5362.0,5356.0,5361.5,1000.0
6/11/2025 10:00,5370.5,5371.5,5364.0,5367.0,1000.0
6/11/2025 10:05,5366.5,5369.0,5366.0,5367.5,1000.0
6/11/2025 10:10,5367.0,5368.5,5364.0,5367.0,1000.0
6/11/2025 10:15,5366.5,5369.0,5366.5,5367.5,1000.0
6/11/2025 10:20,5367.5,5368.0,5364.5,5366.5,1000.0
6/11/2025 10:25,5366.5,5368.5,5366.0,5367.5,1000.0
6/11/2025 10:30,5368.0,5370.5,5367.0,5368.5,1000.0
6/11/2025 10:35,5368.5,5372.0,5367.5,5368.0,1000.0
6/11/2025 10:40,5368.0,5369.5,5367.0,5367.5,1000.0
6/11/2025 10:45,5368.0,5368.0,5359.5,5362.5,1000.0
6/11/2025 10:50,5362.5,5363.5,5360.0,5362.5,1000.0
6/11/2025 10:55,5362.5,5366.0,5361.5,5365.5,1000.0
6/11/2025 11:00,5365.5,5366.0,5364.0,5364.5,1000.0
6/11/2025 11:05,5364.0,5369.0,5364.0,5369.0,1000.0
6/11/2025 11:10,5368.5,5370.0,5366.0,5366.5,1000.0
6/11/2025 11:15,5367.0,5368.0,5365.5,5367.0,1000.0
6/11/2025 11:20,5367.0,5371.5,5367.0,5368.5,1000.0
6/11/2025 11:25,5368.5,5369.0,5367.0,5369.0,1000.0
6/11/2025 11:30,5369.0,5370.5,5366.0,5368.5,1000.0
6/11/2025 11:35,5368.0,5370.5,5367.0,5370.0,1000.0
6/11/2025 11:40,5370.0,5375.0,5369.5,5373.0,1000.0
6/11/2025 11:45,5373.0,5373.5,5370.5,5372.5,1000.0
6/11/2025 11:50,5372.0,5377.0,5371.5,5376.5,1000.0
6/11/2025 11:55,5376.0,5382.0,5375.5,5379.5,1000.0
6/11/2025 12:00,5379.0,5383.5,5378.0,5383.5,1000.0
6/11/2025 12:05,5383.5,5383.5,5378.0,5382.0,1000.0
6/11/2025 12:10,5382.0,5383.5,5378.0,5383.0,1000.0
6/11/2025 12:15,5382.5,5384.0,5378.0,5378.0,1000.0
6/11/2025 12:20,5378.0,5379.0,5376.0,5377.0,1000.0
6/11/2025 12:25,5377.5,5380.0,5375.5,5379.0,1000.0
6/11/2025 12:30,5379.5,5380.5,5377.0,5377.5,1000.0
6/11/2025 12:35,5377.0,5382.0,5377.0,5382.0,1000.0
6/11/2025 12:40,5382.0,5388.5,5381.5,5388.0,1000.0
6/11/2025 12:45,5388.0,5390.5,5386.0,5389.0,1000.0
6/11/2025 12:50,5389.0,5392.0,5384.5,5385.0,1000.0
6/11/2025 12:55,5385.0,5385.5,5382.5,5383.0,1000.0
6/11/2025 13:00,5382.5,5384.5,5382.5,5383.5,1000.0
6/11/2025 13:05,5383.0,5384.5,5382.0,5384.0,1000.0
6/11/2025 13:10,5384.0,5385.0,5380.5,5382.0,1000.0
6/11/2025 13:15,5382.0,5384.5,5381.0,5383.0,1000.0
6/11/2025 13:20,5383.5,5384.5,5381.0,5384.5,1000.0
6/11/2025 13:25,5384.0,5387.0,5383.0,5384.5,1000.0
6/11/2025 13:30,5385.0,5386.5,5384.5,5386.5,1000.0
6/11/2025 13:35,5386.0,5389.0,5385.0,5385.5,1000.0
6/11/2025 13:40,5386.0,5388.5,5385.5,5387.0,1000.0
6/11/2025 13:45,5387.0,5390.0,5386.5,5388.5,1000.0
6/11/2025 13:50,5388.0,5389.0,5383.0,5384.5,1000.0
6/11/2025 13:55,5384.5,5388.0,5384.0,5386.5,1000.0
6/11/2025 14:00,5387.0,5387.0,5384.0,5384.0,1000.0
6/11/2025 14:05,5384.5,5386.5,5382.5,5384.0,1000.0
6/11/2025 14:10,5383.5,5385.0,5380.0,5384.0,1000.0
6/11/2025 14:15,5384.5,5386.0,5384.0,5385.0,1000.0
6/11/2025 14:20,5385.0,5390.0,5385.0,5390.0,1000.0
6/11/2025 14:25,5389.5,5393.0,5387.5,5388.0,1000.0
6/11/2025 14:30,5388.0,5389.5,5387.0,5388.0,1000.0
6/11/2025 14:35,5388.0,5390.0,5386.5,5390.0,1000.0
6/11/2025 14:40,5390.0,5390.0,5385.0,5385.5,1000.0
6/11/2025 14:45,5385.5,5385.5,5383.5,5384.0,1000.0
6/11/2025 14:50,5384.0,5385.0,5382.5,5384.0,1000.0
6/11/2025 14:55,5384.0,5386.0,5383.0,5383.0,1000.0
6/11/2025 15:00,5383.0,5386.5,5383.0,5385.5,1000.0
6/11/2025 15:05,5386.0,5388.5,5385.5,5388.0,1000.0
6/11/2025 15:10,5388.5,5389.0,5387.0,5387.0,1000.0
6/11/2025 15:15,5387.0,5388.5,5385.5,5386.0,1000.0
6/11/2025 15:20,5385.5,5387.5,5385.5,5386.5,1000.0
6/11/2025 15:25,5386.5,5387.5,5383.5,5384.0,1000.0
6/11/2025 15:30,5384.0,5384.5,5379.5,5380.0,1000.0
6/11/2025 15:35,5380.0,5380.5,5374.5,5375.5,1000.0
6/11/2025 15:40,5375.5,5378.0,5375.5,5376.5,1000.0
6/11/2025 15:45,5376.0,5379.0,5376.0,5378.0,1000.0
6/11/2025 15:50,5378.5,5381.0,5377.0,5380.5,1000.0
6/11/2025 15:55,5380.5,5382.5,5380.0,5381.0,1000.0
6/11/2025 16:00,5380.5,5382.5,5380.5,5382.5,1000.0
6/11/2025 16:05,5382.0,5382.5,5379.0,5380.5,1000.0
6/11/2025 16:10,5381.0,5381.0,5378.0,5379.0,1000.0
6/11/2025 16:15,5379.5,5379.5,5378.0,5378.5,1000.0
6/11/2025 16:20,5378.5,5379.0,5377.5,5378.5,1000.0
6/11/2025 16:25,5378.5,5378.5,5376.0,5377.5,1000.0
6/11/2025 16:30,5377.5,5378.5,5376.5,5377.0,1000.0
6/11/2025 16:35,5377.5,5377.5,5374.5,5376.5,1000.0
6/11/2025 16:40,5376.0,5378.5,5375.5,5377.5,1000.0
6/11/2025 16:45,5377.5,5379.0,5377.0,5378.5,1000.0
6/11/2025 16:50,5378.5,5379.0,5376.5,5377.0,1000.0
6/11/2025 16:55,5377.5,5379.0,5376.5,5377.5,1000.0
6/11/2025 17:00,5378.0,5378.5,5377.0,5377.0,1000.0
6/11/2025 17:05,5377.5,5379.0,5377.0,5378.5,1000.0
6/11/2025 17:10,5378.5,5378.5,5377.5,5378.0,1000.0
6/11/2025 17:15,5378.0,5379.5,5377.5,5378.5,1000.0
6/11/2025 17:20,5379.0,5379.0,5377.5,5378.5,1000.0
6/11/2025 17:25,5378.5,5379.5,5377.5,5379.0,1000.0
6/11/2025 17:30,5379.0,5379.5,5378.0,5378.0,1000.0
6/11/2025 17:35,5378.0,5379.0,5378.0,5378.5,1000.0
6/11/2025 17:40,5378.5,5379.0,5377.5,5378.0,1000.0
6/11/2025 17:45,5378.0,5380.5,5378.0,5380.5,1000.0
6/11/2025 17:50,5380.5,5380.5,5379.0,5380.5,1000.0
6/11/2025 17:55,5380.5,5381.5,5378.5,5379.0,1000.0
6/11/2025 18:00,5379.0,5380.5,5379.0,5380.0,1000.0
6/11/2025 18:05,5379.5,5381.5,5379.5,5380.0,1000.0
6/11/2025 18:10,5380.0,5380.0,5377.0,5377.5,1000.0
6/11/2025 18:15,5377.5,5378.5,5376.0,5377.5,1000.0
6/11/2025 18:20,5377.0,5378.0,5375.5,5377.5,1000.0
6/11/2025 18:25,5377.5,5380.0,5376.5,5378.5,1000.0
6/11/2025 9:00,5380.0,5383.5,5372.5,5374.0,1000.0
6/11/2025 9:05,5374.0,5375.5,5369.0,5369.5,1000.0
6/11/2025 9:10,5370.0,5372.5,5366.0,5372.0,1000.0
6/11/2025 9:15,5371.5,5374.0,5370.5,5372.5,1000.0
6/11/2025 9:20,5373.0,5377.0,5372.5,5374.5,1000.0
6/11/2025 9:25,5374.5,5377.0,5374.0,5377.0,1000.0
6/11/2025 9:30,5376.5,5379.0,5374.5,5376.5,1000.0
6/11/2025 9:35,5376.5,5377.5,5373.0,5373.0,1000.0
6/11/2025 9:40,5373.0,5374.5,5371.0,5372.5,1000.0
6/11/2025 9:45,5372.0,5374.5,5370.5,5374.5,1000.0
6/11/2025 9:50,5374.5,5375.5,5372.0,5373.5,1000.0
6/11/2025 9:55,5373.0,5375.5,5368.0,5370.5,1000.0
6/2/2026 10:00,5271.5,5278.5,5258.0,5259.5,1000.0
6/2/2026 10:05,5259.0,5264.5,5258.5,5260.5,1000.0
6/2/2026 10:10,5261.0,5268.0,5259.0,5266.5,1000.0
6/2/2026 10:15,5266.0,5269.0,5261.0,5261.5,1000.0
6/2/2026 10:20,5262.0,5262.5,5257.0,5259.5,1000.0
6/2/2026 10:25,5260.0,5261.0,5257.0,5260.0,1000.0
6/2/2026 10:30,5260.0,5262.5,5256.5,5259.5,1000.0
6/2/2026 10:35,5259.0,5260.5,5255.5,5259.5,1000.0
6/2/2026 10:40,5259.0,5260.0,5253.5,5257.5,1000.0
6/2/2026 10:45,5257.5,5259.0,5253.5,5256.0,1000.0
6/2/2026 10:50,5255.5,5258.5,5252.5,5258.5,1000.0
6/2/2026 10:55,5258.5,5264.0,5249.0,5249.5,1000.0
6/2/2026 11:00,5250.0,5251.5,5245.5,5250.5,1000.0
6/2/2026 11:05,5250.0,5252.5,5248.5,5249.5,1000.0
6/2/2026 11:10,5249.0,5249.5,5237.5,5241.5,1000.0
6/2/2026 11:15,5241.5,5244.5,5237.5,5239.5,1000.0
6/2/2026 11:20,5239.5,5244.0,5239.0,5242.0,1000.0
6/2/2026 11:25,5242.5,5244.0,5239.5,5240.5,1000.0
6/2/2026 11:30,5240.0,5242.0,5233.5,5237.0,1000.0
6/2/2026 11:35,5236.5,5241.5,5235.5,5241.0,1000.0
6/2/2026 11:40,5240.5,5242.5,5236.5,5238.0,1000.0
6/2/2026 11:45,5237.5,5243.0,5237.0,5241.5,1000.0
6/2/2026 11:50,5242.0,5248.0,5240.5,5247.5,1000.0
6/2/2026 11:55,5248.0,5252.5,5247.0,5250.0,1000.0
6/2/2026 12:00,5249.5,5257.0,5248.5,5253.5,1000.0
6/2/2026 12:05,5253.5,5254.0,5248.0,5249.5,1000.0
6/2/2026 12:10,5249.5,5250.5,5245.0,5250.0,1000.0
6/2/2026 12:15,5250.0,5253.5,5248.0,5249.5,1000.0
6/2/2026 12:20,5249.0,5256.0,5248.0,5254.5,1000.0
6/2/2026 12:25,5255.0,5255.0,5249.5,5253.5,1000.0
6/2/2026 12:30,5253.5,5257.0,5251.0,5251.0,1000.0
6/2/2026 12:35,5251.0,5252.5,5250.0,5250.5,1000.0
6/2/2026 12:40,5250.0,5252.5,5249.0,5252.0,1000.0
6/2/2026 12:45,5251.5,5254.0,5250.5,5253.5,1000.0
6/2/2026 12:50,5253.5,5255.0,5250.0,5255.0,1000.0
6/2/2026 12:55,5255.0,5255.5,5249.0,5249.5,1000.0
6/2/2026 13:00,5249.5,5253.0,5248.0,5250.0,1000.0
6/2/2026 13:05,5249.5,5252.0,5240.5,5241.0,1000.0
6/2/2026 13:10,5241.0,5242.0,5237.5,5241.5,1000.0
6/2/2026 13:15,5241.0,5244.5,5240.5,5243.5,1000.0
6/2/2026 13:20,5243.5,5244.5,5241.0,5242.0,1000.0
6/2/2026 13:25,5242.5,5245.0,5241.5,5243.0,1000.0
6/2/2026 13:30,5242.5,5243.0,5238.5,5239.5,1000.0
6/2/2026 13:35,5239.5,5240.0,5237.5,5238.5,1000.0
6/2/2026 13:40,5238.5,5239.0,5235.0,5236.0,1000.0
6/2/2026 13:45,5235.5,5239.0,5234.5,5239.0,1000.0
6/2/2026 13:50,5239.0,5240.0,5238.5,5239.0,1000.0
6/2/2026 13:55,5239.0,5243.5,5239.0,5242.0,1000.0
6/2/2026 14:00,5242.5,5244.0,5241.5,5242.0,1000.0
6/2/2026 14:05,5242.0,5243.0,5238.5,5240.5,1000.0
6/2/2026 14:10,5240.0,5243.5,5239.0,5242.0,1000.0
6/2/2026 14:15,5242.0,5243.0,5238.0,5239.5,1000.0
6/2/2026 14:20,5239.5,5240.5,5235.5,5236.0,1000.0
6/2/2026 14:25,5236.5,5236.5,5233.5,5234.0,1000.0
6/2/2026 14:30,5234.0,5234.5,5231.0,5232.5,1000.0
6/2/2026 14:35,5232.5,5233.5,5230.0,5232.0,1000.0
6/2/2026 14:40,5231.5,5232.5,5228.0,5232.5,1000.0
6/2/2026 14:45,5232.5,5232.5,5230.5,5231.5,1000.0
6/2/2026 14:50,5231.0,5232.5,5230.5,5232.0,1000.0
6/2/2026 14:55,5232.0,5233.5,5230.0,5233.0,1000.0
6/2/2026 15:00,5233.0,5235.5,5232.5,5235.0,1000.0
6/2/2026 15:05,5235.0,5236.5,5234.0,5234.0,1000.0
6/2/2026 15:10,5234.0,5235.5,5233.5,5234.5,1000.0
6/2/2026 15:15,5234.5,5235.0,5232.5,5233.5,1000.0
6/2/2026 15:20,5234.0,5247.0,5232.5,5245.5,1000.0
6/2/2026 15:25,5245.5,5255.0,5239.5,5240.5,1000.0
6/2/2026 15:30,5240.0,5244.5,5238.5,5243.5,1000.0
6/2/2026 15:35,5243.5,5244.0,5238.5,5240.0,1000.0
6/2/2026 15:40,5239.5,5242.0,5239.5,5240.5,1000.0
6/2/2026 15:45,5241.0,5243.0,5239.5,5241.0,1000.0
6/2/2026 15:50,5241.0,5242.0,5239.0,5239.0,1000.0
6/2/2026 15:55,5239.0,5241.5,5238.5,5241.5,1000.0
6/2/2026 16:00,5241.5,5242.5,5240.0,5241.0,1000.0
6/2/2026 16:05,5240.5,5243.0,5238.5,5242.0,1000.0
6/2/2026 16:10,5242.0,5245.0,5242.0,5245.0,1000.0
6/2/2026 16:15,5245.0,5247.0,5244.5,5245.0,1000.0
6/2/2026 16:20,5245.0,5245.5,5243.5,5244.0,1000.0
6/2/2026 16:25,5243.5,5244.0,5241.5,5243.5,1000.0
6/2/2026 16:30,5243.5,5245.5,5242.5,5245.5,1000.0
6/2/2026 16:35,5245.5,5246.5,5244.5,5246.0,1000.0
6/2/2026 16:40,5245.5,5246.0,5244.0,5244.0,1000.0
6/2/2026 16:45,5244.0,5244.0,5240.0,5241.5,1000.0
6/2/2026 16:50,5241.0,5243.0,5241.0,5243.0,1000.0
6/2/2026 16:55,5242.5,5244.0,5241.0,5242.0,1000.0
6/2/2026 17:00,5242.0,5243.5,5240.5,5241.5,1000.0
6/2/2026 17:05,5242.0,5242.5,5241.0,5241.5,1000.0
6/2/2026 17:10,5242.0,5243.0,5241.5,5242.5,1000.0
6/2/2026 17:15,5242.0,5244.0,5242.0,5242.5,1000.0
6/2/2026 17:20,5243.0,5243.5,5240.5,5243.5,1000.0
6/2/2026 17:25,5243.0,5244.0,5242.5,5243.5,1000.0
6/2/2026 17:30,5243.0,5243.5,5241.5,5242.0,1000.0
6/2/2026 17:35,5241.5,5243.5,5241.5,5242.5,1000.0
6/2/2026 17:40,5242.5,5243.0,5241.0,5242.0,1000.0
6/2/2026 17:45,5241.5,5242.0,5241.0,5241.0,1000.0
6/2/2026 17:50,5241.5,5242.5,5240.0,5242.0,1000.0
6/2/2026 17:55,5241.5,5242.5,5238.5,5239.5,1000.0
6/2/2026 18:00,5239.5,5242.0,5239.0,5239.5,1000.0
6/2/2026 18:05,5240.0,5245.5,5239.5,5244.5,1000.0
6/2/2026 18:10,5244.5,5246.0,5243.0,5243.5,1000.0
6/2/2026 18:15,5244.0,5246.0,5242.5,5244.0,1000.0
6/2/2026 18:20,5244.0,5245.0,5242.0,5243.5,1000.0
6/2/2026 18:25,5243.5,5247.5,5235.0,5240.5,1000.0
6/2/2026 9:00,5269.0,5269.0,5249.0,5252.0,1000.0
6/2/2026 9:05,5251.5,5257.0,5247.5,5256.0,1000.0
6/2/2026 9:10,5256.0,5262.0,5253.0,5259.5,1000.0
6/2/2026 9:15,5259.0,5264.5,5257.0,5262.5,1000.0
6/2/2026 9:20,5263.0,5264.5,5260.5,5262.5,1000.0
6/2/2026 9:25,5262.5,5263.5,5257.0,5259.0,1000.0
6/2/2026 9:30,5259.0,5259.5,5252.0,5256.5,1000.0
6/2/2026 9:35,5257.0,5257.5,5251.0,5254.5,1000.0
6/2/2026 9:40,5254.0,5258.0,5252.5,5257.0,1000.0
6/2/2026 9:45,5257.0,5260.0,5255.5,5259.0,1000.0
6/2/2026 9:50,5259.0,5263.5,5257.5,5262.0,1000.0
6/2/2026 9:55,5262.0,5273.5,5262.0,5271.5,1000.0
6/3/2026 10:00,5325.0,5327.0,5314.0,5318.5,1000.0
6/3/2026 10:05,5318.5,5322.0,5308.5,5309.5,1000.0
6/3/2026 10:10,5309.5,5311.0,5305.0,5308.5,1000.0
6/3/2026 10:15,5308.0,5310.0,5307.0,5309.0,1000.0
6/3/2026 10:20,5309.5,5319.0,5309.5,5318.0,1000.0
6/3/2026 10:25,5318.0,5319.0,5312.0,5315.5,1000.0
6/3/2026 10:30,5315.0,5315.5,5299.5,5302.0,1000.0
6/3/2026 10:35,5302.0,5311.0,5300.5,5309.5,1000.0
6/3/2026 10:40,5309.5,5315.5,5305.0,5307.0,1000.0
6/3/2026 10:45,5307.0,5323.0,5306.5,5316.0,1000.0
6/3/2026 10:50,5316.5,5336.0,5314.0,5332.5,1000.0
6/3/2026 10:55,5332.5,5339.0,5330.0,5338.5,1000.0
6/3/2026 11:00,5338.0,5341.0,5332.5,5336.5,1000.0
6/3/2026 11:05,5336.5,5345.0,5336.0,5345.0,1000.0
6/3/2026 11:10,5345.0,5354.5,5335.0,5338.5,1000.0
6/3/2026 11:15,5339.0,5343.5,5337.5,5339.5,1000.0
6/3/2026 11:20,5340.0,5343.5,5338.5,5340.0,1000.0
6/3/2026 11:25,5340.5,5343.5,5331.0,5333.0,1000.0
6/3/2026 11:30,5332.5,5336.5,5324.5,5325.5,1000.0
6/3/2026 11:35,5326.0,5336.0,5324.0,5329.5,1000.0
6/3/2026 11:40,5329.5,5331.0,5320.0,5325.0,1000.0
6/3/2026 11:45,5324.5,5328.0,5319.5,5321.5,1000.0
6/3/2026 11:50,5321.5,5329.0,5314.5,5327.5,1000.0
6/3/2026 11:55,5327.5,5332.5,5326.0,5328.0,1000.0
6/3/2026 12:00,5327.5,5327.5,5314.0,5315.5,1000.0
6/3/2026 12:05,5315.5,5329.0,5314.0,5328.0,1000.0
6/3/2026 12:10,5328.5,5328.5,5310.0,5312.5,1000.0
6/3/2026 12:15,5312.5,5321.0,5312.0,5321.0,1000.0
6/3/2026 12:20,5321.0,5321.5,5311.0,5313.0,1000.0
6/3/2026 12:25,5312.5,5319.0,5310.5,5316.5,1000.0
6/3/2026 12:30,5316.5,5317.0,5307.5,5314.5,1000.0
6/3/2026 12:35,5314.5,5315.5,5310.0,5310.5,1000.0
6/3/2026 12:40,5311.0,5317.5,5310.5,5311.0,1000.0
6/3/2026 12:45,5311.0,5320.0,5308.0,5318.5,1000.0
6/3/2026 12:50,5318.0,5323.5,5314.5,5314.5,1000.0
6/3/2026 12:55,5314.5,5316.5,5310.5,5316.0,1000.0
6/3/2026 13:00,5316.0,5317.5,5303.0,5304.0,1000.0
6/3/2026 13:05,5304.5,5310.0,5303.0,5305.5,1000.0
6/3/2026 13:10,5305.5,5309.5,5304.5,5306.0,1000.0
6/3/2026 13:15,5305.5,5306.0,5297.0,5298.5,1000.0
6/3/2026 13:20,5298.5,5307.0,5296.0,5304.5,1000.0
6/3/2026 13:25,5304.5,5304.5,5300.0,5302.5,1000.0
6/3/2026 13:30,5303.0,5308.0,5298.5,5305.5,1000.0
6/3/2026 13:35,5305.5,5306.0,5296.0,5299.5,1000.0
6/3/2026 13:40,5299.5,5301.5,5292.5,5297.0,1000.0
6/3/2026 13:45,5297.0,5299.5,5291.5,5299.0,1000.0
6/3/2026 13:50,5299.5,5303.5,5296.5,5302.5,1000.0
6/3/2026 13:55,5302.5,5305.0,5300.0,5303.0,1000.0
6/3/2026 14:00,5303.0,5304.5,5296.0,5297.5,1000.0
6/3/2026 14:05,5298.0,5304.0,5297.5,5301.5,1000.0
6/3/2026 14:10,5301.0,5305.0,5299.0,5303.5,1000.0
6/3/2026 14:15,5303.5,5304.0,5299.0,5299.5,1000.0
6/3/2026 14:20,5299.0,5302.0,5294.5,5301.0,1000.0
6/3/2026 14:25,5301.0,5307.0,5301.0,5304.5,1000.0
6/3/2026 14:30,5305.0,5306.5,5298.0,5298.5,1000.0
6/3/2026 14:35,5298.5,5307.5,5298.0,5305.5,1000.0
6/3/2026 14:40,5305.0,5312.5,5304.5,5308.0,1000.0
6/3/2026 14:45,5307.5,5310.5,5304.0,5307.5,1000.0
6/3/2026 14:50,5307.0,5310.5,5305.0,5310.0,1000.0
6/3/2026 14:55,5310.0,5313.0,5308.0,5312.5,1000.0
6/3/2026 15:00,5313.0,5314.0,5305.5,5309.0,1000.0
6/3/2026 15:05,5309.0,5310.0,5303.0,5304.0,1000.0
6/3/2026 15:10,5304.0,5306.5,5298.0,5300.0,1000.0
6/3/2026 15:15,5300.5,5301.0,5294.0,5298.0,1000.0
6/3/2026 15:20,5298.0,5299.5,5292.5,5293.0,1000.0
6/3/2026 15:25,5293.5,5296.5,5292.0,5295.5,1000.0
6/3/2026 15:30,5295.5,5296.0,5286.0,5290.5,1000.0
6/3/2026 15:35,5290.5,5294.5,5289.0,5292.0,1000.0
6/3/2026 15:40,5292.0,5292.5,5286.0,5290.5,1000.0
6/3/2026 15:45,5290.0,5292.0,5288.5,5291.5,1000.0
6/3/2026 15:50,5291.0,5298.5,5290.0,5296.5,1000.0
6/3/2026 15:55,5296.0,5298.0,5294.0,5296.5,1000.0
6/3/2026 16:00,5296.5,5296.5,5292.5,5295.0,1000.0
6/3/2026 16:05,5295.5,5297.0,5292.0,5296.5,1000.0
6/3/2026 16:10,5296.5,5297.5,5293.5,5295.0,1000.0
6/3/2026 16:15,5295.0,5296.5,5293.5,5294.0,1000.0
6/3/2026 16:20,5294.0,5297.5,5289.5,5290.0,1000.0
6/3/2026 16:25,5290.0,5291.5,5279.5,5280.0,1000.0
6/3/2026 16:30,5280.5,5284.5,5278.0,5284.0,1000.0
6/3/2026 16:35,5284.0,5289.0,5278.0,5279.5,1000.0
6/3/2026 16:40,5279.0,5284.0,5276.5,5283.5,1000.0
6/3/2026 16:45,5283.5,5284.0,5276.5,5282.0,1000.0
6/3/2026 16:50,5282.0,5282.0,5278.5,5280.0,1000.0
6/3/2026 16:55,5280.0,5281.5,5271.0,5273.0,1000.0
6/3/2026 17:00,5273.5,5277.5,5270.5,5272.5,1000.0
6/3/2026 17:05,5272.0,5278.0,5268.0,5276.5,1000.0
6/3/2026 17:10,5276.0,5279.5,5275.5,5277.0,1000.0
6/3/2026 17:15,5276.5,5280.0,5276.0,5279.0,1000.0
6/3/2026 17:20,5279.5,5282.0,5278.0,5280.0,1000.0
6/3/2026 17:25,5279.5,5284.5,5279.0,5284.5,1000.0
6/3/2026 17:30,5284.0,5287.0,5282.0,5285.5,1000.0
6/3/2026 17:35,5285.5,5287.0,5280.0,5280.5,1000.0
6/3/2026 17:40,5280.5,5283.5,5275.0,5278.5,1000.0
6/3/2026 17:45,5279.0,5279.0,5267.5,5271.5,1000.0
6/3/2026 17:50,5271.0,5273.0,5262.0,5268.5,1000.0
6/3/2026 17:55,5268.5,5278.5,5268.5,5270.5,1000.0
6/3/2026 18:00,5271.0,5275.5,5268.0,5274.0,1000.0
6/3/2026 18:05,5274.0,5280.0,5274.0,5276.0,1000.0
6/3/2026 18:10,5276.0,5281.0,5274.5,5280.0,1000.0
6/3/2026 18:15,5280.5,5294.5,5280.0,5292.5,1000.0
6/3/2026 18:20,5292.5,5294.0,5288.5,5291.0,1000.0
6/3/2026 18:25,5291.0,5291.0,5285.0,5289.0,1000.0
6/3/2026 9:00,5349.0,5349.0,5337.0,5344.5,1000.0
6/3/2026 9:05,5345.0,5352.5,5339.5,5346.5,1000.0
6/3/2026 9:10,5346.5,5349.5,5332.5,5334.0,1000.0
6/3/2026 9:15,5334.5,5334.5,5324.0,5326.5,1000.0
6/3/2026 9:20,5326.5,5338.0,5324.5,5334.0,1000.0
6/3/2026 9:25,5334.0,5335.5,5322.0,5324.5,1000.0
6/3/2026 9:30,5324.0,5327.5,5321.0,5323.5,1000.0
6/3/2026 9:35,5323.0,5328.0,5322.0,5323.5,1000.0
6/3/2026 9:40,5324.0,5326.5,5318.5,5319.5,1000.0
6/3/2026 9:45,5319.5,5326.0,5316.0,5325.5,1000.0
6/3/2026 9:50,5325.0,5331.0,5322.5,5329.0,1000.0
6/3/2026 9:55,5329.5,5329.5,5320.0,5325.0,1000.0
7/1/2026 10:00,5414.5,5422.5,5414.5,5420.5,1000.0
7/1/2026 10:05,5421.0,5424.0,5420.5,5423.5,1000.0
7/1/2026 10:10,5423.5,5424.0,5421.0,5421.0,1000.0
7/1/2026 10:15,5421.0,5423.0,5415.0,5416.5,1000.0
7/1/2026 10:20,5416.5,5418.0,5413.0,5414.5,1000.0
7/1/2026 10:25,5414.5,5418.0,5414.0,5418.0,1000.0
7/1/2026 10:30,5418.0,5419.5,5414.5,5414.5,1000.0
7/1/2026 10:35,5414.5,5417.0,5414.0,5416.0,1000.0
7/1/2026 10:40,5416.0,5416.0,5410.5,5411.5,1000.0
7/1/2026 10:45,5411.5,5415.0,5411.5,5413.0,1000.0
7/1/2026 10:50,5412.5,5420.5,5412.0,5420.0,1000.0
7/1/2026 10:55,5420.0,5420.5,5413.5,5413.5,1000.0
7/1/2026 11:00,5413.5,5419.0,5410.0,5417.0,1000.0
7/1/2026 11:05,5417.5,5422.5,5416.5,5421.0,1000.0
7/1/2026 11:10,5421.0,5427.0,5420.5,5422.5,1000.0
7/1/2026 11:15,5422.5,5424.0,5420.5,5422.5,1000.0
7/1/2026 11:20,5423.0,5425.0,5420.5,5424.5,1000.0
7/1/2026 11:25,5424.0,5428.0,5423.5,5425.5,1000.0
7/1/2026 11:30,5426.0,5429.0,5425.0,5426.5,1000.0
7/1/2026 11:35,5426.5,5432.5,5425.5,5429.0,1000.0
7/1/2026 11:40,5429.5,5429.5,5425.5,5425.5,1000.0
7/1/2026 11:45,5426.0,5426.5,5420.5,5421.0,1000.0
7/1/2026 11:50,5421.5,5427.5,5420.5,5425.0,1000.0
7/1/2026 11:55,5425.0,5425.0,5420.0,5422.0,1000.0
7/1/2026 12:00,5422.5,5430.0,5420.5,5430.0,1000.0
7/1/2026 12:05,5429.5,5431.5,5426.0,5428.5,1000.0
7/1/2026 12:10,5428.5,5432.0,5426.0,5427.0,1000.0
7/1/2026 12:15,5427.0,5434.0,5426.5,5431.5,1000.0
7/1/2026 12:20,5431.5,5431.5,5425.0,5429.0,1000.0
7/1/2026 12:25,5429.0,5432.5,5428.5,5429.5,1000.0
7/1/2026 12:30,5429.5,5430.0,5424.5,5427.5,1000.0
7/1/2026 12:35,5427.5,5431.0,5425.0,5426.5,1000.0
7/1/2026 12:40,5426.5,5432.0,5426.5,5429.5,1000.0
7/1/2026 12:45,5430.0,5432.0,5428.5,5428.5,1000.0
7/1/2026 12:50,5428.5,5429.5,5423.5,5424.0,1000.0
7/1/2026 12:55,5424.0,5428.0,5424.0,5425.5,1000.0
7/1/2026 13:00,5425.0,5428.0,5424.5,5427.0,1000.0
7/1/2026 13:05,5426.5,5427.5,5425.5,5427.0,1000.0
7/1/2026 13:10,5426.5,5429.0,5426.0,5428.0,1000.0
7/1/2026 13:15,5427.5,5430.0,5427.0,5427.0,1000.0
7/1/2026 13:20,5427.5,5428.0,5422.5,5424.5,1000.0
7/1/2026 13:25,5424.0,5425.5,5422.5,5423.5,1000.0
7/1/2026 13:30,5423.5,5426.5,5422.5,5426.0,1000.0
7/1/2026 13:35,5425.5,5427.0,5423.0,5425.5,1000.0
7/1/2026 13:40,5425.5,5425.5,5421.0,5422.0,1000.0
7/1/2026 13:45,5422.5,5424.5,5421.0,5423.5,1000.0
7/1/2026 13:50,5424.0,5425.0,5422.0,5422.5,1000.0
7/1/2026 13:55,5422.5,5425.0,5421.5,5423.0,1000.0
7/1/2026 14:00,5423.0,5424.5,5420.0,5423.0,1000.0
7/1/2026 14:05,5423.5,5427.0,5423.0,5426.0,1000.0
7/1/2026 14:10,5426.0,5427.5,5425.5,5427.0,1000.0
7/1/2026 14:15,5427.0,5427.5,5425.0,5426.0,1000.0
7/1/2026 14:20,5426.0,5426.5,5424.0,5425.0,1000.0
7/1/2026 14:25,5425.0,5425.5,5423.0,5424.0,1000.0
7/1/2026 14:30,5423.5,5425.0,5423.5,5424.5,1000.0
7/1/2026 14:35,5424.0,5425.5,5424.0,5425.0,1000.0
7/1/2026 14:40,5424.5,5426.5,5424.0,5425.0,1000.0
7/1/2026 14:45,5425.0,5425.5,5423.0,5425.0,1000.0
7/1/2026 14:50,5424.5,5427.5,5424.5,5426.0,1000.0
7/1/2026 14:55,5426.0,5430.0,5425.5,5427.5,1000.0
7/1/2026 15:00,5428.0,5429.0,5423.5,5424.0,1000.0
7/1/2026 15:05,5424.0,5424.0,5420.0,5420.5,1000.0
7/1/2026 15:10,5421.0,5423.0,5420.0,5422.5,1000.0
7/1/2026 15:15,5422.5,5424.0,5422.0,5422.0,1000.0
7/1/2026 15:20,5422.0,5424.0,5422.0,5423.5,1000.0
7/1/2026 15:25,5423.5,5424.5,5422.5,5423.0,1000.0
7/1/2026 15:30,5422.5,5423.0,5417.5,5417.5,1000.0
7/1/2026 15:35,5418.0,5418.5,5416.0,5416.5,1000.0
7/1/2026 15:40,5416.5,5419.0,5415.5,5418.5,1000.0
7/1/2026 15:45,5418.5,5420.0,5418.0,5419.0,1000.0
7/1/2026 15:50,5419.0,5419.0,5415.0,5416.0,1000.0
7/1/2026 15:55,5416.0,5419.5,5415.5,5418.5,1000.0
7/1/2026 16:00,5418.5,5420.0,5418.0,5419.5,1000.0
7/1/2026 16:05,5419.5,5420.5,5418.5,5420.0,1000.0
7/1/2026 16:10,5419.5,5422.5,5419.5,5421.0,1000.0
7/1/2026 16:15,5421.0,5423.5,5421.0,5422.5,1000.0
7/1/2026 16:20,5422.5,5423.0,5422.0,5422.0,1000.0
7/1/2026 16:25,5422.5,5422.5,5420.0,5420.5,1000.0
7/1/2026 16:30,5421.0,5422.5,5420.5,5421.0,1000.0
7/1/2026 16:35,5421.0,5421.5,5419.0,5419.5,1000.0
7/1/2026 16:40,5420.0,5420.5,5419.5,5419.5,1000.0
7/1/2026 16:45,5419.5,5421.5,5419.5,5421.0,1000.0
7/1/2026 16:50,5421.5,5422.0,5419.5,5420.0,1000.0
7/1/2026 16:55,5420.0,5420.0,5417.5,5418.0,1000.0
7/1/2026 17:00,5418.0,5419.0,5418.0,5418.5,1000.0
7/1/2026 17:05,5419.0,5420.5,5418.0,5419.5,1000.0
7/1/2026 17:10,5419.5,5421.0,5419.0,5420.0,1000.0
7/1/2026 17:15,5420.5,5421.0,5419.5,5420.0,1000.0
7/1/2026 17:20,5420.5,5421.0,5419.0,5420.5,1000.0
7/1/2026 17:25,5420.0,5422.0,5420.0,5421.5,1000.0
7/1/2026 17:30,5421.0,5421.5,5419.5,5420.5,1000.0
7/1/2026 17:35,5420.5,5421.5,5420.0,5420.5,1000.0
7/1/2026 17:40,5421.0,5421.0,5420.0,5421.0,1000.0
7/1/2026 17:45,5421.0,5422.5,5420.0,5421.0,1000.0
7/1/2026 17:50,5420.5,5421.0,5420.0,5420.5,1000.0
7/1/2026 17:55,5420.5,5422.0,5420.0,5420.5,1000.0
7/1/2026 18:00,5421.0,5422.0,5420.5,5421.5,1000.0
7/1/2026 18:05,5422.0,5422.0,5420.0,5421.0,1000.0
7/1/2026 18:10,5421.5,5422.0,5420.0,5421.5,1000.0
7/1/2026 18:15,5421.5,5422.0,5420.0,5421.0,1000.0
7/1/2026 18:20,5421.5,5421.5,5418.5,5420.5,1000.0
7/1/2026 18:25,5421.0,5424.0,5418.0,5420.5,1000.0
7/1/2026 9:00,5403.0,5411.5,5401.0,5411.0,1000.0
7/1/2026 9:05,5411.0,5417.0,5411.0,5413.5,1000.0
7/1/2026 9:10,5413.5,5416.0,5410.5,5415.5,1000.0
7/1/2026 9:15,5415.5,5418.0,5409.5,5409.5,1000.0
7/1/2026 9:20,5410.0,5412.5,5406.0,5412.0,1000.0
7/1/2026 9:25,5411.5,5414.5,5410.5,5413.0,1000.0
7/1/2026 9:30,5413.0,5414.0,5410.0,5412.5,1000.0
7/1/2026 9:35,5412.5,5421.0,5411.5,5420.0,1000.0
7/1/2026 9:40,5420.0,5421.0,5416.5,5416.5,1000.0
7/1/2026 9:45,5417.0,5419.5,5415.5,5416.5,1000.0
7/1/2026 9:50,5416.0,5419.5,5415.5,5416.5,1000.0
7/1/2026 9:55,5417.0,5418.0,5413.5,5415.0,1000.0
7/10/2025 10:00,5368.0,5368.5,5363.5,5364.5,1000.0
7/10/2025 10:05,5364.5,5366.0,5362.5,5365.0,1000.0
7/10/2025 10:10,5365.0,5369.5,5363.5,5368.0,1000.0
7/10/2025 10:15,5368.0,5368.5,5363.0,5363.0,1000.0
7/10/2025 10:20,5363.0,5365.5,5361.5,5363.5,1000.0
7/10/2025 10:25,5363.5,5365.5,5362.0,5362.0,1000.0
7/10/2025 10:30,5362.0,5365.0,5360.5,5361.0,1000.0
7/10/2025 10:35,5361.0,5365.0,5360.0,5364.5,1000.0
7/10/2025 10:40,5364.5,5366.0,5358.0,5359.5,1000.0
7/10/2025 10:45,5359.0,5360.5,5357.0,5360.0,1000.0
7/10/2025 10:50,5360.5,5366.5,5359.0,5363.0,1000.0
7/10/2025 10:55,5363.0,5367.0,5362.0,5363.0,1000.0
7/10/2025 11:00,5362.5,5368.0,5362.5,5366.5,1000.0
7/10/2025 11:05,5366.5,5368.5,5364.0,5366.0,1000.0
7/10/2025 11:10,5365.5,5368.0,5365.0,5366.5,1000.0
7/10/2025 11:15,5367.0,5368.0,5364.5,5368.0,1000.0
7/10/2025 11:20,5368.0,5372.5,5366.5,5372.0,1000.0
7/10/2025 11:25,5372.0,5374.5,5371.0,5372.0,1000.0
7/10/2025 11:30,5371.5,5373.5,5370.0,5373.5,1000.0
7/10/2025 11:35,5373.0,5374.5,5370.5,5373.0,1000.0
7/10/2025 11:40,5372.5,5373.5,5369.0,5370.5,1000.0
7/10/2025 11:45,5370.5,5371.5,5368.5,5370.5,1000.0
7/10/2025 11:50,5370.0,5375.0,5369.5,5373.5,1000.0
7/10/2025 11:55,5374.0,5375.0,5369.0,5369.5,1000.0
7/10/2025 12:00,5369.5,5370.5,5367.0,5368.5,1000.0
7/10/2025 12:05,5368.5,5370.0,5366.5,5370.0,1000.0
7/10/2025 12:10,5370.0,5370.0,5365.0,5366.5,1000.0
7/10/2025 12:15,5367.0,5367.0,5364.0,5365.5,1000.0
7/10/2025 12:20,5366.0,5368.0,5365.0,5366.5,1000.0
7/10/2025 12:25,5367.0,5369.5,5365.0,5368.0,1000.0
7/10/2025 12:30,5368.0,5372.5,5366.0,5371.5,1000.0
7/10/2025 12:35,5371.5,5375.5,5370.5,5373.0,1000.0
7/10/2025 12:40,5373.0,5374.0,5370.0,5370.5,1000.0
7/10/2025 12:45,5371.0,5373.5,5369.0,5373.0,1000.0
7/10/2025 12:50,5373.0,5374.5,5371.5,5374.5,1000.0
7/10/2025 12:55,5374.5,5377.0,5374.0,5374.5,1000.0
7/10/2025 13:00,5375.0,5375.0,5372.5,5373.5,1000.0
7/10/2025 13:05,5373.0,5373.5,5371.5,5371.5,1000.0
7/10/2025 13:10,5371.5,5373.0,5370.5,5372.5,1000.0
7/10/2025 13:15,5372.5,5376.0,5372.0,5375.0,1000.0
7/10/2025 13:20,5375.0,5376.0,5374.0,5375.5,1000.0
7/10/2025 13:25,5375.0,5376.5,5374.0,5375.0,1000.0
7/10/2025 13:30,5375.0,5377.0,5374.0,5376.0,1000.0
7/10/2025 13:35,5376.0,5378.5,5374.5,5375.0,1000.0
7/10/2025 13:40,5375.0,5376.0,5374.0,5376.0,1000.0
7/10/2025 13:45,5376.0,5379.0,5375.0,5378.5,1000.0
7/10/2025 13:50,5378.0,5380.0,5378.0,5378.5,1000.0
7/10/2025 13:55,5378.0,5379.0,5377.0,5378.0,1000.0
7/10/2025 14:00,5378.0,5380.5,5377.0,5379.0,1000.0
7/10/2025 14:05,5379.5,5382.5,5379.0,5381.5,1000.0
7/10/2025 14:10,5382.0,5382.0,5379.0,5379.0,1000.0
7/10/2025 14:15,5379.0,5381.5,5377.0,5380.5,1000.0
7/10/2025 14:20,5380.5,5381.0,5378.5,5379.0,1000.0
7/10/2025 14:25,5379.0,5379.5,5376.5,5377.5,1000.0
7/10/2025 14:30,5377.5,5382.5,5377.5,5382.5,1000.0
7/10/2025 14:35,5382.5,5383.0,5376.0,5378.5,1000.0
7/10/2025 14:40,5378.5,5382.0,5377.0,5380.0,1000.0
7/10/2025 14:45,5380.0,5381.5,5380.0,5381.0,1000.0
7/10/2025 14:50,5381.5,5383.5,5380.0,5381.5,1000.0
7/10/2025 14:55,5381.5,5382.0,5380.5,5381.5,1000.0
7/10/2025 15:00,5381.5,5384.0,5380.5,5382.5,1000.0
7/10/2025 15:05,5383.0,5383.5,5381.0,5382.5,1000.0
7/10/2025 15:10,5382.5,5383.5,5379.5,5380.0,1000.0
7/10/2025 15:15,5379.5,5380.0,5378.0,5379.5,1000.0
7/10/2025 15:20,5379.5,5380.5,5378.0,5379.5,1000.0
7/10/2025 15:25,5380.0,5382.5,5379.5,5381.5,1000.0
7/10/2025 15:30,5381.5,5384.0,5381.5,5384.0,1000.0
7/10/2025 15:35,5383.5,5386.0,5383.0,5383.5,1000.0
7/10/2025 15:40,5383.5,5384.0,5381.0,5382.0,1000.0
7/10/2025 15:45,5382.0,5383.5,5380.0,5383.5,1000.0
7/10/2025 15:50,5383.5,5384.5,5381.5,5382.0,1000.0
7/10/2025 15:55,5382.0,5384.0,5381.5,5383.5,1000.0
7/10/2025 16:00,5383.5,5384.0,5383.0,5383.5,1000.0
7/10/2025 16:05,5383.0,5383.5,5382.0,5382.5,1000.0
7/10/2025 16:10,5382.5,5383.0,5380.0,5380.0,1000.0
7/10/2025 16:15,5380.0,5381.5,5380.0,5381.0,1000.0
7/10/2025 16:20,5381.0,5382.0,5380.5,5381.5,1000.0
7/10/2025 16:25,5381.0,5381.5,5380.0,5380.5,1000.0
7/10/2025 16:30,5380.0,5381.0,5379.5,5379.5,1000.0
7/10/2025 16:35,5379.5,5381.5,5379.5,5381.0,1000.0
7/10/2025 16:40,5381.0,5382.0,5380.5,5381.5,1000.0
7/10/2025 16:45,5382.0,5383.0,5381.5,5382.5,1000.0
7/10/2025 16:50,5383.0,5383.0,5380.5,5380.5,1000.0
7/10/2025 16:55,5381.0,5383.0,5380.0,5382.5,1000.0
7/10/2025 17:00,5383.0,5384.0,5382.0,5384.0,1000.0
7/10/2025 17:05,5384.0,5387.0,5383.5,5385.5,1000.0
7/10/2025 17:10,5385.5,5387.0,5385.0,5386.0,1000.0
7/10/2025 17:15,5386.5,5390.0,5383.5,5387.0,1000.0
7/10/2025 17:20,5387.0,5388.0,5385.5,5385.5,1000.0
7/10/2025 17:25,5385.5,5387.5,5385.0,5387.0,1000.0
7/10/2025 17:30,5387.0,5387.5,5385.0,5386.0,1000.0
7/10/2025 17:35,5385.5,5386.0,5383.0,5383.5,1000.0
7/10/2025 17:40,5384.0,5385.0,5383.0,5384.0,1000.0
7/10/2025 17:45,5383.5,5385.0,5383.5,5384.5,1000.0
7/10/2025 17:50,5384.0,5385.0,5383.5,5384.5,1000.0
7/10/2025 17:55,5384.5,5385.0,5383.0,5384.0,1000.0
7/10/2025 18:00,5383.5,5384.5,5382.5,5384.5,1000.0
7/10/2025 18:05,5384.0,5389.0,5384.0,5388.5,1000.0
7/10/2025 18:10,5389.0,5391.0,5387.5,5389.5,1000.0
7/10/2025 18:15,5390.0,5390.5,5386.5,5387.5,1000.0
7/10/2025 18:20,5388.0,5389.0,5386.5,5388.0,1000.0
7/10/2025 18:25,5387.5,5390.5,5384.5,5388.0,1000.0
7/10/2025 9:00,5354.5,5357.5,5352.0,5355.5,1000.0
7/10/2025 9:05,5355.5,5361.0,5354.0,5361.0,1000.0
7/10/2025 9:10,5361.0,5370.0,5360.0,5366.5,1000.0
7/10/2025 9:15,5366.5,5372.5,5366.5,5372.0,1000.0
7/10/2025 9:20,5372.0,5375.0,5370.0,5372.5,1000.0
7/10/2025 9:25,5372.5,5379.0,5371.5,5377.0,1000.0
7/10/2025 9:30,5377.0,5377.5,5373.0,5374.5,1000.0
7/10/2025 9:35,5374.5,5375.0,5366.0,5368.0,1000.0
7/10/2025 9:40,5368.0,5370.0,5364.5,5367.5,1000.0
7/10/2025 9:45,5367.5,5370.0,5366.5,5367.5,1000.0
7/10/2025 9:50,5367.5,5371.5,5366.0,5371.5,1000.0
7/10/2025 9:55,5371.0,5372.5,5367.0,5368.0,1000.0
7/11/2025 10:00,5389.0,5390.5,5387.0,5389.5,1000.0
7/11/2025 10:05,5389.5,5390.0,5387.0,5387.5,1000.0
7/11/2025 10:10,5387.5,5388.5,5385.0,5387.0,1000.0
7/11/2025 10:15,5387.5,5387.5,5380.5,5382.5,1000.0
7/11/2025 10:20,5382.5,5382.5,5379.0,5382.0,1000.0
7/11/2025 10:25,5382.0,5383.0,5380.5,5381.5,1000.0
7/11/2025 10:30,5381.0,5384.0,5378.5,5384.0,1000.0
7/11/2025 10:35,5384.0,5386.0,5382.0,5386.0,1000.0
7/11/2025 10:40,5386.0,5387.0,5383.5,5385.0,1000.0
7/11/2025 10:45,5385.0,5387.0,5385.0,5386.5,1000.0
7/11/2025 10:50,5386.5,5387.0,5383.0,5384.0,1000.0
7/11/2025 10:55,5384.0,5385.0,5383.0,5384.5,1000.0
7/11/2025 11:00,5384.5,5385.5,5383.5,5384.0,1000.0
7/11/2025 11:05,5384.0,5388.0,5383.0,5387.0,1000.0
7/11/2025 11:10,5387.0,5387.5,5382.0,5383.5,1000.0
7/11/2025 11:15,5383.0,5386.5,5382.5,5385.5,1000.0
7/11/2025 11:20,5385.5,5386.5,5383.5,5383.5,1000.0
7/11/2025 11:25,5384.0,5384.0,5379.0,5379.5,1000.0
7/11/2025 11:30,5379.5,5384.0,5379.0,5383.0,1000.0
7/11/2025 11:35,5383.0,5389.0,5382.5,5387.5,1000.0
7/11/2025 11:40,5388.0,5388.0,5381.0,5382.0,1000.0
7/11/2025 11:45,5382.0,5383.5,5380.0,5383.5,1000.0
7/11/2025 11:50,5383.5,5383.5,5374.0,5376.0,1000.0
7/11/2025 11:55,5375.5,5378.5,5375.5,5376.5,1000.0
7/11/2025 12:00,5376.5,5379.0,5375.0,5377.5,1000.0
7/11/2025 12:05,5377.5,5378.0,5374.0,5374.5,1000.0
7/11/2025 12:10,5374.5,5375.5,5371.5,5374.0,1000.0
7/11/2025 12:15,5373.5,5375.0,5371.0,5372.5,1000.0
7/11/2025 12:20,5373.0,5374.0,5371.0,5373.5,1000.0
7/11/2025 12:25,5373.5,5373.5,5369.0,5370.0,1000.0
7/11/2025 12:30,5370.5,5372.5,5368.5,5372.5,1000.0
7/11/2025 12:35,5372.5,5372.5,5367.0,5369.0,1000.0
7/11/2025 12:40,5369.0,5370.5,5366.5,5369.5,1000.0
7/11/2025 12:45,5369.5,5372.5,5369.0,5372.0,1000.0
7/11/2025 12:50,5372.0,5372.5,5370.0,5371.0,1000.0
7/11/2025 12:55,5371.0,5373.0,5370.0,5371.5,1000.0
7/11/2025 13:00,5371.5,5374.0,5371.0,5373.0,1000.0
7/11/2025 13:05,5373.0,5374.5,5372.5,5373.5,1000.0
7/11/2025 13:10,5373.5,5374.5,5372.5,5374.0,1000.0
7/11/2025 13:15,5374.0,5375.0,5373.0,5374.0,1000.0
7/11/2025 13:20,5374.0,5374.5,5366.0,5367.5,1000.0
7/11/2025 13:25,5367.5,5371.5,5367.0,5370.0,1000.0
7/11/2025 13:30,5370.0,5370.0,5366.0,5366.5,1000.0
7/11/2025 13:35,5366.5,5367.0,5365.0,5365.5,1000.0
7/11/2025 13:40,5365.5,5367.0,5362.0,5362.5,1000.0
7/11/2025 13:45,5362.5,5366.0,5361.0,5363.0,1000.0
7/11/2025 13:50,5363.5,5365.0,5361.5,5365.0,1000.0
7/11/2025 13:55,5365.0,5369.0,5364.5,5367.5,1000.0
7/11/2025 14:00,5367.5,5369.0,5366.5,5369.0,1000.0
7/11/2025 14:05,5369.0,5372.0,5367.5,5369.5,1000.0
7/11/2025 14:10,5370.0,5371.5,5368.0,5369.0,1000.0
7/11/2025 14:15,5369.0,5369.5,5367.0,5369.5,1000.0
7/11/2025 14:20,5369.0,5369.5,5365.5,5367.0,1000.0
7/11/2025 14:25,5367.5,5368.0,5366.0,5366.5,1000.0
7/11/2025 14:30,5367.0,5367.5,5365.0,5366.5,1000.0
7/11/2025 14:35,5366.0,5367.0,5363.5,5365.5,1000.0
7/11/2025 14:40,5366.0,5368.0,5365.5,5366.5,1000.0
7/11/2025 14:45,5367.0,5369.0,5366.0,5369.0,1000.0
7/11/2025 14:50,5369.0,5369.5,5365.5,5366.0,1000.0
7/11/2025 14:55,5366.0,5366.5,5363.0,5364.5,1000.0
7/11/2025 15:00,5364.0,5364.5,5362.5,5363.5,1000.0
7/11/2025 15:05,5363.5,5364.5,5362.5,5364.5,1000.0
7/11/2025 15:10,5364.5,5364.5,5362.5,5364.0,1000.0
7/11/2025 15:15,5364.0,5366.0,5363.5,5365.0,1000.0
7/11/2025 15:20,5365.0,5365.5,5362.5,5363.0,1000.0
7/11/2025 15:25,5363.0,5364.0,5360.5,5363.5,1000.0
7/11/2025 15:30,5363.5,5364.0,5362.0,5363.0,1000.0
7/11/2025 15:35,5363.0,5364.5,5362.5,5363.0,1000.0
7/11/2025 15:40,5363.0,5363.5,5362.5,5363.0,1000.0
7/11/2025 15:45,5363.0,5364.0,5362.5,5363.5,1000.0
7/11/2025 15:50,5364.0,5364.0,5362.0,5362.0,1000.0
7/11/2025 15:55,5362.0,5362.5,5360.5,5362.0,1000.0
7/11/2025 16:00,5362.0,5362.0,5359.0,5360.5,1000.0
7/11/2025 16:05,5360.5,5361.5,5359.0,5359.5,1000.0
7/11/2025 16:10,5359.5,5361.0,5359.0,5360.0,1000.0
7/11/2025 16:15,5359.5,5360.5,5359.0,5360.5,1000.0
7/11/2025 16:20,5360.5,5361.0,5359.0,5361.0,1000.0
7/11/2025 16:25,5361.0,5362.5,5360.5,5362.0,1000.0
7/11/2025 16:30,5362.5,5362.5,5360.5,5361.0,1000.0
7/11/2025 16:35,5361.0,5361.0,5359.0,5359.0,1000.0
7/11/2025 16:40,5359.0,5360.0,5358.5,5359.0,1000.0
7/11/2025 16:45,5359.0,5361.0,5357.0,5360.5,1000.0
7/11/2025 16:50,5360.5,5361.0,5359.5,5359.5,1000.0
7/11/2025 16:55,5360.0,5361.0,5358.5,5359.0,1000.0
7/11/2025 17:00,5358.5,5361.0,5358.5,5360.5,1000.0
7/11/2025 17:05,5360.0,5361.5,5360.0,5360.5,1000.0
7/11/2025 17:10,5360.0,5360.5,5359.5,5360.0,1000.0
7/11/2025 17:15,5360.0,5361.5,5359.0,5361.0,1000.0
7/11/2025 17:20,5360.5,5361.5,5360.5,5361.5,1000.0
7/11/2025 17:25,5361.5,5362.0,5360.0,5360.0,1000.0
7/11/2025 17:30,5360.0,5361.5,5359.5,5361.0,1000.0
7/11/2025 17:35,5361.0,5362.0,5360.5,5361.5,1000.0
7/11/2025 17:40,5361.5,5362.5,5360.5,5361.0,1000.0
7/11/2025 17:45,5360.5,5362.0,5359.5,5362.0,1000.0
7/11/2025 17:50,5362.0,5362.0,5359.5,5360.5,1000.0
7/11/2025 17:55,5360.5,5360.5,5357.5,5357.5,1000.0
7/11/2025 18:00,5357.5,5358.0,5355.5,5356.5,1000.0
7/11/2025 18:05,5357.0,5357.5,5356.5,5357.5,1000.0
7/11/2025 18:10,5357.0,5358.0,5355.5,5357.0,1000.0
7/11/2025 18:15,5357.0,5357.0,5354.0,5355.0,1000.0
7/11/2025 18:20,5355.0,5356.0,5352.5,5356.0,1000.0
7/11/2025 18:25,5356.0,5356.0,5352.0,5354.5,1000.0
7/11/2025 9:00,5376.0,5377.5,5369.5,5376.5,1000.0
7/11/2025 9:05,5377.0,5377.5,5372.0,5374.5,1000.0
7/11/2025 9:10,5374.5,5375.0,5370.0,5370.5,1000.0
7/11/2025 9:15,5370.5,5375.0,5369.0,5374.5,1000.0
7/11/2025 9:20,5375.0,5376.0,5372.0,5374.5,1000.0
7/11/2025 9:25,5374.5,5376.5,5374.0,5376.5,1000.0
7/11/2025 9:30,5376.5,5379.5,5375.0,5378.0,1000.0
7/11/2025 9:35,5377.5,5385.0,5377.5,5385.0,1000.0
7/11/2025 9:40,5385.0,5385.5,5381.5,5384.0,1000.0
7/11/2025 9:45,5384.0,5390.0,5384.0,5389.0,1000.0
7/11/2025 9:50,5389.5,5390.0,5384.5,5386.0,1000.0
7/11/2025 9:55,5386.0,5390.5,5385.0,5388.5,1000.0
8/1/2026 10:00,5412.5,5414.0,5406.5,5409.0,1000.0
8/1/2026 10:05,5409.0,5415.5,5408.5,5411.5,1000.0
8/1/2026 10:10,5412.0,5414.0,5410.0,5413.0,1000.0
8/1/2026 10:15,5412.5,5413.0,5409.0,5409.0,1000.0
8/1/2026 10:20,5409.5,5415.0,5409.0,5413.5,1000.0
8/1/2026 10:25,5413.5,5417.5,5412.5,5415.0,1000.0
8/1/2026 10:30,5415.0,5417.5,5413.0,5415.5,1000.0
8/1/2026 10:35,5415.5,5417.5,5414.0,5417.5,1000.0
8/1/2026 10:40,5417.5,5418.0,5415.0,5418.0,1000.0
8/1/2026 10:45,5417.5,5420.0,5416.5,5419.0,1000.0
8/1/2026 10:50,5419.0,5423.5,5418.5,5421.5,1000.0
8/1/2026 10:55,5421.0,5423.0,5417.0,5417.5,1000.0
8/1/2026 11:00,5418.0,5422.0,5416.5,5418.0,1000.0
8/1/2026 11:05,5417.5,5425.0,5417.0,5425.0,1000.0
8/1/2026 11:10,5424.5,5427.5,5423.0,5427.5,1000.0
8/1/2026 11:15,5427.5,5428.5,5422.5,5424.5,1000.0
8/1/2026 11:20,5424.5,5426.5,5423.0,5423.0,1000.0
8/1/2026 11:25,5423.5,5426.5,5421.5,5421.5,1000.0
8/1/2026 11:30,5421.5,5424.5,5419.0,5419.5,1000.0
8/1/2026 11:35,5419.5,5420.5,5413.5,5418.5,1000.0
8/1/2026 11:40,5418.5,5421.5,5417.5,5420.5,1000.0
8/1/2026 11:45,5420.5,5421.5,5416.5,5419.0,1000.0
8/1/2026 11:50,5419.0,5421.0,5417.0,5419.0,1000.0
8/1/2026 11:55,5419.5,5422.0,5418.0,5418.5,1000.0
8/1/2026 12:00,5419.0,5419.5,5417.0,5417.0,1000.0
8/1/2026 12:05,5417.5,5417.5,5413.0,5413.5,1000.0
8/1/2026 12:10,5413.5,5419.0,5413.0,5417.5,1000.0
8/1/2026 12:15,5417.0,5418.5,5414.5,5416.0,1000.0
8/1/2026 12:20,5415.5,5418.0,5415.5,5417.0,1000.0
8/1/2026 12:25,5416.5,5424.5,5416.5,5424.5,1000.0
8/1/2026 12:30,5424.5,5428.0,5422.5,5424.5,1000.0
8/1/2026 12:35,5424.5,5427.5,5423.5,5427.0,1000.0
8/1/2026 12:40,5427.5,5427.5,5425.0,5425.5,1000.0
8/1/2026 12:45,5425.0,5426.0,5420.5,5421.5,1000.0
8/1/2026 12:50,5421.0,5423.0,5420.5,5423.0,1000.0
8/1/2026 12:55,5423.0,5424.5,5420.0,5421.0,1000.0
8/1/2026 13:00,5420.5,5422.0,5418.0,5418.5,1000.0
8/1/2026 13:05,5418.5,5424.0,5418.5,5423.5,1000.0
8/1/2026 13:10,5423.5,5423.5,5421.5,5423.0,1000.0
8/1/2026 13:15,5423.5,5425.0,5421.5,5424.5,1000.0
8/1/2026 13:20,5424.0,5428.0,5422.5,5426.5,1000.0
8/1/2026 13:25,5426.5,5427.0,5421.0,5422.5,1000.0
8/1/2026 13:30,5422.5,5424.0,5419.0,5420.0,1000.0
8/1/2026 13:35,5420.0,5420.5,5416.5,5416.5,1000.0
8/1/2026 13:40,5417.0,5418.5,5416.5,5417.5,1000.0
8/1/2026 13:45,5417.0,5417.5,5414.5,5415.5,1000.0
8/1/2026 13:50,5415.5,5418.0,5414.5,5417.5,1000.0
8/1/2026 13:55,5417.5,5418.0,5416.0,5417.5,1000.0
8/1/2026 14:00,5417.5,5418.0,5414.5,5414.5,1000.0
8/1/2026 14:05,5414.5,5418.0,5414.5,5418.0,1000.0
8/1/2026 14:10,5417.5,5419.0,5416.0,5416.0,1000.0
8/1/2026 14:15,5416.5,5419.5,5416.0,5418.0,1000.0
8/1/2026 14:20,5417.5,5420.0,5417.0,5419.5,1000.0
8/1/2026 14:25,5419.0,5421.0,5418.5,5419.5,1000.0
8/1/2026 14:30,5419.0,5420.0,5417.5,5418.5,1000.0
8/1/2026 14:35,5418.5,5420.5,5418.5,5419.0,1000.0
8/1/2026 14:40,5419.0,5419.5,5417.5,5417.5,1000.0
8/1/2026 14:45,5418.0,5418.5,5416.0,5417.5,1000.0
8/1/2026 14:50,5417.5,5417.5,5413.5,5414.0,1000.0
8/1/2026 14:55,5413.5,5417.5,5413.5,5417.0,1000.0
8/1/2026 15:00,5417.0,5417.5,5416.5,5417.5,1000.0
8/1/2026 15:05,5417.0,5418.5,5417.0,5418.0,1000.0
8/1/2026 15:10,5418.0,5420.0,5417.5,5419.0,1000.0
8/1/2026 15:15,5419.5,5421.5,5418.5,5420.0,1000.0
8/1/2026 15:20,5420.5,5421.5,5420.0,5420.5,1000.0
8/1/2026 15:25,5421.0,5423.5,5420.5,5422.5,1000.0
8/1/2026 15:30,5422.0,5424.0,5420.0,5424.0,1000.0
8/1/2026 15:35,5424.0,5425.0,5423.5,5425.0,1000.0
8/1/2026 15:40,5424.5,5425.0,5423.5,5424.0,1000.0
8/1/2026 15:45,5424.5,5425.0,5422.0,5423.0,1000.0
8/1/2026 15:50,5423.0,5424.5,5422.5,5424.0,1000.0
8/1/2026 15:55,5424.0,5426.0,5424.0,5425.0,1000.0
8/1/2026 16:00,5425.5,5427.0,5425.0,5426.0,1000.0
8/1/2026 16:05,5425.5,5426.5,5424.5,5425.0,1000.0
8/1/2026 16:10,5425.0,5425.5,5422.5,5424.5,1000.0
8/1/2026 16:15,5424.5,5424.5,5421.0,5422.5,1000.0
8/1/2026 16:20,5422.0,5423.0,5421.5,5422.5,1000.0
8/1/2026 16:25,5423.0,5423.5,5422.0,5422.5,1000.0
8/1/2026 16:30,5423.0,5423.5,5422.0,5422.5,1000.0
8/1/2026 16:35,5422.5,5422.5,5419.0,5420.5,1000.0
8/1/2026 16:40,5420.0,5421.0,5419.5,5421.0,1000.0
8/1/2026 16:45,5421.0,5422.0,5420.5,5421.0,1000.0
8/1/2026 16:50,5420.5,5422.0,5420.0,5421.0,1000.0
8/1/2026 16:55,5421.0,5422.5,5420.0,5420.5,1000.0
8/1/2026 17:00,5421.0,5421.5,5420.0,5421.5,1000.0
8/1/2026 17:05,5421.0,5422.0,5420.0,5422.0,1000.0
8/1/2026 17:10,5421.5,5422.0,5420.5,5420.5,1000.0
8/1/2026 17:15,5421.0,5421.0,5419.5,5420.0,1000.0
8/1/2026 17:20,5420.0,5421.5,5419.5,5420.5,1000.0
8/1/2026 17:25,5420.5,5421.5,5420.0,5421.0,1000.0
8/1/2026 17:30,5421.0,5421.5,5420.0,5421.0,1000.0
8/1/2026 17:35,5420.5,5422.0,5420.5,5421.0,1000.0
8/1/2026 17:40,5421.0,5421.5,5419.0,5419.5,1000.0
8/1/2026 17:45,5420.0,5420.0,5418.0,5418.5,1000.0
8/1/2026 17:50,5419.0,5420.0,5418.5,5420.0,1000.0
8/1/2026 17:55,5419.5,5420.0,5418.0,5418.5,1000.0
8/1/2026 18:00,5419.0,5420.5,5418.0,5419.5,1000.0
8/1/2026 18:05,5420.0,5420.0,5418.5,5419.0,1000.0
8/1/2026 18:10,5419.5,5420.0,5418.5,5419.0,1000.0
8/1/2026 18:15,5419.0,5420.5,5418.0,5418.5,1000.0
8/1/2026 18:20,5418.5,5419.5,5417.0,5418.5,1000.0
8/1/2026 18:25,5418.5,5420.5,5417.5,5417.5,1000.0
8/1/2026 9:00,5424.0,5426.0,5420.0,5425.5,1000.0
8/1/2026 9:05,5425.5,5426.5,5421.0,5423.0,1000.0
8/1/2026 9:10,5423.0,5424.5,5420.0,5424.0,1000.0
8/1/2026 9:15,5424.0,5425.0,5422.0,5422.5,1000.0
8/1/2026 9:20,5422.0,5427.5,5421.5,5425.5,1000.0
8/1/2026 9:25,5425.5,5426.0,5418.0,5418.5,1000.0
8/1/2026 9:30,5418.5,5421.5,5414.0,5415.0,1000.0
8/1/2026 9:35,5415.5,5416.0,5411.0,5412.0,1000.0
8/1/2026 9:40,5412.0,5418.5,5412.0,5416.0,1000.0
8/1/2026 9:45,5416.0,5416.5,5412.5,5413.5,1000.0
8/1/2026 9:50,5413.5,5415.0,5410.0,5413.5,1000.0
8/1/2026 9:55,5413.0,5415.0,5410.0,5412.5,1000.0
8/10/2025 10:00,5370.0,5370.5,5365.5,5366.5,1000.0
8/10/2025 10:05,5366.5,5369.5,5364.5,5368.0,1000.0
8/10/2025 10:10,5368.0,5368.5,5360.0,5364.0,1000.0
8/10/2025 10:15,5364.0,5366.0,5363.0,5365.0,1000.0
8/10/2025 10:20,5365.0,5368.0,5363.5,5365.5,1000.0
8/10/2025 10:25,5365.5,5368.5,5363.5,5365.5,1000.0
8/10/2025 10:30,5365.0,5367.5,5364.0,5366.0,1000.0
8/10/2025 10:35,5366.0,5366.5,5362.5,5363.0,1000.0
8/10/2025 10:40,5363.5,5365.0,5360.0,5361.0,1000.0
8/10/2025 10:45,5361.0,5366.5,5360.5,5366.5,1000.0
8/10/2025 10:50,5366.5,5372.0,5364.5,5372.0,1000.0
8/10/2025 10:55,5371.5,5373.0,5369.5,5372.0,1000.0
8/10/2025 11:00,5371.5,5378.5,5371.5,5373.0,1000.0
8/10/2025 11:05,5372.5,5374.0,5371.5,5374.0,1000.0
8/10/2025 11:10,5373.5,5375.5,5370.0,5373.5,1000.0
8/10/2025 11:15,5373.5,5377.5,5373.0,5376.0,1000.0
8/10/2025 11:20,5375.5,5376.5,5371.5,5375.5,1000.0
8/10/2025 11:25,5375.5,5375.5,5373.0,5374.5,1000.0
8/10/2025 11:30,5375.0,5376.5,5373.5,5374.5,1000.0
8/10/2025 11:35,5375.0,5376.0,5374.5,5375.5,1000.0
8/10/2025 11:40,5375.5,5378.5,5375.0,5377.0,1000.0
8/10/2025 11:45,5377.0,5377.5,5369.5,5371.5,1000.0
8/10/2025 11:50,5372.0,5377.0,5371.0,5376.0,1000.0
8/10/2025 11:55,5376.0,5379.5,5375.5,5378.5,1000.0
8/10/2025 12:00,5378.0,5380.0,5377.5,5379.5,1000.0
8/10/2025 12:05,5379.0,5381.0,5377.5,5377.5,1000.0
8/10/2025 12:10,5377.5,5380.0,5376.5,5379.5,1000.0
8/10/2025 12:15,5379.0,5380.0,5377.0,5378.5,1000.0
8/10/2025 12:20,5378.5,5378.5,5374.0,5374.5,1000.0
8/10/2025 12:25,5374.5,5375.5,5374.0,5374.0,1000.0
8/10/2025 12:30,5374.0,5377.5,5374.0,5376.5,1000.0
8/10/2025 12:35,5376.5,5378.0,5375.0,5377.5,1000.0
8/10/2025 12:40,5377.0,5377.5,5375.0,5376.0,1000.0
8/10/2025 12:45,5375.5,5381.0,5375.5,5380.5,1000.0
8/10/2025 12:50,5380.5,5383.5,5379.0,5379.5,1000.0
8/10/2025 12:55,5379.5,5380.0,5376.0,5376.5,1000.0
8/10/2025 13:00,5376.5,5378.0,5373.5,5374.5,1000.0
8/10/2025 13:05,5374.5,5377.5,5373.5,5377.0,1000.0
8/10/2025 13:10,5377.0,5378.0,5376.0,5378.0,1000.0
8/10/2025 13:15,5378.0,5378.5,5377.0,5377.0,1000.0
8/10/2025 13:20,5377.0,5378.5,5376.5,5378.5,1000.0
8/10/2025 13:25,5378.0,5379.0,5377.5,5378.5,1000.0
8/10/2025 13:30,5378.5,5378.5,5377.5,5378.5,1000.0
8/10/2025 13:35,5378.0,5380.5,5378.0,5378.0,1000.0
8/10/2025 13:40,5378.0,5379.0,5375.0,5375.5,1000.0
8/10/2025 13:45,5376.0,5377.0,5375.0,5375.0,1000.0
8/10/2025 13:50,5375.0,5376.5,5375.0,5375.0,1000.0
8/10/2025 13:55,5375.0,5377.0,5375.0,5376.0,1000.0
8/10/2025 14:00,5376.0,5376.5,5375.0,5376.5,1000.0
8/10/2025 14:05,5376.0,5377.5,5375.5,5376.5,1000.0
8/10/2025 14:10,5376.5,5378.5,5376.5,5378.0,1000.0
8/10/2025 14:15,5377.5,5378.0,5376.0,5377.5,1000.0
8/10/2025 14:20,5377.5,5380.0,5376.5,5378.5,1000.0
8/10/2025 14:25,5379.0,5381.5,5378.5,5381.0,1000.0
8/10/2025 14:30,5381.0,5385.5,5380.0,5384.5,1000.0
8/10/2025 14:35,5385.0,5386.0,5384.0,5385.0,1000.0
8/10/2025 14:40,5385.0,5385.0,5379.0,5381.0,1000.0
8/10/2025 14:45,5380.5,5381.5,5379.5,5380.5,1000.0
8/10/2025 14:50,5380.5,5382.0,5380.5,5380.5,1000.0
8/10/2025 14:55,5381.0,5381.5,5380.0,5381.0,1000.0
8/10/2025 15:00,5380.5,5383.5,5380.5,5383.5,1000.0
8/10/2025 15:05,5383.0,5386.5,5383.0,5385.5,1000.0
8/10/2025 15:10,5385.5,5388.0,5384.5,5386.5,1000.0
8/10/2025 15:15,5386.0,5387.5,5384.0,5387.0,1000.0
8/10/2025 15:20,5387.5,5390.0,5385.5,5386.0,1000.0
8/10/2025 15:25,5386.0,5387.5,5384.0,5384.5,1000.0
8/10/2025 15:30,5385.0,5385.0,5380.0,5382.5,1000.0
8/10/2025 15:35,5382.5,5383.0,5379.0,5380.5,1000.0
8/10/2025 15:40,5380.5,5383.0,5379.5,5382.5,1000.0
8/10/2025 15:45,5382.5,5385.5,5382.0,5384.5,1000.0
8/10/2025 15:50,5384.5,5385.0,5381.5,5383.0,1000.0
8/10/2025 15:55,5383.0,5385.0,5381.5,5385.0,1000.0
8/10/2025 16:00,5384.5,5385.0,5380.0,5380.5,1000.0
8/10/2025 16:05,5380.5,5382.0,5379.0,5380.5,1000.0
8/10/2025 16:10,5380.5,5382.0,5379.5,5381.0,1000.0
8/10/2025 16:15,5381.0,5381.0,5379.5,5380.0,1000.0
8/10/2025 16:20,5380.0,5380.5,5378.0,5378.0,1000.0
8/10/2025 16:25,5378.0,5378.5,5374.0,5374.5,1000.0
8/10/2025 16:30,5374.5,5377.5,5373.5,5377.0,1000.0
8/10/2025 16:35,5377.0,5377.0,5373.5,5374.5,1000.0
8/10/2025 16:40,5374.5,5375.5,5373.5,5375.0,1000.0
8/10/2025 16:45,5374.5,5375.0,5371.0,5372.5,1000.0
8/10/2025 16:50,5372.5,5375.0,5371.5,5375.0,1000.0
8/10/2025 16:55,5375.0,5376.5,5372.0,5373.0,1000.0
8/10/2025 17:00,5373.5,5376.0,5373.0,5375.5,1000.0
8/10/2025 17:05,5375.0,5375.5,5374.0,5374.5,1000.0
8/10/2025 17:10,5375.0,5377.0,5374.5,5376.0,1000.0
8/10/2025 17:15,5376.0,5377.5,5375.5,5376.0,1000.0
8/10/2025 17:20,5376.0,5377.0,5374.5,5375.0,1000.0
8/10/2025 17:25,5374.5,5376.0,5373.5,5374.0,1000.0
8/10/2025 17:30,5373.5,5374.5,5373.5,5374.0,1000.0
8/10/2025 17:35,5374.5,5375.0,5373.5,5374.0,1000.0
8/10/2025 17:40,5374.5,5375.5,5373.0,5375.5,1000.0
8/10/2025 17:45,5375.5,5376.0,5374.0,5375.0,1000.0
8/10/2025 17:50,5375.0,5377.5,5373.5,5377.0,1000.0
8/10/2025 17:55,5377.5,5377.5,5374.0,5374.5,1000.0
8/10/2025 18:00,5374.5,5374.5,5370.5,5371.0,1000.0
8/10/2025 18:05,5371.0,5371.5,5365.0,5369.5,1000.0
8/10/2025 18:10,5369.5,5370.0,5368.0,5368.5,1000.0
8/10/2025 18:15,5368.5,5370.0,5368.0,5368.5,1000.0
8/10/2025 18:20,5368.5,5369.5,5366.0,5368.0,1000.0
8/10/2025 18:25,5368.0,5368.0,5364.0,5364.0,1000.0
8/10/2025 9:00,5388.0,5395.0,5385.0,5391.0,1000.0
8/10/2025 9:05,5391.0,5392.5,5384.5,5388.5,1000.0
8/10/2025 9:10,5388.5,5390.0,5384.0,5385.0,1000.0
8/10/2025 9:15,5385.5,5386.0,5372.5,5374.5,1000.0
8/10/2025 9:20,5375.0,5376.5,5371.0,5374.0,1000.0
8/10/2025 9:25,5374.5,5379.0,5373.5,5375.0,1000.0
8/10/2025 9:30,5375.0,5376.0,5369.0,5373.0,1000.0
8/10/2025 9:35,5373.0,5373.5,5369.5,5373.5,1000.0
8/10/2025 9:40,5373.0,5375.0,5367.5,5368.5,1000.0
8/10/2025 9:45,5368.5,5371.5,5368.0,5368.5,1000.0
8/10/2025 9:50,5369.0,5373.5,5367.0,5369.5,1000.0
8/10/2025 9:55,5370.0,5371.5,5366.5,5370.5,1000.0
8/12/2025 10:00,5443.0,5449.0,5441.5,5447.5,1000.0
8/12/2025 10:05,5447.5,5450.0,5442.5,5445.0,1000.0
8/12/2025 10:10,5445.0,5447.0,5434.5,5435.5,1000.0
8/12/2025 10:15,5435.5,5436.0,5427.0,5428.0,1000.0
8/12/2025 10:20,5427.5,5438.0,5427.0,5436.0,1000.0
8/12/2025 10:25,5436.0,5436.0,5429.0,5433.0,1000.0
8/12/2025 10:30,5433.0,5434.0,5428.5,5430.0,1000.0
8/12/2025 10:35,5430.0,5433.5,5428.0,5432.5,1000.0
8/12/2025 10:40,5432.0,5432.5,5422.0,5423.0,1000.0
8/12/2025 10:45,5423.5,5425.0,5418.0,5420.5,1000.0
8/12/2025 10:50,5421.0,5421.5,5414.0,5419.0,1000.0
8/12/2025 10:55,5419.0,5423.5,5418.5,5418.5,1000.0
8/12/2025 11:00,5418.5,5425.0,5418.0,5422.0,1000.0
8/12/2025 11:05,5422.0,5424.0,5417.5,5421.0,1000.0
8/12/2025 11:10,5421.5,5423.0,5418.0,5420.5,1000.0
8/12/2025 11:15,5420.5,5425.5,5419.5,5424.0,1000.0
8/12/2025 11:20,5424.0,5426.0,5421.5,5423.5,1000.0
8/12/2025 11:25,5423.5,5423.5,5416.5,5420.5,1000.0
8/12/2025 11:30,5420.5,5427.5,5419.5,5427.0,1000.0
8/12/2025 11:35,5427.0,5438.0,5426.5,5433.5,1000.0
8/12/2025 11:40,5433.0,5436.0,5431.0,5435.5,1000.0
8/12/2025 11:45,5435.5,5447.0,5435.0,5446.5,1000.0
8/12/2025 11:50,5446.0,5452.5,5444.0,5450.0,1000.0
8/12/2025 11:55,5450.0,5458.5,5447.0,5452.0,1000.0
8/12/2025 12:00,5452.0,5458.5,5452.0,5457.5,1000.0
8/12/2025 12:05,5457.0,5469.5,5456.5,5465.5,1000.0
8/12/2025 12:10,5465.0,5470.0,5460.5,5468.5,1000.0
8/12/2025 12:15,5468.5,5482.0,5465.5,5474.5,1000.0
8/12/2025 12:20,5474.5,5478.0,5471.0,5477.0,1000.0
8/12/2025 12:25,5476.5,5488.5,5473.5,5487.0,1000.0
8/12/2025 12:30,5487.0,5495.0,5483.5,5491.0,1000.0
8/12/2025 12:35,5490.5,5493.5,5484.0,5485.0,1000.0
8/12/2025 12:40,5485.5,5487.0,5479.0,5481.5,1000.0
8/12/2025 12:45,5481.5,5484.0,5475.5,5476.0,1000.0
8/12/2025 12:50,5476.0,5480.5,5472.0,5474.0,1000.0
8/12/2025 12:55,5474.5,5477.0,5471.0,5474.5,1000.0
8/12/2025 13:00,5475.0,5479.5,5473.0,5479.5,1000.0
8/12/2025 13:05,5479.5,5479.5,5471.0,5473.5,1000.0
8/12/2025 13:10,5474.0,5474.5,5466.5,5467.5,1000.0
8/12/2025 13:15,5467.0,5468.5,5460.0,5467.5,1000.0
8/12/2025 13:20,5467.5,5470.5,5463.5,5468.5,1000.0
8/12/2025 13:25,5468.5,5469.5,5464.5,5468.5,1000.0
8/12/2025 13:30,5468.5,5469.5,5464.0,5464.5,1000.0
8/12/2025 13:35,5464.5,5466.5,5461.0,5465.0,1000.0
8/12/2025 13:40,5465.5,5470.0,5464.5,5467.5,1000.0
8/12/2025 13:45,5467.5,5471.0,5466.5,5470.0,1000.0
8/12/2025 13:50,5470.0,5473.0,5468.0,5471.0,1000.0
8/12/2025 13:55,5471.0,5473.0,5470.0,5470.5,1000.0
8/12/2025 14:00,5470.5,5471.5,5467.5,5471.5,1000.0
8/12/2025 14:05,5471.0,5473.5,5470.5,5471.0,1000.0
8/12/2025 14:10,5471.0,5473.0,5468.5,5472.5,1000.0
8/12/2025 14:15,5472.5,5475.0,5472.0,5474.0,1000.0
8/12/2025 14:20,5474.5,5475.5,5473.0,5475.0,1000.0
8/12/2025 14:25,5475.0,5478.5,5471.5,5471.5,1000.0
8/12/2025 14:30,5471.5,5476.5,5470.5,5472.5,1000.0
8/12/2025 14:35,5472.5,5473.0,5454.5,5457.0,1000.0
8/12/2025 14:40,5457.5,5463.5,5457.0,5461.5,1000.0
8/12/2025 14:45,5461.0,5464.5,5457.5,5458.0,1000.0
8/12/2025 14:50,5458.5,5460.0,5456.0,5459.5,1000.0
8/12/2025 14:55,5459.0,5461.0,5455.0,5456.5,1000.0
8/12/2025 15:00,5456.0,5457.5,5452.0,5453.5,1000.0
8/12/2025 15:05,5453.5,5455.0,5451.0,5454.5,1000.0
8/12/2025 15:10,5454.5,5456.5,5452.5,5454.0,1000.0
8/12/2025 15:15,5453.5,5456.0,5452.5,5454.5,1000.0
8/12/2025 15:20,5454.5,5455.5,5449.5,5452.0,1000.0
8/12/2025 15:25,5452.0,5454.0,5450.0,5451.0,1000.0
8/12/2025 15:30,5451.5,5457.5,5451.0,5453.0,1000.0
8/12/2025 15:35,5453.0,5453.5,5445.0,5446.5,1000.0
8/12/2025 15:40,5446.5,5451.0,5446.0,5449.0,1000.0
8/12/2025 15:45,5448.5,5448.5,5445.5,5445.5,1000.0
8/12/2025 15:50,5445.5,5448.5,5444.0,5444.5,1000.0
8/12/2025 15:55,5445.0,5451.0,5444.0,5448.5,1000.0
8/12/2025 16:00,5449.0,5453.0,5448.5,5451.0,1000.0
8/12/2025 16:05,5451.0,5452.5,5450.5,5452.5,1000.0
8/12/2025 16:10,5452.5,5456.5,5451.5,5456.0,1000.0
8/12/2025 16:15,5456.0,5456.5,5453.0,5453.5,1000.0
8/12/2025 16:20,5453.5,5453.5,5450.0,5452.5,1000.0
8/12/2025 16:25,5452.5,5454.0,5450.0,5451.0,1000.0
8/12/2025 16:30,5450.5,5451.5,5447.5,5450.0,1000.0
8/12/2025 16:35,5449.5,5450.5,5447.0,5450.0,1000.0
8/12/2025 16:40,5450.0,5450.0,5447.0,5448.5,1000.0
8/12/2025 16:45,5449.0,5449.5,5448.0,5449.5,1000.0
8/12/2025 16:50,5449.5,5450.0,5448.0,5448.5,1000.0
8/12/2025 16:55,5449.0,5450.5,5448.0,5449.0,1000.0
8/12/2025 17:00,5448.5,5451.0,5447.0,5449.5,1000.0
8/12/2025 17:05,5449.5,5450.0,5446.5,5448.5,1000.0
8/12/2025 17:10,5448.5,5451.0,5448.0,5451.0,1000.0
8/12/2025 17:15,5450.5,5452.0,5449.5,5451.5,1000.0
8/12/2025 17:20,5451.0,5452.5,5450.0,5451.0,1000.0
8/12/2025 17:25,5451.5,5454.0,5451.0,5453.5,1000.0
8/12/2025 17:30,5454.0,5454.5,5453.0,5453.5,1000.0
8/12/2025 17:35,5453.5,5454.5,5453.0,5454.0,1000.0
8/12/2025 17:40,5453.5,5456.5,5452.0,5455.0,1000.0
8/12/2025 17:45,5455.0,5472.5,5455.0,5459.5,1000.0
8/12/2025 17:50,5459.5,5462.5,5458.5,5461.5,1000.0
8/12/2025 17:55,5461.5,5464.0,5459.5,5460.0,1000.0
8/12/2025 18:00,5460.0,5460.5,5457.5,5459.5,1000.0
8/12/2025 18:05,5459.5,5462.5,5459.0,5462.5,1000.0
8/12/2025 18:10,5462.5,5464.0,5460.0,5463.0,1000.0
8/12/2025 18:15,5463.0,5464.5,5461.5,5462.0,1000.0
8/12/2025 18:20,5462.0,5464.0,5460.0,5462.0,1000.0
8/12/2025 18:25,5462.0,5464.5,5457.5,5457.5,1000.0
8/12/2025 9:00,5451.5,5463.5,5434.0,5437.0,1000.0
8/12/2025 9:05,5437.5,5455.0,5435.5,5450.0,1000.0
8/12/2025 9:10,5450.0,5454.5,5446.0,5449.0,1000.0
8/12/2025 9:15,5449.0,5465.0,5449.0,5464.0,1000.0
8/12/2025 9:20,5463.5,5464.0,5446.0,5448.5,1000.0
8/12/2025 9:25,5448.5,5454.0,5448.0,5452.5,1000.0
8/12/2025 9:30,5452.0,5453.5,5445.0,5446.5,1000.0
8/12/2025 9:35,5447.0,5448.0,5432.0,5433.0,1000.0
8/12/2025 9:40,5433.0,5433.5,5422.5,5433.0,1000.0
8/12/2025 9:45,5433.0,5438.0,5431.5,5438.0,1000.0
8/12/2025 9:50,5438.0,5443.0,5435.5,5441.5,1000.0
8/12/2025 9:55,5441.0,5448.0,5439.0,5443.0,1000.0
9/1/2026 10:00,5416.5,5424.0,5415.0,5420.5,1000.0
9/1/2026 10:05,5420.0,5421.0,5415.0,5418.5,1000.0
9/1/2026 10:10,5418.0,5419.0,5414.0,5414.5,1000.0
9/1/2026 10:15,5414.5,5415.5,5404.5,5407.0,1000.0
9/1/2026 10:20,5407.0,5408.0,5403.5,5404.0,1000.0
9/1/2026 10:25,5403.5,5405.0,5397.0,5398.0,1000.0
9/1/2026 10:30,5398.0,5415.0,5390.0,5397.5,1000.0
9/1/2026 10:35,5398.0,5399.5,5391.0,5397.0,1000.0
9/1/2026 10:40,5396.5,5397.0,5384.0,5387.0,1000.0
9/1/2026 10:45,5387.0,5391.0,5384.0,5390.5,1000.0
9/1/2026 10:50,5390.0,5396.5,5388.0,5391.5,1000.0
9/1/2026 10:55,5391.0,5398.0,5390.0,5396.5,1000.0
9/1/2026 11:00,5396.0,5398.0,5393.5,5395.0,1000.0
9/1/2026 11:05,5395.5,5400.5,5394.0,5399.0,1000.0
9/1/2026 11:10,5399.0,5402.0,5395.5,5397.5,1000.0
9/1/2026 11:15,5397.5,5399.0,5395.0,5398.0,1000.0
9/1/2026 11:20,5398.0,5400.0,5395.0,5399.0,1000.0
9/1/2026 11:25,5398.5,5402.0,5397.5,5398.0,1000.0
9/1/2026 11:30,5398.0,5398.5,5392.5,5393.0,1000.0
9/1/2026 11:35,5392.5,5393.0,5389.0,5392.0,1000.0
9/1/2026 11:40,5392.0,5398.5,5391.0,5397.5,1000.0
9/1/2026 11:45,5397.0,5398.5,5393.5,5395.0,1000.0
9/1/2026 11:50,5395.0,5396.5,5391.0,5392.0,1000.0
9/1/2026 11:55,5392.0,5394.5,5391.5,5393.0,1000.0
9/1/2026 12:00,5393.5,5398.5,5392.5,5398.5,1000.0
9/1/2026 12:05,5398.0,5400.5,5394.0,5398.0,1000.0
9/1/2026 12:10,5398.0,5398.5,5394.0,5396.0,1000.0
9/1/2026 12:15,5396.5,5397.5,5391.5,5392.5,1000.0
9/1/2026 12:20,5392.5,5393.5,5387.5,5389.5,1000.0
9/1/2026 12:25,5389.5,5392.5,5388.5,5391.5,1000.0
9/1/2026 12:30,5392.0,5393.0,5385.5,5389.5,1000.0
9/1/2026 12:35,5389.5,5389.5,5384.0,5384.5,1000.0
9/1/2026 12:40,5384.5,5386.5,5383.0,5386.0,1000.0
9/1/2026 12:45,5386.5,5387.5,5384.0,5385.5,1000.0
9/1/2026 12:50,5385.5,5387.0,5383.5,5384.5,1000.0
9/1/2026 12:55,5384.0,5385.0,5383.0,5384.0,1000.0
9/1/2026 13:00,5384.0,5388.0,5383.0,5386.5,1000.0
9/1/2026 13:05,5387.0,5388.5,5385.0,5385.5,1000.0
9/1/2026 13:10,5385.0,5386.0,5381.5,5382.5,1000.0
9/1/2026 13:15,5382.5,5387.0,5381.5,5385.0,1000.0
9/1/2026 13:20,5385.0,5387.0,5384.5,5386.5,1000.0
9/1/2026 13:25,5386.5,5389.5,5386.5,5388.0,1000.0
9/1/2026 13:30,5387.5,5390.0,5386.0,5388.5,1000.0
9/1/2026 13:35,5389.0,5390.5,5387.0,5389.0,1000.0
9/1/2026 13:40,5388.5,5389.0,5384.5,5384.5,1000.0
9/1/2026 13:45,5384.5,5386.5,5383.0,5383.5,1000.0
9/1/2026 13:50,5383.0,5384.5,5382.5,5383.5,1000.0
9/1/2026 13:55,5383.5,5385.5,5383.0,5384.5,1000.0
9/1/2026 14:00,5384.5,5385.5,5382.0,5385.5,1000.0
9/1/2026 14:05,5385.5,5387.0,5385.0,5386.5,1000.0
9/1/2026 14:10,5386.5,5388.0,5385.0,5387.5,1000.0
9/1/2026 14:15,5387.0,5389.0,5387.0,5387.5,1000.0
9/1/2026 14:20,5388.0,5389.0,5387.0,5388.5,1000.0
9/1/2026 14:25,5389.0,5390.5,5388.5,5389.0,1000.0
9/1/2026 14:30,5389.0,5390.0,5388.0,5389.0,1000.0
9/1/2026 14:35,5389.0,5389.0,5387.0,5388.0,1000.0
9/1/2026 14:40,5388.5,5390.5,5388.0,5389.5,1000.0
9/1/2026 14:45,5389.5,5392.0,5389.0,5390.5,1000.0
9/1/2026 14:50,5390.0,5394.5,5389.0,5394.5,1000.0
9/1/2026 14:55,5394.0,5396.5,5393.0,5395.0,1000.0
9/1/2026 15:00,5395.0,5396.0,5393.0,5395.5,1000.0
9/1/2026 15:05,5396.0,5397.0,5394.0,5394.0,1000.0
9/1/2026 15:10,5394.0,5395.5,5394.0,5394.0,1000.0
9/1/2026 15:15,5394.0,5395.0,5391.5,5391.5,1000.0
9/1/2026 15:20,5391.5,5393.0,5391.0,5392.5,1000.0
9/1/2026 15:25,5392.5,5394.5,5392.0,5394.5,1000.0
9/1/2026 15:30,5394.5,5394.5,5392.0,5393.0,1000.0
9/1/2026 15:35,5393.0,5393.5,5391.5,5392.5,1000.0
9/1/2026 15:40,5392.0,5394.0,5392.0,5394.0,1000.0
9/1/2026 15:45,5393.5,5394.0,5392.5,5392.5,1000.0
9/1/2026 15:50,5392.5,5394.5,5392.5,5393.5,1000.0
9/1/2026 15:55,5393.5,5394.5,5393.0,5394.5,1000.0
9/1/2026 16:00,5394.0,5398.0,5394.0,5397.0,1000.0
9/1/2026 16:05,5396.5,5398.5,5395.0,5395.0,1000.0
9/1/2026 16:10,5395.5,5396.5,5394.0,5396.0,1000.0
9/1/2026 16:15,5396.0,5397.0,5395.5,5397.0,1000.0
9/1/2026 16:20,5396.5,5398.0,5395.5,5397.0,1000.0
9/1/2026 16:25,5396.5,5397.0,5395.5,5396.0,1000.0
9/1/2026 16:30,5396.5,5397.5,5396.0,5397.5,1000.0
9/1/2026 16:35,5397.5,5398.0,5396.5,5397.0,1000.0
9/1/2026 16:40,5396.5,5397.5,5395.0,5395.5,1000.0
9/1/2026 16:45,5395.5,5397.0,5394.0,5394.0,1000.0
9/1/2026 16:50,5394.5,5394.5,5393.5,5394.0,1000.0
9/1/2026 16:55,5394.0,5395.0,5393.5,5395.0,1000.0
9/1/2026 17:00,5395.0,5395.0,5393.5,5394.5,1000.0
9/1/2026 17:05,5394.0,5394.5,5393.5,5394.5,1000.0
9/1/2026 17:10,5394.0,5394.5,5392.0,5392.0,1000.0
9/1/2026 17:15,5392.5,5393.5,5392.0,5392.5,1000.0
9/1/2026 17:20,5393.0,5393.0,5392.0,5392.0,1000.0
9/1/2026 17:25,5392.0,5394.0,5392.0,5393.0,1000.0
9/1/2026 17:30,5393.0,5393.5,5392.5,5393.0,1000.0
9/1/2026 17:35,5392.5,5393.0,5391.0,5391.5,1000.0
9/1/2026 17:40,5391.0,5394.0,5391.0,5393.0,1000.0
9/1/2026 17:45,5392.5,5395.5,5392.5,5394.5,1000.0
9/1/2026 17:50,5394.5,5395.5,5394.5,5394.5,1000.0
9/1/2026 17:55,5395.0,5396.0,5394.5,5395.5,1000.0
9/1/2026 18:00,5395.5,5396.0,5393.0,5394.0,1000.0
9/1/2026 18:05,5394.0,5396.5,5394.0,5396.5,1000.0
9/1/2026 18:10,5396.0,5398.5,5395.5,5398.0,1000.0
9/1/2026 18:15,5397.5,5401.0,5397.0,5400.0,1000.0
9/1/2026 18:20,5400.0,5402.0,5399.0,5400.5,1000.0
9/1/2026 18:25,5400.5,5402.0,5399.5,5402.0,1000.0
9/1/2026 9:00,5428.5,5428.5,5418.0,5419.0,1000.0
9/1/2026 9:05,5418.5,5419.5,5413.0,5417.5,1000.0
9/1/2026 9:10,5418.0,5422.0,5416.0,5420.0,1000.0
9/1/2026 9:15,5420.0,5422.5,5419.5,5420.5,1000.0
9/1/2026 9:20,5420.0,5422.0,5419.0,5420.0,1000.0
9/1/2026 9:25,5420.0,5420.5,5417.0,5417.0,1000.0
9/1/2026 9:30,5417.0,5422.0,5416.0,5418.0,1000.0
9/1/2026 9:35,5418.0,5421.0,5417.0,5421.0,1000.0
9/1/2026 9:40,5420.5,5422.0,5419.5,5420.5,1000.0
9/1/2026 9:45,5420.5,5421.0,5417.0,5418.0,1000.0
9/1/2026 9:50,5418.0,5418.0,5411.0,5413.0,1000.0
9/1/2026 9:55,5413.5,5417.5,5412.5,5416.0,1000.0
9/10/2025 10:00,5365.5,5366.5,5360.5,5365.5,1000.0
9/10/2025 10:05,5365.5,5372.5,5360.0,5372.0,1000.0
9/10/2025 10:10,5372.0,5374.5,5369.5,5373.5,1000.0
9/10/2025 10:15,5373.0,5377.5,5372.0,5375.5,1000.0
9/10/2025 10:20,5376.0,5378.5,5374.0,5374.0,1000.0
9/10/2025 10:25,5374.5,5376.0,5372.0,5373.0,1000.0
9/10/2025 10:30,5372.5,5373.5,5367.0,5370.0,1000.0
9/10/2025 10:35,5370.0,5377.0,5370.0,5376.0,1000.0
9/10/2025 10:40,5375.5,5382.0,5374.0,5380.0,1000.0
9/10/2025 10:45,5380.0,5383.0,5379.0,5380.5,1000.0
9/10/2025 10:50,5381.0,5387.0,5380.0,5384.0,1000.0
9/10/2025 10:55,5384.0,5386.0,5382.5,5382.5,1000.0
9/10/2025 11:00,5383.0,5386.5,5382.5,5383.5,1000.0
9/10/2025 11:05,5383.5,5385.0,5380.0,5385.0,1000.0
9/10/2025 11:10,5385.0,5388.0,5382.5,5384.0,1000.0
9/10/2025 11:15,5384.0,5384.0,5380.0,5382.5,1000.0
9/10/2025 11:20,5382.5,5386.0,5382.0,5383.5,1000.0
9/10/2025 11:25,5384.0,5388.5,5382.5,5388.0,1000.0
9/10/2025 11:30,5388.0,5391.5,5386.5,5389.5,1000.0
9/10/2025 11:35,5389.5,5395.5,5389.5,5391.5,1000.0
9/10/2025 11:40,5391.5,5394.0,5390.0,5392.5,1000.0
9/10/2025 11:45,5392.5,5395.0,5391.0,5392.5,1000.0
9/10/2025 11:50,5392.5,5393.5,5388.5,5391.5,1000.0
9/10/2025 11:55,5392.0,5392.5,5390.0,5392.5,1000.0
9/10/2025 12:00,5392.5,5393.0,5388.5,5390.5,1000.0
9/10/2025 12:05,5391.0,5396.5,5390.5,5393.5,1000.0
9/10/2025 12:10,5394.0,5394.5,5391.5,5392.0,1000.0
9/10/2025 12:15,5392.5,5394.0,5390.0,5392.0,1000.0
9/10/2025 12:20,5392.0,5397.0,5391.5,5394.5,1000.0
9/10/2025 12:25,5394.5,5395.0,5392.0,5394.0,1000.0
9/10/2025 12:30,5393.5,5396.5,5393.0,5396.5,1000.0
9/10/2025 12:35,5396.5,5397.0,5392.0,5395.5,1000.0
9/10/2025 12:40,5395.5,5397.0,5395.0,5395.5,1000.0
9/10/2025 12:45,5395.5,5397.0,5394.0,5394.5,1000.0
9/10/2025 12:50,5395.0,5395.0,5392.0,5394.0,1000.0
9/10/2025 12:55,5394.0,5396.0,5392.0,5392.0,1000.0
9/10/2025 13:00,5392.5,5394.0,5388.5,5393.0,1000.0
9/10/2025 13:05,5393.0,5396.0,5392.0,5393.5,1000.0
9/10/2025 13:10,5393.5,5395.0,5391.5,5392.0,1000.0
9/10/2025 13:15,5392.0,5396.0,5390.5,5395.0,1000.0
9/10/2025 13:20,5395.0,5399.5,5395.0,5396.0,1000.0
9/10/2025 13:25,5396.5,5397.0,5394.5,5395.0,1000.0
9/10/2025 13:30,5395.5,5396.0,5393.5,5395.0,1000.0
9/10/2025 13:35,5395.5,5397.5,5394.5,5396.5,1000.0
9/10/2025 13:40,5396.0,5400.5,5396.0,5398.0,1000.0
9/10/2025 13:45,5398.0,5398.5,5395.5,5395.5,1000.0
9/10/2025 13:50,5395.5,5397.5,5394.0,5397.5,1000.0
9/10/2025 13:55,5397.0,5400.5,5397.0,5399.5,1000.0
9/10/2025 14:00,5399.5,5400.0,5396.5,5399.0,1000.0
9/10/2025 14:05,5399.0,5403.5,5398.5,5399.0,1000.0
9/10/2025 14:10,5399.0,5402.5,5399.0,5400.0,1000.0
9/10/2025 14:15,5400.0,5402.0,5398.5,5400.0,1000.0
9/10/2025 14:20,5399.5,5400.5,5398.5,5398.5,1000.0
9/10/2025 14:25,5398.5,5400.0,5396.5,5398.0,1000.0
9/10/2025 14:30,5398.0,5399.0,5395.0,5396.0,1000.0
9/10/2025 14:35,5396.5,5397.5,5393.0,5394.0,1000.0
9/10/2025 14:40,5394.0,5396.5,5393.0,5396.0,1000.0
9/10/2025 14:45,5395.5,5398.0,5395.0,5396.5,1000.0
9/10/2025 14:50,5396.5,5398.0,5395.0,5397.5,1000.0
9/10/2025 14:55,5397.0,5400.0,5397.0,5397.0,1000.0
9/10/2025 15:00,5397.5,5401.0,5397.0,5401.0,1000.0
9/10/2025 15:05,5401.0,5403.5,5400.5,5402.5,1000.0
9/10/2025 15:10,5402.0,5404.0,5400.5,5401.0,1000.0
9/10/2025 15:15,5401.5,5401.5,5398.5,5399.0,1000.0
9/10/2025 15:20,5399.0,5400.0,5398.5,5400.0,1000.0
9/10/2025 15:25,5400.0,5401.0,5399.0,5401.0,1000.0
9/10/2025 15:30,5401.0,5401.0,5399.5,5400.0,1000.0
9/10/2025 15:35,5400.0,5403.0,5400.0,5402.0,1000.0
9/10/2025 15:40,5402.5,5404.0,5401.5,5403.5,1000.0
9/10/2025 15:45,5403.0,5406.5,5403.0,5406.0,1000.0
9/10/2025 15:50,5406.0,5408.0,5405.5,5406.0,1000.0
9/10/2025 15:55,5406.5,5406.5,5404.0,5405.0,1000.0
9/10/2025 16:00,5404.5,5405.5,5404.0,5404.0,1000.0
9/10/2025 16:05,5404.0,5405.0,5403.5,5404.5,1000.0
9/10/2025 16:10,5404.5,5406.5,5403.5,5405.5,1000.0
9/10/2025 16:15,5406.0,5407.5,5405.0,5405.5,1000.0
9/10/2025 16:20,5405.0,5406.0,5405.0,5405.5,1000.0
9/10/2025 16:25,5405.5,5406.5,5405.0,5406.0,1000.0
9/10/2025 16:30,5405.5,5406.0,5403.0,5403.5,1000.0
9/10/2025 16:35,5403.0,5403.5,5401.5,5402.0,1000.0
9/10/2025 16:40,5402.0,5402.5,5401.0,5402.5,1000.0
9/10/2025 16:45,5402.5,5402.5,5401.0,5402.0,1000.0
9/10/2025 16:50,5401.5,5402.0,5400.0,5400.5,1000.0
9/10/2025 16:55,5401.0,5403.5,5400.5,5403.0,1000.0
9/10/2025 17:00,5403.0,5404.0,5403.0,5404.0,1000.0
9/10/2025 17:05,5404.0,5404.5,5402.0,5404.0,1000.0
9/10/2025 17:10,5403.5,5405.5,5403.5,5405.5,1000.0
9/10/2025 17:15,5405.5,5407.0,5405.0,5405.5,1000.0
9/10/2025 17:20,5405.5,5406.0,5403.0,5403.5,1000.0
9/10/2025 17:25,5403.5,5404.5,5402.5,5404.0,1000.0
9/10/2025 17:30,5404.5,5404.5,5400.0,5401.0,1000.0
9/10/2025 17:35,5401.0,5401.0,5400.0,5401.0,1000.0
9/10/2025 17:40,5400.5,5401.5,5400.0,5400.5,1000.0
9/10/2025 17:45,5401.0,5401.0,5398.5,5399.5,1000.0
9/10/2025 17:50,5399.0,5400.0,5398.5,5399.0,1000.0
9/10/2025 17:55,5399.0,5399.0,5396.5,5397.5,1000.0
9/10/2025 18:00,5397.5,5400.5,5397.0,5400.0,1000.0
9/10/2025 18:05,5400.5,5405.0,5400.0,5403.5,1000.0
9/10/2025 18:10,5403.0,5406.5,5403.0,5405.5,1000.0
9/10/2025 18:15,5405.5,5406.5,5402.5,5403.5,1000.0
9/10/2025 18:20,5403.5,5407.5,5403.5,5404.0,1000.0
9/10/2025 18:25,5404.5,5409.5,5403.5,5406.5,1000.0
9/10/2025 9:00,5360.0,5364.0,5355.0,5357.5,1000.0
9/10/2025 9:05,5357.5,5362.0,5356.0,5357.0,1000.0
9/10/2025 9:10,5357.0,5362.0,5356.0,5361.0,1000.0
9/10/2025 9:15,5361.5,5362.0,5354.0,5359.0,1000.0
9/10/2025 9:20,5359.0,5359.5,5353.0,5355.0,1000.0
9/10/2025 9:25,5355.0,5357.5,5352.5,5356.0,1000.0
9/10/2025 9:30,5356.5,5359.0,5354.0,5354.0,1000.0
9/10/2025 9:35,5354.0,5359.5,5353.5,5358.5,1000.0
9/10/2025 9:40,5358.5,5361.5,5355.0,5356.0,1000.0
9/10/2025 9:45,5356.5,5364.5,5356.0,5363.0,1000.0
9/10/2025 9:50,5363.5,5369.0,5360.5,5368.5,1000.0
9/10/2025 9:55,5368.5,5369.0,5365.0,5365.5,1000.0
9/12/2025 10:00,5492.5,5497.5,5489.5,5492.0,1000.0
9/12/2025 10:05,5492.0,5495.0,5488.0,5490.0,1000.0
9/12/2025 10:10,5490.0,5495.0,5486.0,5493.5,1000.0
9/12/2025 10:15,5493.0,5494.5,5483.0,5489.5,1000.0
9/12/2025 10:20,5489.5,5496.5,5487.5,5489.5,1000.0
9/12/2025 10:25,5490.0,5499.0,5489.0,5494.0,1000.0
9/12/2025 10:30,5494.0,5520.0,5493.5,5519.0,1000.0
9/12/2025 10:35,5519.5,5522.0,5512.0,5513.0,1000.0
9/12/2025 10:40,5513.0,5513.0,5505.0,5507.0,1000.0
9/12/2025 10:45,5507.0,5507.5,5497.0,5498.0,1000.0
9/12/2025 10:50,5498.5,5498.5,5492.0,5496.0,1000.0
9/12/2025 10:55,5496.0,5499.5,5495.0,5496.0,1000.0
9/12/2025 11:00,5496.0,5500.0,5493.5,5499.5,1000.0
9/12/2025 11:05,5499.5,5502.0,5495.0,5498.0,1000.0
9/12/2025 11:10,5498.5,5503.0,5497.0,5499.5,1000.0
9/12/2025 11:15,5499.5,5502.0,5496.0,5496.5,1000.0
9/12/2025 11:20,5497.0,5498.5,5490.0,5493.0,1000.0
9/12/2025 11:25,5493.0,5493.5,5488.0,5491.0,1000.0
9/12/2025 11:30,5491.0,5495.5,5487.5,5492.0,1000.0
9/12/2025 11:35,5491.5,5495.5,5488.5,5495.0,1000.0
9/12/2025 11:40,5495.0,5495.5,5487.5,5491.0,1000.0
9/12/2025 11:45,5491.0,5494.5,5487.0,5488.5,1000.0
9/12/2025 11:50,5488.5,5488.5,5483.5,5486.5,1000.0
9/12/2025 11:55,5486.5,5494.0,5485.0,5493.0,1000.0
9/12/2025 12:00,5493.0,5504.5,5490.0,5490.5,1000.0
9/12/2025 12:05,5490.5,5498.0,5489.0,5490.0,1000.0
9/12/2025 12:10,5490.0,5493.0,5488.5,5492.0,1000.0
9/12/2025 12:15,5492.0,5493.0,5482.0,5483.0,1000.0
9/12/2025 12:20,5482.5,5484.5,5479.0,5480.0,1000.0
9/12/2025 12:25,5480.0,5481.0,5472.0,5475.5,1000.0
9/12/2025 12:30,5475.5,5476.0,5461.5,5465.0,1000.0
9/12/2025 12:35,5464.5,5465.5,5453.5,5461.5,1000.0
9/12/2025 12:40,5461.5,5462.0,5452.5,5453.5,1000.0
9/12/2025 12:45,5453.5,5462.0,5453.5,5460.0,1000.0
9/12/2025 12:50,5459.5,5461.5,5457.5,5459.0,1000.0
9/12/2025 12:55,5458.5,5463.5,5456.0,5458.5,1000.0
9/12/2025 13:00,5458.5,5459.0,5450.0,5451.5,1000.0
9/12/2025 13:05,5451.0,5459.0,5450.5,5459.0,1000.0
9/12/2025 13:10,5458.5,5460.5,5454.0,5460.0,1000.0
9/12/2025 13:15,5459.5,5460.0,5453.0,5458.5,1000.0
9/12/2025 13:20,5458.0,5459.5,5455.5,5455.5,1000.0
9/12/2025 13:25,5456.0,5459.0,5453.5,5454.0,1000.0
9/12/2025 13:30,5454.0,5455.5,5447.0,5453.5,1000.0
9/12/2025 13:35,5453.5,5459.5,5452.5,5458.5,1000.0
9/12/2025 13:40,5459.0,5462.0,5455.5,5461.5,1000.0
9/12/2025 13:45,5462.0,5468.5,5459.5,5464.5,1000.0
9/12/2025 13:50,5464.5,5464.5,5458.0,5462.5,1000.0
9/12/2025 13:55,5462.5,5464.0,5460.5,5462.5,1000.0
9/12/2025 14:00,5462.5,5464.5,5459.5,5460.0,1000.0
9/12/2025 14:05,5460.0,5460.5,5456.0,5458.5,1000.0
9/12/2025 14:10,5458.0,5463.5,5457.5,5462.5,1000.0
9/12/2025 14:15,5463.0,5463.5,5459.0,5462.0,1000.0
9/12/2025 14:20,5462.0,5463.5,5459.5,5459.5,1000.0
9/12/2025 14:25,5459.5,5462.5,5459.0,5462.0,1000.0
9/12/2025 14:30,5462.0,5466.0,5460.5,5464.0,1000.0
9/12/2025 14:35,5464.0,5466.0,5463.0,5466.0,1000.0
9/12/2025 14:40,5466.0,5467.5,5465.0,5466.5,1000.0
9/12/2025 14:45,5466.5,5475.5,5466.0,5474.5,1000.0
9/12/2025 14:50,5475.0,5475.0,5469.0,5472.5,1000.0
9/12/2025 14:55,5472.5,5473.5,5469.5,5472.5,1000.0
9/12/2025 15:00,5473.0,5475.5,5471.5,5471.5,1000.0
9/12/2025 15:05,5471.5,5474.0,5468.0,5471.5,1000.0
9/12/2025 15:10,5472.0,5474.5,5470.5,5473.0,1000.0
9/12/2025 15:15,5473.0,5473.0,5466.0,5467.0,1000.0
9/12/2025 15:20,5467.5,5471.0,5467.0,5470.0,1000.0
9/12/2025 15:25,5469.5,5470.0,5467.0,5467.0,1000.0
9/12/2025 15:30,5467.5,5468.0,5465.0,5467.0,1000.0
9/12/2025 15:35,5467.0,5469.0,5466.5,5467.5,1000.0
9/12/2025 15:40,5467.0,5468.0,5467.0,5467.5,1000.0
9/12/2025 15:45,5467.0,5468.0,5464.0,5464.5,1000.0
9/12/2025 15:50,5465.0,5466.5,5462.5,5465.5,1000.0
9/12/2025 15:55,5465.5,5466.0,5463.5,5465.0,1000.0
9/12/2025 16:00,5464.5,5465.0,5460.5,5462.0,1000.0
9/12/2025 16:05,5461.5,5465.5,5461.5,5462.5,1000.0
9/12/2025 16:10,5462.5,5466.5,5462.5,5464.0,1000.0
9/12/2025 16:15,5464.0,5467.5,5463.5,5467.0,1000.0
9/12/2025 16:20,5466.5,5471.0,5466.0,5468.5,1000.0
9/12/2025 16:25,5468.5,5469.5,5465.0,5465.5,1000.0
9/12/2025 16:30,5465.5,5465.5,5460.5,5462.5,1000.0
9/12/2025 16:35,5462.5,5466.0,5462.5,5463.5,1000.0
9/12/2025 16:40,5463.0,5465.5,5463.0,5465.5,1000.0
9/12/2025 16:45,5465.5,5466.0,5460.5,5462.5,1000.0
9/12/2025 16:50,5462.5,5463.0,5458.0,5461.0,1000.0
9/12/2025 16:55,5461.0,5465.0,5460.5,5464.0,1000.0
9/12/2025 17:00,5463.5,5464.5,5458.0,5458.5,1000.0
9/12/2025 17:05,5458.5,5461.5,5457.5,5460.0,1000.0
9/12/2025 17:10,5460.0,5463.0,5460.0,5461.0,1000.0
9/12/2025 17:15,5461.0,5464.0,5461.0,5463.0,1000.0
9/12/2025 17:20,5462.5,5465.0,5462.5,5463.0,1000.0
9/12/2025 17:25,5463.5,5464.0,5461.5,5462.5,1000.0
9/12/2025 17:30,5462.0,5463.5,5461.5,5462.5,1000.0
9/12/2025 17:35,5462.5,5465.0,5461.5,5464.0,1000.0
9/12/2025 17:40,5464.5,5466.0,5464.0,5464.5,1000.0
9/12/2025 17:45,5464.0,5465.5,5463.0,5463.5,1000.0
9/12/2025 17:50,5464.0,5464.0,5461.5,5464.0,1000.0
9/12/2025 17:55,5463.5,5467.0,5463.0,5465.5,1000.0
9/12/2025 18:00,5465.5,5466.5,5462.0,5463.5,1000.0
9/12/2025 18:05,5463.5,5465.0,5463.0,5463.5,1000.0
9/12/2025 18:10,5463.5,5466.5,5463.0,5464.0,1000.0
9/12/2025 18:15,5464.0,5465.5,5463.0,5463.5,1000.0
9/12/2025 18:20,5464.0,5464.0,5460.0,5460.5,1000.0
9/12/2025 18:25,5461.0,5462.0,5459.0,5459.5,1000.0
9/12/2025 9:00,5449.0,5463.5,5446.0,5463.0,1000.0
9/12/2025 9:05,5463.0,5470.5,5460.0,5467.0,1000.0
9/12/2025 9:10,5466.5,5471.0,5464.0,5470.0,1000.0
9/12/2025 9:15,5470.5,5474.0,5468.5,5470.0,1000.0
9/12/2025 9:20,5470.5,5470.5,5456.5,5460.5,1000.0
9/12/2025 9:25,5461.0,5468.5,5459.0,5465.0,1000.0
9/12/2025 9:30,5465.5,5471.0,5464.5,5469.0,1000.0
9/12/2025 9:35,5469.0,5478.0,5469.0,5477.5,1000.0
9/12/2025 9:40,5477.5,5484.5,5476.0,5481.5,1000.0
9/12/2025 9:45,5481.5,5489.5,5481.0,5481.0,1000.0
9/12/2025 9:50,5481.0,5486.0,5477.5,5486.0,1000.0
9/12/2025 9:55,5485.5,5495.0,5483.5,5492.5,1000.0
9/2/2026 10:00,5226.0,5226.0,5219.0,5222.0,1000.0
9/2/2026 10:05,5221.5,5222.0,5212.0,5214.0,1000.0
9/2/2026 10:10,5213.5,5217.0,5212.0,5217.0,1000.0
9/2/2026 10:15,5216.5,5219.5,5214.5,5219.0,1000.0
9/2/2026 10:20,5219.0,5219.5,5211.0,5211.0,1000.0
9/2/2026 10:25,5211.5,5217.0,5210.5,5216.0,1000.0
9/2/2026 10:30,5216.5,5221.5,5214.5,5221.5,1000.0
9/2/2026 10:35,5221.0,5228.0,5219.0,5227.5,1000.0
9/2/2026 10:40,5228.0,5228.5,5221.0,5222.5,1000.0
9/2/2026 10:45,5222.5,5228.5,5222.0,5224.0,1000.0
9/2/2026 10:50,5224.0,5232.5,5224.0,5230.0,1000.0
9/2/2026 10:55,5230.0,5231.5,5227.5,5230.5,1000.0
9/2/2026 11:00,5231.0,5232.0,5225.0,5227.0,1000.0
9/2/2026 11:05,5227.0,5227.5,5222.5,5226.0,1000.0
9/2/2026 11:10,5226.0,5226.5,5223.5,5225.0,1000.0
9/2/2026 11:15,5224.5,5226.5,5222.5,5224.5,1000.0
9/2/2026 11:20,5224.5,5226.5,5222.0,5224.5,1000.0
9/2/2026 11:25,5225.0,5225.5,5221.0,5222.5,1000.0
9/2/2026 11:30,5222.5,5225.0,5221.5,5223.0,1000.0
9/2/2026 11:35,5223.0,5225.5,5212.0,5212.5,1000.0
9/2/2026 11:40,5212.5,5215.0,5210.0,5211.0,1000.0
9/2/2026 11:45,5211.0,5213.5,5208.0,5213.0,1000.0
9/2/2026 11:50,5213.0,5218.0,5212.5,5215.0,1000.0
9/2/2026 11:55,5214.5,5215.0,5206.5,5209.5,1000.0
9/2/2026 12:00,5210.0,5210.5,5204.0,5204.5,1000.0
9/2/2026 12:05,5204.5,5207.5,5202.5,5206.0,1000.0
9/2/2026 12:10,5206.0,5207.5,5204.5,5206.5,1000.0
9/2/2026 12:15,5206.0,5207.0,5203.5,5207.0,1000.0
9/2/2026 12:20,5207.0,5208.5,5206.0,5208.5,1000.0
9/2/2026 12:25,5208.0,5209.5,5206.5,5206.5,1000.0
9/2/2026 12:30,5206.5,5207.0,5204.0,5206.0,1000.0
9/2/2026 12:35,5205.5,5206.5,5200.5,5201.0,1000.0
9/2/2026 12:40,5201.0,5204.5,5200.5,5203.0,1000.0
9/2/2026 12:45,5203.0,5204.5,5202.0,5203.5,1000.0
9/2/2026 12:50,5203.5,5204.5,5201.0,5202.0,1000.0
9/2/2026 12:55,5202.0,5202.5,5197.0,5197.5,1000.0
9/2/2026 13:00,5197.5,5198.5,5195.0,5197.5,1000.0
9/2/2026 13:05,5197.5,5201.0,5196.5,5197.5,1000.0
9/2/2026 13:10,5197.5,5203.0,5197.5,5200.0,1000.0
9/2/2026 13:15,5200.0,5203.5,5200.0,5203.0,1000.0
9/2/2026 13:20,5203.0,5204.0,5201.5,5203.0,1000.0
9/2/2026 13:25,5202.5,5209.0,5202.0,5208.5,1000.0
9/2/2026 13:30,5208.5,5213.0,5207.5,5212.0,1000.0
9/2/2026 13:35,5212.0,5213.0,5209.5,5211.0,1000.0
9/2/2026 13:40,5211.0,5211.5,5210.5,5211.0,1000.0
9/2/2026 13:45,5211.0,5213.5,5211.0,5211.5,1000.0
9/2/2026 13:50,5211.5,5215.5,5211.5,5213.0,1000.0
9/2/2026 13:55,5213.0,5213.5,5209.0,5212.5,1000.0
9/2/2026 14:00,5212.0,5215.5,5211.0,5213.0,1000.0
9/2/2026 14:05,5213.5,5213.5,5208.0,5208.5,1000.0
9/2/2026 14:10,5208.0,5208.5,5204.0,5207.5,1000.0
9/2/2026 14:15,5207.0,5208.5,5206.0,5208.5,1000.0
9/2/2026 14:20,5208.5,5209.0,5207.5,5208.0,1000.0
9/2/2026 14:25,5208.5,5212.5,5208.0,5211.0,1000.0
9/2/2026 14:30,5210.5,5212.5,5209.0,5212.0,1000.0
9/2/2026 14:35,5211.5,5214.0,5211.0,5211.5,1000.0
9/2/2026 14:40,5211.5,5214.5,5211.5,5213.5,1000.0
9/2/2026 14:45,5213.0,5213.5,5210.5,5211.0,1000.0
9/2/2026 14:50,5211.0,5213.0,5210.0,5213.0,1000.0
9/2/2026 14:55,5213.0,5213.0,5211.0,5211.5,1000.0
9/2/2026 15:00,5212.0,5212.5,5209.5,5210.5,1000.0
9/2/2026 15:05,5210.5,5211.0,5209.0,5209.5,1000.0
9/2/2026 15:10,5210.0,5211.5,5208.0,5208.5,1000.0
9/2/2026 15:15,5209.0,5210.0,5207.5,5208.5,1000.0
9/2/2026 15:20,5209.0,5226.5,5208.5,5215.5,1000.0
9/2/2026 15:25,5215.0,5216.5,5211.5,5214.5,1000.0
9/2/2026 15:30,5214.5,5219.0,5213.5,5217.5,1000.0
9/2/2026 15:35,5217.5,5221.5,5216.0,5218.5,1000.0
9/2/2026 15:40,5218.5,5220.0,5216.0,5216.5,1000.0
9/2/2026 15:45,5216.5,5218.5,5214.5,5216.0,1000.0
9/2/2026 15:50,5216.0,5217.5,5214.0,5216.0,1000.0
9/2/2026 15:55,5215.5,5216.0,5211.5,5212.5,1000.0
9/2/2026 16:00,5212.5,5215.5,5212.0,5213.0,1000.0
9/2/2026 16:05,5213.0,5214.5,5212.0,5214.5,1000.0
9/2/2026 16:10,5214.5,5215.5,5213.0,5214.0,1000.0
9/2/2026 16:15,5214.0,5215.0,5212.0,5212.0,1000.0
9/2/2026 16:20,5212.5,5213.0,5210.5,5211.0,1000.0
9/2/2026 16:25,5211.0,5211.5,5208.5,5209.0,1000.0
9/2/2026 16:30,5209.0,5209.5,5206.5,5209.0,1000.0
9/2/2026 16:35,5209.0,5210.0,5207.0,5208.0,1000.0
9/2/2026 16:40,5207.5,5208.0,5205.5,5207.0,1000.0
9/2/2026 16:45,5207.5,5209.0,5206.5,5209.0,1000.0
9/2/2026 16:50,5209.0,5210.0,5208.0,5209.0,1000.0
9/2/2026 16:55,5209.0,5209.0,5208.0,5208.5,1000.0
9/2/2026 17:00,5208.5,5211.0,5207.5,5210.5,1000.0
9/2/2026 17:05,5210.0,5210.5,5208.0,5209.0,1000.0
9/2/2026 17:10,5209.5,5209.5,5207.5,5208.0,1000.0
9/2/2026 17:15,5208.0,5211.5,5207.5,5210.5,1000.0
9/2/2026 17:20,5211.0,5212.0,5209.5,5211.0,1000.0
9/2/2026 17:25,5211.0,5212.0,5210.5,5210.5,1000.0
9/2/2026 17:30,5211.0,5211.0,5208.0,5210.0,1000.0
9/2/2026 17:35,5210.5,5213.5,5209.5,5212.5,1000.0
9/2/2026 17:40,5212.0,5213.5,5210.0,5210.5,1000.0
9/2/2026 17:45,5210.0,5210.5,5208.5,5210.0,1000.0
9/2/2026 17:50,5210.0,5212.0,5208.5,5211.0,1000.0
9/2/2026 17:55,5211.0,5214.5,5210.5,5213.0,1000.0
9/2/2026 18:00,5213.0,5214.0,5212.0,5213.0,1000.0
9/2/2026 18:05,5213.0,5214.5,5213.0,5213.5,1000.0
9/2/2026 18:10,5214.0,5216.5,5213.5,5215.5,1000.0
9/2/2026 18:15,5215.5,5217.5,5215.0,5216.5,1000.0
9/2/2026 18:20,5216.0,5217.5,5215.5,5216.0,1000.0
9/2/2026 18:25,5216.0,5219.0,5216.0,5216.5,1000.0
9/2/2026 9:00,5230.0,5231.5,5221.5,5228.5,1000.0
9/2/2026 9:05,5229.0,5233.5,5224.0,5227.5,1000.0
9/2/2026 9:10,5227.5,5228.5,5217.5,5223.0,1000.0
9/2/2026 9:15,5223.0,5226.0,5219.0,5224.0,1000.0
9/2/2026 9:20,5224.0,5225.0,5217.0,5220.0,1000.0
9/2/2026 9:25,5220.5,5225.5,5219.0,5225.0,1000.0
9/2/2026 9:30,5225.5,5229.5,5221.0,5228.0,1000.0
9/2/2026 9:35,5228.0,5228.5,5221.0,5222.5,1000.0
9/2/2026 9:40,5222.5,5226.5,5222.0,5225.0,1000.0
9/2/2026 9:45,5225.5,5227.0,5221.0,5222.5,1000.0
9/2/2026 9:50,5222.5,5227.5,5222.0,5225.5,1000.0
9/2/2026 9:55,5226.0,5231.5,5225.5,5226.0,1000.0
9/3/2026 10:00,5269.0,5270.0,5258.0,5259.5,1000.0
9/3/2026 10:05,5260.0,5268.5,5259.5,5260.5,1000.0
9/3/2026 10:10,5260.5,5261.0,5248.0,5251.0,1000.0
9/3/2026 10:15,5251.5,5256.5,5249.0,5255.0,1000.0
9/3/2026 10:20,5254.5,5258.0,5249.0,5250.5,1000.0
9/3/2026 10:25,5250.5,5252.5,5247.5,5249.5,1000.0
9/3/2026 10:30,5249.0,5251.0,5243.5,5244.5,1000.0
9/3/2026 10:35,5244.5,5251.0,5242.0,5249.0,1000.0
9/3/2026 10:40,5249.5,5254.0,5242.5,5247.5,1000.0
9/3/2026 10:45,5247.0,5253.0,5244.0,5250.5,1000.0
9/3/2026 10:50,5250.5,5252.0,5246.5,5246.5,1000.0
9/3/2026 10:55,5246.5,5252.0,5244.0,5245.5,1000.0
9/3/2026 11:00,5245.0,5247.0,5238.0,5238.5,1000.0
9/3/2026 11:05,5238.5,5257.0,5237.5,5250.5,1000.0
9/3/2026 11:10,5250.5,5261.5,5250.0,5255.0,1000.0
9/3/2026 11:15,5254.5,5255.0,5246.5,5249.5,1000.0
9/3/2026 11:20,5250.0,5252.0,5239.5,5240.0,1000.0
9/3/2026 11:25,5240.0,5242.5,5234.0,5239.0,1000.0
9/3/2026 11:30,5239.0,5240.5,5235.0,5239.5,1000.0
9/3/2026 11:35,5240.0,5243.5,5237.0,5239.0,1000.0
9/3/2026 11:40,5239.5,5243.5,5236.5,5237.0,1000.0
9/3/2026 11:45,5237.0,5243.0,5236.5,5241.0,1000.0
9/3/2026 11:50,5241.0,5243.0,5234.5,5236.5,1000.0
9/3/2026 11:55,5236.5,5241.5,5235.0,5237.0,1000.0
9/3/2026 12:00,5236.5,5238.0,5234.5,5234.5,1000.0
9/3/2026 12:05,5235.0,5237.0,5232.0,5236.0,1000.0
9/3/2026 12:10,5235.5,5238.0,5235.0,5237.0,1000.0
9/3/2026 12:15,5237.0,5243.0,5236.5,5240.5,1000.0
9/3/2026 12:20,5240.5,5241.0,5236.5,5239.0,1000.0
9/3/2026 12:25,5239.0,5240.0,5235.5,5238.0,1000.0
9/3/2026 12:30,5238.0,5244.0,5237.0,5243.0,1000.0
9/3/2026 12:35,5242.5,5251.5,5242.5,5246.5,1000.0
9/3/2026 12:40,5247.0,5249.0,5245.5,5247.5,1000.0
9/3/2026 12:45,5247.5,5252.0,5244.5,5251.5,1000.0
9/3/2026 12:50,5251.0,5253.5,5243.5,5243.5,1000.0
9/3/2026 12:55,5244.0,5245.0,5239.5,5239.5,1000.0
9/3/2026 13:00,5239.5,5242.0,5233.0,5237.0,1000.0
9/3/2026 13:05,5236.5,5240.5,5236.0,5240.0,1000.0
9/3/2026 13:10,5240.0,5242.0,5239.0,5241.0,1000.0
9/3/2026 13:15,5241.0,5243.0,5240.0,5242.5,1000.0
9/3/2026 13:20,5243.0,5248.0,5239.5,5240.0,1000.0
9/3/2026 13:25,5240.0,5242.0,5238.5,5241.5,1000.0
9/3/2026 13:30,5241.0,5247.5,5240.0,5245.5,1000.0
9/3/2026 13:35,5245.5,5246.0,5240.0,5243.0,1000.0
9/3/2026 13:40,5243.5,5245.5,5239.0,5239.5,1000.0
9/3/2026 13:45,5240.0,5241.0,5238.0,5240.5,1000.0
9/3/2026 13:50,5240.0,5243.0,5238.0,5242.0,1000.0
9/3/2026 13:55,5242.0,5245.0,5240.5,5244.0,1000.0
9/3/2026 14:00,5243.5,5247.0,5243.0,5246.5,1000.0
9/3/2026 14:05,5246.5,5247.5,5244.0,5245.0,1000.0
9/3/2026 14:10,5245.5,5247.5,5244.0,5245.5,1000.0
9/3/2026 14:15,5245.0,5252.0,5244.5,5250.0,1000.0
9/3/2026 14:20,5250.5,5253.5,5249.5,5252.5,1000.0
9/3/2026 14:25,5252.5,5253.0,5249.5,5251.5,1000.0
9/3/2026 14:30,5252.0,5252.5,5250.5,5252.0,1000.0
9/3/2026 14:35,5251.5,5252.5,5250.0,5252.0,1000.0
9/3/2026 14:40,5251.5,5255.0,5251.0,5252.0,1000.0
9/3/2026 14:45,5252.0,5252.0,5246.0,5247.0,1000.0
9/3/2026 14:50,5247.5,5250.0,5247.0,5247.5,1000.0
9/3/2026 14:55,5247.5,5249.5,5246.5,5248.5,1000.0
9/3/2026 15:00,5248.5,5248.5,5242.5,5243.5,1000.0
9/3/2026 15:05,5244.0,5244.5,5240.0,5243.5,1000.0
9/3/2026 15:10,5244.0,5244.5,5239.5,5240.5,1000.0
9/3/2026 15:15,5241.0,5241.5,5239.0,5240.5,1000.0
9/3/2026 15:20,5241.0,5241.0,5235.5,5236.5,1000.0
9/3/2026 15:25,5236.5,5238.0,5235.5,5237.5,1000.0
9/3/2026 15:30,5237.0,5238.0,5234.5,5236.0,1000.0
9/3/2026 15:35,5235.5,5236.5,5232.5,5235.0,1000.0
9/3/2026 15:40,5235.0,5235.5,5232.5,5234.0,1000.0
9/3/2026 15:45,5233.5,5234.5,5232.5,5234.0,1000.0
9/3/2026 15:50,5234.0,5236.0,5233.5,5235.5,1000.0
9/3/2026 15:55,5235.5,5238.0,5234.5,5237.5,1000.0
9/3/2026 16:00,5237.0,5237.5,5230.5,5231.0,1000.0
9/3/2026 16:05,5231.5,5233.5,5229.0,5229.5,1000.0
9/3/2026 16:10,5229.5,5230.5,5229.0,5230.0,1000.0
9/3/2026 16:15,5230.0,5230.0,5178.0,5185.5,1000.0
9/3/2026 16:20,5185.5,5231.0,5185.0,5209.5,1000.0
9/3/2026 16:25,5209.0,5212.0,5201.5,5202.5,1000.0
9/3/2026 16:30,5202.5,5208.5,5189.0,5196.0,1000.0
9/3/2026 16:35,5196.5,5202.0,5192.5,5193.5,1000.0
9/3/2026 16:40,5194.0,5204.0,5193.5,5195.5,1000.0
9/3/2026 16:45,5196.0,5199.5,5191.5,5194.5,1000.0
9/3/2026 16:50,5194.0,5200.0,5194.0,5198.0,1000.0
9/3/2026 16:55,5198.0,5200.0,5194.0,5196.0,1000.0
9/3/2026 17:00,5196.0,5198.0,5192.5,5196.0,1000.0
9/3/2026 17:05,5196.0,5205.5,5195.5,5205.0,1000.0
9/3/2026 17:10,5204.5,5204.5,5195.5,5197.0,1000.0
9/3/2026 17:15,5197.0,5198.5,5195.0,5197.0,1000.0
9/3/2026 17:20,5197.0,5198.5,5190.0,5190.5,1000.0
9/3/2026 17:25,5190.0,5193.0,5188.0,5188.5,1000.0
9/3/2026 17:30,5189.0,5197.0,5188.5,5193.0,1000.0
9/3/2026 17:35,5193.0,5198.0,5191.5,5194.0,1000.0
9/3/2026 17:40,5194.5,5195.5,5190.0,5191.5,1000.0
9/3/2026 17:45,5191.0,5192.0,5189.5,5191.5,1000.0
9/3/2026 17:50,5191.0,5191.5,5188.0,5189.0,1000.0
9/3/2026 17:55,5189.5,5192.0,5186.0,5190.5,1000.0
9/3/2026 18:00,5190.5,5194.0,5187.5,5190.5,1000.0
9/3/2026 18:05,5190.0,5191.5,5189.5,5190.5,1000.0
9/3/2026 18:10,5190.0,5191.0,5188.0,5189.5,1000.0
9/3/2026 18:15,5189.5,5190.5,5188.0,5190.0,1000.0
9/3/2026 18:20,5189.5,5195.0,5185.5,5191.5,1000.0
9/3/2026 18:25,5192.5,5198.5,5191.0,5197.0,1000.0
9/3/2026 9:00,5312.5,5317.5,5303.5,5305.5,1000.0
9/3/2026 9:05,5305.5,5307.0,5290.0,5297.0,1000.0
9/3/2026 9:10,5297.0,5300.5,5290.0,5290.0,1000.0
9/3/2026 9:15,5290.0,5295.0,5286.0,5293.5,1000.0
9/3/2026 9:20,5293.5,5294.0,5288.5,5290.5,1000.0
9/3/2026 9:25,5290.0,5293.0,5281.0,5281.0,1000.0
9/3/2026 9:30,5281.0,5288.0,5275.5,5286.0,1000.0
9/3/2026 9:35,5286.0,5289.5,5282.5,5286.5,1000.0
9/3/2026 9:40,5286.0,5288.0,5281.0,5285.0,1000.0
9/3/2026 9:45,5285.0,5286.0,5278.5,5285.0,1000.0
9/3/2026 9:50,5284.5,5289.0,5283.0,5284.0,1000.0
9/3/2026 9:55,5284.0,5285.0,5268.5,5269.0,1000.0
